Date,Close,raw_score,P_up,P_down,confidence,du_bao,thuc_te,dung
2020-02-19 00:00:00-05:00,1607.5,0.8368736505508423,0.6978063583374023,0.30219364166259766,0.6978063583374023,1,1,1
2020-02-20 00:00:00-05:00,1616.599976,0.5698724985122681,0.6387337446212769,0.36126625537872314,0.6387337446212769,1,1,1
2020-02-21 00:00:00-05:00,1644.599976,0.24382467567920685,0.560655951499939,0.43934404850006104,0.560655951499939,1,1,1
2020-02-22 00:00:00-05:00,1653.8666586666666,-0.024968452751636505,0.4937582015991211,0.5062417984008789,0.5062417984008789,0,1,0
2020-02-23 00:00:00-05:00,1663.1333413333334,0.2788867950439453,0.5692732930183411,0.43072670698165894,0.5692732930183411,1,1,1
2020-02-24 00:00:00-05:00,1672.400024,0.35048815608024597,0.5867359638214111,0.41326403617858887,0.5867359638214111,1,0,0
2020-02-25 00:00:00-05:00,1646.900024,-1.062140941619873,0.25690051913261414,0.7430994808673859,0.7430994808673859,0,0,1
2020-02-26 00:00:00-05:00,1640.0,-0.8495678901672363,0.2995235025882721,0.7004764974117279,0.7004764974117279,0,0,1
2020-02-27 00:00:00-05:00,1640.0,-0.8658307194709778,0.29612258076667786,0.7038774192333221,0.7038774192333221,0,0,1
2020-02-28 00:00:00-05:00,1564.099976,0.4916810691356659,0.6205023527145386,0.3794976472854614,0.6205023527145386,1,1,1
2020-02-29 00:00:00-05:00,1573.5000003333332,0.3603793680667877,0.5891322493553162,0.41086775064468384,0.5891322493553162,1,1,1
2020-03-01 00:00:00-05:00,1582.9000246666667,0.24053682386875153,0.5598459243774414,0.4401540756225586,0.5598459243774414,1,1,1
2020-03-02 00:00:00-05:00,1592.300049,-0.462336003780365,0.38643181324005127,0.6135681867599487,0.6135681867599487,0,1,0
2020-03-03 00:00:00-05:00,1642.099976,-0.3523898720741272,0.4128030240535736,0.5871969759464264,0.5871969759464264,0,0,1
2020-03-04 00:00:00-05:00,1641.099976,-0.2502034604549408,0.4377734065055847,0.5622265934944153,0.5622265934944153,0,1,0
2020-03-05 00:00:00-05:00,1666.400024,-1.0786194801330566,0.25376737117767334,0.7462326288223267,0.7462326288223267,0,1,0
2020-03-06 00:00:00-05:00,1670.800049,-1.0477322340011597,0.2596608102321625,0.7403391897678375,0.7403391897678375,0,1,0
2020-03-07 00:00:00-05:00,1671.7112522157677,-0.5107319355010986,0.37502196431159973,0.6249780356884003,0.6249780356884003,0,1,0
2020-03-08 00:00:00-05:00,1672.6224554315352,0.15076231956481934,0.5376193523406982,0.46238064765930176,0.5376193523406982,1,1,1
2020-03-09 00:00:00-05:00,1673.533658647303,0.20803365111351013,0.5518216490745544,0.44817835092544556,0.5518216490745544,1,1,1
2020-03-10 00:00:00-05:00,1674.4448618630704,0.6752671599388123,0.6626815795898438,0.33731842041015625,0.6626815795898438,1,1,1
2020-03-11 00:00:00-05:00,1675.356065078838,0.7158052921295166,0.671682596206665,0.32831740379333496,0.671682596206665,1,1,1
2020-03-12 00:00:00-05:00,1676.267268294606,0.7868269681930542,0.6871495842933655,0.3128504157066345,0.6871495842933655,1,1,1
2020-03-13 00:00:00-05:00,1677.1784715103734,1.2135831117630005,0.7709323167800903,0.22906768321990967,0.7709323167800903,1,1,1
2020-03-14 00:00:00-05:00,1678.089674726141,1.4218538999557495,0.8056288361549377,0.19437116384506226,0.8056288361549377,1,1,1
2020-03-15 00:00:00-05:00,1679.0008779419086,1.3751788139343262,0.7982155680656433,0.2017844319343567,0.7982155680656433,1,1,1
2020-03-16 00:00:00-05:00,1679.9120811576763,1.3751788139343262,0.7982155680656433,0.2017844319343567,0.7982155680656433,1,1,1
2020-03-17 00:00:00-05:00,1680.823284373444,1.2577134370803833,0.7786322236061096,0.22136777639389038,0.7786322236061096,1,1,1
2020-03-18 00:00:00-05:00,1681.7344875892115,2.234598159790039,0.9033136963844299,0.09668630361557007,0.9033136963844299,1,1,1
2020-03-19 00:00:00-05:00,1682.6456908049793,2.5562233924865723,0.9279904961585999,0.07200950384140015,0.9279904961585999,1,1,1
2020-03-20 00:00:00-05:00,1683.5568940207468,2.6261253356933594,0.9325242042541504,0.06747579574584961,0.9325242042541504,1,1,1
2020-03-21 00:00:00-05:00,1684.4680972365145,2.5711960792541504,0.9289846420288086,0.0710153579711914,0.9289846420288086,1,1,1
2020-03-22 00:00:00-05:00,1685.379300452282,2.3556909561157227,0.9133854508399963,0.08661454916000366,0.9133854508399963,1,1,1
2020-03-23 00:00:00-05:00,1686.2905036680495,2.6642634868621826,0.9348846673965454,0.06511533260345459,0.9348846673965454,1,1,1
2020-03-24 00:00:00-05:00,1687.2017068838177,3.010610580444336,0.9530512094497681,0.046948790550231934,0.9530512094497681,1,1,1
2020-03-25 00:00:00-05:00,1688.112910099585,3.8686602115631104,0.979541003704071,0.020458996295928955,0.979541003704071,1,1,1
2020-03-26 00:00:00-05:00,1689.024113315353,3.8686602115631104,0.979541003704071,0.020458996295928955,0.979541003704071,1,1,1
2020-03-27 00:00:00-05:00,1689.9353165311202,3.978623867034912,0.9816323518753052,0.018367648124694824,0.9816323518753052,1,1,1
2020-03-28 00:00:00-05:00,1690.846519746888,3.978623867034912,0.9816323518753052,0.018367648124694824,0.9816323518753052,1,1,1
2020-03-29 00:00:00-05:00,1691.7577229626556,3.7972240447998047,0.9780592918395996,0.02194070816040039,0.9780592918395996,1,1,1
2020-03-30 00:00:00-05:00,1692.6689261784231,3.9038169384002686,0.9802337288856506,0.019766271114349365,0.9802337288856506,1,1,1
2020-03-31 00:00:00-05:00,1693.5801293941909,3.8983805179595947,0.9801281094551086,0.019871890544891357,0.9801281094551086,1,1,1
2020-04-01 00:00:00-05:00,1694.4913326099584,4.08158016204834,0.9833994507789612,0.01660054922103882,0.9833994507789612,1,1,1
2020-04-02 00:00:00-05:00,1695.402535825726,4.08158016204834,0.9833994507789612,0.01660054922103882,0.9833994507789612,1,1,1
2020-04-03 00:00:00-05:00,1696.3137390414938,4.120218276977539,0.9840186238288879,0.01598137617111206,0.9840186238288879,1,1,1
2020-04-04 00:00:00-05:00,1697.224942257261,4.164909839630127,0.984706461429596,0.015293538570404053,0.984706461429596,1,1,1
2020-04-05 00:00:00-05:00,1698.136145473029,4.248761177062988,0.9859192371368408,0.01408076286315918,0.9859192371368408,1,1,1
2020-04-06 00:00:00-05:00,1699.0473486887963,4.208740711212158,0.9853526949882507,0.014647305011749268,0.9853526949882507,1,1,1
2020-04-07 00:00:00-05:00,1699.9585519045645,4.208740711212158,0.9853526949882507,0.014647305011749268,0.9853526949882507,1,1,1
2020-04-08 00:00:00-05:00,1700.869755120332,4.226940631866455,0.9856130480766296,0.014386951923370361,0.9856130480766296,1,1,1
2020-04-09 00:00:00-05:00,1701.7809583360995,4.226940631866455,0.9856130480766296,0.014386951923370361,0.9856130480766296,1,1,1
2020-04-10 00:00:00-05:00,1702.6921615518672,4.226940631866455,0.9856130480766296,0.014386951923370361,0.9856130480766296,1,1,1
2020-04-11 00:00:00-05:00,1703.6033647676347,4.198713779449463,0.985207200050354,0.014792799949645996,0.985207200050354,1,1,1
2020-04-12 00:00:00-05:00,1704.5145679834025,4.199309349060059,0.9852159023284912,0.014784097671508789,0.9852159023284912,1,1,1
2020-04-13 00:00:00-05:00,1705.4257711991702,4.199309349060059,0.9852159023284912,0.014784097671508789,0.9852159023284912,1,1,1
2020-04-14 00:00:00-05:00,1706.3369744149377,4.199309349060059,0.9852159023284912,0.014784097671508789,0.9852159023284912,1,1,1
2020-04-15 00:00:00-05:00,1707.2481776307054,4.199309349060059,0.9852159023284912,0.014784097671508789,0.9852159023284912,1,1,1
2020-04-16 00:00:00-05:00,1708.159380846473,4.199309349060059,0.9852159023284912,0.014784097671508789,0.9852159023284912,1,1,1
2020-04-17 00:00:00-05:00,1709.0705840622406,4.199309349060059,0.9852159023284912,0.014784097671508789,0.9852159023284912,1,1,1
2020-04-18 00:00:00-05:00,1709.981787278008,4.452780246734619,0.9884878993034363,0.01151210069656372,0.9884878993034363,1,1,1
2020-04-19 00:00:00-05:00,1710.892990493776,4.469574928283691,0.988677442073822,0.011322557926177979,0.988677442073822,1,1,1
2020-04-20 00:00:00-05:00,1711.8041937095436,4.634082794189453,0.9903784990310669,0.009621500968933105,0.9903784990310669,1,1,1
2020-04-21 00:00:00-05:00,1712.715396925311,4.634082794189453,0.9903784990310669,0.009621500968933105,0.9903784990310669,1,1,1
2020-04-22 00:00:00-05:00,1713.6266001410788,4.583134174346924,0.9898806810379028,0.010119318962097168,0.9898806810379028,1,1,1
2020-04-23 00:00:00-05:00,1714.5378033568463,4.641034126281738,0.9904444813728333,0.009555518627166748,0.9904444813728333,1,1,1
2020-04-24 00:00:00-05:00,1715.449006572614,4.643403053283691,0.9904668927192688,0.009533107280731201,0.9904668927192688,1,1,1
2020-04-25 00:00:00-05:00,1716.3602097883818,4.594362735748291,0.9899924397468567,0.01000756025314331,0.9899924397468567,1,1,1
2020-04-26 00:00:00-05:00,1717.2714130041493,4.594362735748291,0.9899924397468567,0.01000756025314331,0.9899924397468567,1,1,1
2020-04-27 00:00:00-05:00,1718.182616219917,4.594362735748291,0.9899924397468567,0.01000756025314331,0.9899924397468567,1,1,1
2020-04-28 00:00:00-05:00,1719.0938194356845,4.594362735748291,0.9899924397468567,0.01000756025314331,0.9899924397468567,1,1,1
2020-04-29 00:00:00-05:00,1720.0050226514522,4.594362735748291,0.9899924397468567,0.01000756025314331,0.9899924397468567,1,1,1
2020-04-30 00:00:00-05:00,1720.91622586722,4.559674263000488,0.9896429181098938,0.010357081890106201,0.9896429181098938,1,1,1
2020-05-01 00:00:00-05:00,1721.8274290829877,4.541903495788574,0.9894591569900513,0.01054084300994873,0.9894591569900513,1,1,1
2020-05-02 00:00:00-05:00,1722.7386322987552,4.541903495788574,0.9894591569900513,0.01054084300994873,0.9894591569900513,1,1,1
2020-05-03 00:00:00-05:00,1723.6498355145227,4.541903495788574,0.9894591569900513,0.01054084300994873,0.9894591569900513,1,1,1
2020-05-04 00:00:00-05:00,1724.5610387302904,4.541903495788574,0.9894591569900513,0.01054084300994873,0.9894591569900513,1,1,1
2020-05-05 00:00:00-05:00,1725.472241946058,4.541903495788574,0.9894591569900513,0.01054084300994873,0.9894591569900513,1,1,1
2020-05-06 00:00:00-05:00,1726.3834451618256,4.541903495788574,0.9894591569900513,0.01054084300994873,0.9894591569900513,1,1,1
2020-05-07 00:00:00-05:00,1727.2946483775934,4.541903495788574,0.9894591569900513,0.01054084300994873,0.9894591569900513,1,1,1
2020-05-08 00:00:00-05:00,1728.2058515933609,4.541903495788574,0.9894591569900513,0.01054084300994873,0.9894591569900513,1,1,1
2020-05-09 00:00:00-05:00,1729.1170548091286,4.541903495788574,0.9894591569900513,0.01054084300994873,0.9894591569900513,1,1,1
2020-05-10 00:00:00-05:00,1730.0282580248963,4.541903495788574,0.9894591569900513,0.01054084300994873,0.9894591569900513,1,1,1
2020-05-11 00:00:00-05:00,1730.9394612406638,4.541903495788574,0.9894591569900513,0.01054084300994873,0.9894591569900513,1,1,1
2020-05-12 00:00:00-05:00,1731.8506644564316,4.541903495788574,0.9894591569900513,0.01054084300994873,0.9894591569900513,1,1,1
2020-05-13 00:00:00-05:00,1732.761867672199,4.541903495788574,0.9894591569900513,0.01054084300994873,0.9894591569900513,1,1,1
2020-05-14 00:00:00-05:00,1733.6730708879668,4.541903495788574,0.9894591569900513,0.01054084300994873,0.9894591569900513,1,1,1
2020-05-15 00:00:00-05:00,1734.5842741037343,4.541903495788574,0.9894591569900513,0.01054084300994873,0.9894591569900513,1,1,1
2020-05-16 00:00:00-05:00,1735.495477319502,4.541903495788574,0.9894591569900513,0.01054084300994873,0.9894591569900513,1,1,1
2020-05-17 00:00:00-05:00,1736.4066805352695,4.541903495788574,0.9894591569900513,0.01054084300994873,0.9894591569900513,1,1,1
2020-05-18 00:00:00-05:00,1737.3178837510372,4.541903495788574,0.9894591569900513,0.01054084300994873,0.9894591569900513,1,1,1
2020-05-19 00:00:00-05:00,1738.229086966805,4.541903495788574,0.9894591569900513,0.01054084300994873,0.9894591569900513,1,1,1
2020-05-20 00:00:00-05:00,1739.1402901825727,4.541903495788574,0.9894591569900513,0.01054084300994873,0.9894591569900513,1,1,1
2020-05-21 00:00:00-05:00,1740.0514933983402,4.541903495788574,0.9894591569900513,0.01054084300994873,0.9894591569900513,1,1,1
2020-05-22 00:00:00-05:00,1740.962696614108,4.541903495788574,0.9894591569900513,0.01054084300994873,0.9894591569900513,1,1,1
2020-05-23 00:00:00-05:00,1741.8738998298754,4.541903495788574,0.9894591569900513,0.01054084300994873,0.9894591569900513,1,1,1
2020-05-24 00:00:00-05:00,1742.7851030456432,4.541903495788574,0.9894591569900513,0.01054084300994873,0.9894591569900513,1,1,1
2020-05-25 00:00:00-05:00,1743.6963062614109,4.541903495788574,0.9894591569900513,0.01054084300994873,0.9894591569900513,1,1,1
2020-05-26 00:00:00-05:00,1744.6075094771784,4.541903495788574,0.9894591569900513,0.01054084300994873,0.9894591569900513,1,1,1
2020-05-27 00:00:00-05:00,1745.518712692946,4.541903495788574,0.9894591569900513,0.01054084300994873,0.9894591569900513,1,1,1
2020-05-28 00:00:00-05:00,1746.4299159087136,4.541903495788574,0.9894591569900513,0.01054084300994873,0.9894591569900513,1,1,1
2020-05-29 00:00:00-05:00,1747.341119124481,4.541903495788574,0.9894591569900513,0.01054084300994873,0.9894591569900513,1,1,1
2020-05-30 00:00:00-05:00,1748.2523223402488,4.541903495788574,0.9894591569900513,0.01054084300994873,0.9894591569900513,1,1,1
2020-05-31 00:00:00-05:00,1749.1635255560166,4.541903495788574,0.9894591569900513,0.01054084300994873,0.9894591569900513,1,1,1
2020-06-01 00:00:00-05:00,1750.0747287717843,4.541903495788574,0.9894591569900513,0.01054084300994873,0.9894591569900513,1,1,1
2020-06-02 00:00:00-05:00,1750.9859319875518,4.541903495788574,0.9894591569900513,0.01054084300994873,0.9894591569900513,1,1,1
2020-06-03 00:00:00-05:00,1751.8971352033195,4.541903495788574,0.9894591569900513,0.01054084300994873,0.9894591569900513,1,1,1
2020-06-04 00:00:00-05:00,1752.808338419087,4.541903495788574,0.9894591569900513,0.01054084300994873,0.9894591569900513,1,1,1
2020-06-05 00:00:00-05:00,1753.7195416348547,4.541903495788574,0.9894591569900513,0.01054084300994873,0.9894591569900513,1,1,1
2020-06-06 00:00:00-05:00,1754.6307448506225,4.541903495788574,0.9894591569900513,0.01054084300994873,0.9894591569900513,1,1,1
2020-06-07 00:00:00-05:00,1755.54194806639,4.541903495788574,0.9894591569900513,0.01054084300994873,0.9894591569900513,1,1,1
2020-06-08 00:00:00-05:00,1756.4531512821577,4.541903495788574,0.9894591569900513,0.01054084300994873,0.9894591569900513,1,1,1
2020-06-09 00:00:00-05:00,1757.3643544979252,4.541903495788574,0.9894591569900513,0.01054084300994873,0.9894591569900513,1,1,1
2020-06-10 00:00:00-05:00,1758.275557713693,4.541903495788574,0.9894591569900513,0.01054084300994873,0.9894591569900513,1,1,1
2020-06-11 00:00:00-05:00,1759.186760929461,4.541903495788574,0.9894591569900513,0.01054084300994873,0.9894591569900513,1,1,1
2020-06-12 00:00:00-05:00,1760.0979641452282,4.541903495788574,0.9894591569900513,0.01054084300994873,0.9894591569900513,1,1,1
2020-06-13 00:00:00-05:00,1761.009167360996,4.541903495788574,0.9894591569900513,0.01054084300994873,0.9894591569900513,1,1,1
2020-06-14 00:00:00-05:00,1761.9203705767634,4.541903495788574,0.9894591569900513,0.01054084300994873,0.9894591569900513,1,1,1
2020-06-15 00:00:00-05:00,1762.8315737925311,4.541903495788574,0.9894591569900513,0.01054084300994873,0.9894591569900513,1,1,1
2020-06-16 00:00:00-05:00,1763.7427770082986,4.541903495788574,0.9894591569900513,0.01054084300994873,0.9894591569900513,1,1,1
2020-06-17 00:00:00-05:00,1764.6539802240663,4.541903495788574,0.9894591569900513,0.01054084300994873,0.9894591569900513,1,1,1
2020-06-18 00:00:00-05:00,1765.565183439834,4.541903495788574,0.9894591569900513,0.01054084300994873,0.9894591569900513,1,1,1
2020-06-19 00:00:00-05:00,1766.4763866556016,4.541903495788574,0.9894591569900513,0.01054084300994873,0.9894591569900513,1,1,1
2020-06-20 00:00:00-05:00,1767.3875898713693,4.541903495788574,0.9894591569900513,0.01054084300994873,0.9894591569900513,1,1,1
2020-06-21 00:00:00-05:00,1768.2987930871368,4.541903495788574,0.9894591569900513,0.01054084300994873,0.9894591569900513,1,1,1
2020-06-22 00:00:00-05:00,1769.2099963029043,4.541903495788574,0.9894591569900513,0.01054084300994873,0.9894591569900513,1,1,1
2020-06-23 00:00:00-05:00,1770.1211995186725,4.541903495788574,0.9894591569900513,0.01054084300994873,0.9894591569900513,1,1,1
2020-06-24 00:00:00-05:00,1771.0324027344398,4.541903495788574,0.9894591569900513,0.01054084300994873,0.9894591569900513,1,1,1
2020-06-25 00:00:00-05:00,1771.9436059502077,4.541903495788574,0.9894591569900513,0.01054084300994873,0.9894591569900513,1,1,1
2020-06-26 00:00:00-05:00,1772.854809165975,4.541903495788574,0.9894591569900513,0.01054084300994873,0.9894591569900513,1,1,1
2020-06-27 00:00:00-05:00,1773.7660123817427,4.541903495788574,0.9894591569900513,0.01054084300994873,0.9894591569900513,1,1,1
2020-06-28 00:00:00-05:00,1774.6772155975104,4.541903495788574,0.9894591569900513,0.01054084300994873,0.9894591569900513,1,1,1
2020-06-29 00:00:00-05:00,1775.588418813278,4.541903495788574,0.9894591569900513,0.01054084300994873,0.9894591569900513,1,1,1
2020-06-30 00:00:00-05:00,1776.4996220290457,4.541903495788574,0.9894591569900513,0.01054084300994873,0.9894591569900513,1,1,1
2020-07-01 00:00:00-05:00,1777.4108252448132,4.541903495788574,0.9894591569900513,0.01054084300994873,0.9894591569900513,1,1,1
2020-07-02 00:00:00-05:00,1778.322028460581,4.541903495788574,0.9894591569900513,0.01054084300994873,0.9894591569900513,1,1,1
2020-07-03 00:00:00-05:00,1779.2332316763486,4.541903495788574,0.9894591569900513,0.01054084300994873,0.9894591569900513,1,1,1
2020-07-04 00:00:00-05:00,1780.144434892116,4.541903495788574,0.9894591569900513,0.01054084300994873,0.9894591569900513,1,1,1
2020-07-05 00:00:00-05:00,1781.055638107884,4.541903495788574,0.9894591569900513,0.01054084300994873,0.9894591569900513,1,1,1
2020-07-06 00:00:00-05:00,1781.9668413236514,4.541903495788574,0.9894591569900513,0.01054084300994873,0.9894591569900513,1,1,1
2020-07-07 00:00:00-05:00,1782.878044539419,4.541903495788574,0.9894591569900513,0.01054084300994873,0.9894591569900513,1,1,1
2020-07-08 00:00:00-05:00,1783.7892477551868,4.541903495788574,0.9894591569900513,0.01054084300994873,0.9894591569900513,1,1,1
2020-07-09 00:00:00-05:00,1784.7004509709543,4.541903495788574,0.9894591569900513,0.01054084300994873,0.9894591569900513,1,1,1
2020-07-10 00:00:00-05:00,1785.611654186722,4.541903495788574,0.9894591569900513,0.01054084300994873,0.9894591569900513,1,1,1
2020-07-11 00:00:00-05:00,1786.5228574024895,4.541903495788574,0.9894591569900513,0.01054084300994873,0.9894591569900513,1,1,1
2020-07-12 00:00:00-05:00,1787.4340606182573,4.541903495788574,0.9894591569900513,0.01054084300994873,0.9894591569900513,1,1,1
2020-07-13 00:00:00-05:00,1788.345263834025,4.541903495788574,0.9894591569900513,0.01054084300994873,0.9894591569900513,1,1,1
2020-07-14 00:00:00-05:00,1789.2564670497925,4.541903495788574,0.9894591569900513,0.01054084300994873,0.9894591569900513,1,1,1
2020-07-15 00:00:00-05:00,1790.1676702655602,4.541903495788574,0.9894591569900513,0.01054084300994873,0.9894591569900513,1,1,1
2020-07-16 00:00:00-05:00,1791.0788734813275,4.541903495788574,0.9894591569900513,0.01054084300994873,0.9894591569900513,1,1,1
2020-07-17 00:00:00-05:00,1791.9900766970954,4.541903495788574,0.9894591569900513,0.01054084300994873,0.9894591569900513,1,1,1
2020-07-18 00:00:00-05:00,1792.9012799128632,4.541903495788574,0.9894591569900513,0.01054084300994873,0.9894591569900513,1,1,1
2020-07-19 00:00:00-05:00,1793.812483128631,4.541903495788574,0.9894591569900513,0.01054084300994873,0.9894591569900513,1,1,1
2020-07-20 00:00:00-05:00,1794.7236863443984,4.541903495788574,0.9894591569900513,0.01054084300994873,0.9894591569900513,1,1,1
2020-07-21 00:00:00-05:00,1795.634889560166,4.541903495788574,0.9894591569900513,0.01054084300994873,0.9894591569900513,1,1,1
2020-07-22 00:00:00-05:00,1796.5460927759336,4.541903495788574,0.9894591569900513,0.01054084300994873,0.9894591569900513,1,1,1
2020-07-23 00:00:00-05:00,1797.4572959917011,4.541903495788574,0.9894591569900513,0.01054084300994873,0.9894591569900513,1,1,1
2020-07-24 00:00:00-05:00,1798.3684992074689,4.541903495788574,0.9894591569900513,0.01054084300994873,0.9894591569900513,1,1,1
2020-07-25 00:00:00-05:00,1799.2797024232366,4.541903495788574,0.9894591569900513,0.01054084300994873,0.9894591569900513,1,1,1
2020-07-26 00:00:00-05:00,1800.190905639004,4.541903495788574,0.9894591569900513,0.01054084300994873,0.9894591569900513,1,1,1
2020-07-27 00:00:00-05:00,1801.1021088547718,4.541903495788574,0.9894591569900513,0.01054084300994873,0.9894591569900513,1,1,1
2020-07-28 00:00:00-05:00,1802.0133120705395,4.541903495788574,0.9894591569900513,0.01054084300994873,0.9894591569900513,1,1,1
2020-07-29 00:00:00-05:00,1802.924515286307,4.541903495788574,0.9894591569900513,0.01054084300994873,0.9894591569900513,1,1,1
2020-07-30 00:00:00-05:00,1803.8357185020748,4.541903495788574,0.9894591569900513,0.01054084300994873,0.9894591569900513,1,1,1
2020-07-31 00:00:00-05:00,1804.7469217178425,4.541903495788574,0.9894591569900513,0.01054084300994873,0.9894591569900513,1,1,1
2020-08-01 00:00:00-05:00,1805.65812493361,4.541903495788574,0.9894591569900513,0.01054084300994873,0.9894591569900513,1,1,1
2020-08-02 00:00:00-05:00,1806.5693281493773,4.541903495788574,0.9894591569900513,0.01054084300994873,0.9894591569900513,1,1,1
2020-08-03 00:00:00-05:00,1807.4805313651448,4.541903495788574,0.9894591569900513,0.01054084300994873,0.9894591569900513,1,1,1
2020-08-04 00:00:00-05:00,1808.391734580913,4.541903495788574,0.9894591569900513,0.01054084300994873,0.9894591569900513,1,1,1
2020-08-05 00:00:00-05:00,1809.3029377966805,4.541903495788574,0.9894591569900513,0.01054084300994873,0.9894591569900513,1,1,1
2020-08-06 00:00:00-05:00,1810.214141012448,4.541903495788574,0.9894591569900513,0.01054084300994873,0.9894591569900513,1,1,1
2020-08-07 00:00:00-05:00,1811.125344228216,4.541903495788574,0.9894591569900513,0.01054084300994873,0.9894591569900513,1,1,1
2020-08-08 00:00:00-05:00,1812.0365474439836,4.541903495788574,0.9894591569900513,0.01054084300994873,0.9894591569900513,1,1,1
2020-08-09 00:00:00-05:00,1812.947750659751,4.541903495788574,0.9894591569900513,0.01054084300994873,0.9894591569900513,1,1,1
2020-08-10 00:00:00-05:00,1813.8589538755184,4.541903495788574,0.9894591569900513,0.01054084300994873,0.9894591569900513,1,1,1
2020-08-11 00:00:00-05:00,1814.7701570912864,4.541903495788574,0.9894591569900513,0.01054084300994873,0.9894591569900513,1,1,1
2020-08-12 00:00:00-05:00,1815.6813603070536,4.541903495788574,0.9894591569900513,0.01054084300994873,0.9894591569900513,1,1,1
2020-08-13 00:00:00-05:00,1816.5925635228216,4.541903495788574,0.9894591569900513,0.01054084300994873,0.9894591569900513,1,1,1
2020-08-14 00:00:00-05:00,1817.503766738589,4.541903495788574,0.9894591569900513,0.01054084300994873,0.9894591569900513,1,1,1
2020-08-15 00:00:00-05:00,1818.4149699543568,4.541903495788574,0.9894591569900513,0.01054084300994873,0.9894591569900513,1,1,1
2020-08-16 00:00:00-05:00,1819.3261731701243,4.541903495788574,0.9894591569900513,0.01054084300994873,0.9894591569900513,1,1,1
2020-08-17 00:00:00-05:00,1820.237376385892,4.541903495788574,0.9894591569900513,0.01054084300994873,0.9894591569900513,1,1,1
2020-08-18 00:00:00-05:00,1821.14857960166,4.541903495788574,0.9894591569900513,0.01054084300994873,0.9894591569900513,1,1,1
2020-08-19 00:00:00-05:00,1822.0597828174275,4.541903495788574,0.9894591569900513,0.01054084300994873,0.9894591569900513,1,1,1
2020-08-20 00:00:00-05:00,1822.970986033195,4.541903495788574,0.9894591569900513,0.01054084300994873,0.9894591569900513,1,1,1
2020-08-21 00:00:00-05:00,1823.8821892489627,4.541903495788574,0.9894591569900513,0.01054084300994873,0.9894591569900513,1,1,1
2020-08-22 00:00:00-05:00,1824.7933924647305,4.541903495788574,0.9894591569900513,0.01054084300994873,0.9894591569900513,1,1,1
2020-08-23 00:00:00-05:00,1825.704595680498,4.541903495788574,0.9894591569900513,0.01054084300994873,0.9894591569900513,1,1,1
2020-08-24 00:00:00-05:00,1826.6157988962652,4.541903495788574,0.9894591569900513,0.01054084300994873,0.9894591569900513,1,1,1
2020-08-25 00:00:00-05:00,1827.5270021120327,4.541903495788574,0.9894591569900513,0.01054084300994873,0.9894591569900513,1,1,1
2020-08-26 00:00:00-05:00,1828.438205327801,4.541903495788574,0.9894591569900513,0.01054084300994873,0.9894591569900513,1,1,1
2020-08-27 00:00:00-05:00,1829.3494085435684,4.541903495788574,0.9894591569900513,0.01054084300994873,0.9894591569900513,1,1,1
2020-08-28 00:00:00-05:00,1830.260611759336,4.541903495788574,0.9894591569900513,0.01054084300994873,0.9894591569900513,1,1,1
2020-08-29 00:00:00-05:00,1831.171814975104,4.541903495788574,0.9894591569900513,0.01054084300994873,0.9894591569900513,1,1,1
2020-08-30 00:00:00-05:00,1832.0830181908716,4.541903495788574,0.9894591569900513,0.01054084300994873,0.9894591569900513,1,1,1
2020-08-31 00:00:00-05:00,1832.994221406639,4.541903495788574,0.9894591569900513,0.01054084300994873,0.9894591569900513,1,1,1
2020-09-01 00:00:00-05:00,1833.9054246224064,4.541903495788574,0.9894591569900513,0.01054084300994873,0.9894591569900513,1,1,1
2020-09-02 00:00:00-05:00,1834.8166278381743,4.541903495788574,0.9894591569900513,0.01054084300994873,0.9894591569900513,1,1,1
2020-09-03 00:00:00-05:00,1835.7278310539416,4.541903495788574,0.9894591569900513,0.01054084300994873,0.9894591569900513,1,1,1
2020-09-04 00:00:00-05:00,1836.6390342697096,4.541903495788574,0.9894591569900513,0.01054084300994873,0.9894591569900513,1,1,1
2020-09-05 00:00:00-05:00,1837.5502374854773,4.541903495788574,0.9894591569900513,0.01054084300994873,0.9894591569900513,1,1,1
2020-09-06 00:00:00-05:00,1838.4614407012448,4.541903495788574,0.9894591569900513,0.01054084300994873,0.9894591569900513,1,1,1
2020-09-07 00:00:00-05:00,1839.3726439170125,4.541903495788574,0.9894591569900513,0.01054084300994873,0.9894591569900513,1,1,1
2020-09-08 00:00:00-05:00,1840.28384713278,4.541903495788574,0.9894591569900513,0.01054084300994873,0.9894591569900513,1,1,1
2020-09-09 00:00:00-05:00,1841.195050348548,4.541903495788574,0.9894591569900513,0.01054084300994873,0.9894591569900513,1,1,1
2020-09-10 00:00:00-05:00,1842.1062535643157,4.541903495788574,0.9894591569900513,0.01054084300994873,0.9894591569900513,1,1,1
2020-09-11 00:00:00-05:00,1843.017456780083,4.541903495788574,0.9894591569900513,0.01054084300994873,0.9894591569900513,1,1,1
2020-09-12 00:00:00-05:00,1843.9286599958507,4.541903495788574,0.9894591569900513,0.01054084300994873,0.9894591569900513,1,1,1
2020-09-13 00:00:00-05:00,1844.8398632116184,4.50352668762207,0.9890512824058533,0.010948717594146729,0.9890512824058533,1,1,1
2020-09-14 00:00:00-05:00,1845.751066427386,4.50352668762207,0.9890512824058533,0.010948717594146729,0.9890512824058533,1,1,1
2020-09-15 00:00:00-05:00,1846.6622696431536,4.50352668762207,0.9890512824058533,0.010948717594146729,0.9890512824058533,1,1,1
2020-09-16 00:00:00-05:00,1847.5734728589207,4.50352668762207,0.9890512824058533,0.010948717594146729,0.9890512824058533,1,1,1
2020-09-17 00:00:00-05:00,1848.4846760746889,4.50352668762207,0.9890512824058533,0.010948717594146729,0.9890512824058533,1,1,1
2020-09-18 00:00:00-05:00,1849.3958792904564,4.50352668762207,0.9890512824058533,0.010948717594146729,0.9890512824058533,1,1,1
2020-09-19 00:00:00-05:00,1850.307082506224,4.50352668762207,0.9890512824058533,0.010948717594146729,0.9890512824058533,1,1,1
2020-09-20 00:00:00-05:00,1851.218285721992,4.50352668762207,0.9890512824058533,0.010948717594146729,0.9890512824058533,1,1,1
2020-09-21 00:00:00-05:00,1852.1294889377596,4.50352668762207,0.9890512824058533,0.010948717594146729,0.9890512824058533,1,1,1
2020-09-22 00:00:00-05:00,1853.040692153527,4.50352668762207,0.9890512824058533,0.010948717594146729,0.9890512824058533,1,1,1
2020-09-23 00:00:00-05:00,1853.9518953692943,4.50352668762207,0.9890512824058533,0.010948717594146729,0.9890512824058533,1,1,1
2020-09-24 00:00:00-05:00,1854.8630985850623,4.50352668762207,0.9890512824058533,0.010948717594146729,0.9890512824058533,1,1,1
2020-09-25 00:00:00-05:00,1855.7743018008296,4.50352668762207,0.9890512824058533,0.010948717594146729,0.9890512824058533,1,1,1
2020-09-26 00:00:00-05:00,1856.6855050165973,4.50352668762207,0.9890512824058533,0.010948717594146729,0.9890512824058533,1,1,1
2020-09-27 00:00:00-05:00,1857.5967082323648,4.50352668762207,0.9890512824058533,0.010948717594146729,0.9890512824058533,1,1,1
2020-09-28 00:00:00-05:00,1858.5079114481327,4.50352668762207,0.9890512824058533,0.010948717594146729,0.9890512824058533,1,1,1
2020-09-29 00:00:00-05:00,1859.4191146639005,4.50352668762207,0.9890512824058533,0.010948717594146729,0.9890512824058533,1,1,1
2020-09-30 00:00:00-05:00,1860.330317879668,4.50352668762207,0.9890512824058533,0.010948717594146729,0.9890512824058533,1,1,1
2020-10-01 00:00:00-05:00,1861.241521095436,4.50352668762207,0.9890512824058533,0.010948717594146729,0.9890512824058533,1,1,1
2020-10-02 00:00:00-05:00,1862.1527243112037,4.50352668762207,0.9890512824058533,0.010948717594146729,0.9890512824058533,1,1,1
2020-10-03 00:00:00-05:00,1863.063927526971,4.50352668762207,0.9890512824058533,0.010948717594146729,0.9890512824058533,1,1,1
2020-10-04 00:00:00-05:00,1863.9751307427389,4.50352668762207,0.9890512824058533,0.010948717594146729,0.9890512824058533,1,1,1
2020-10-05 00:00:00-05:00,1864.8863339585064,4.50352668762207,0.9890512824058533,0.010948717594146729,0.9890512824058533,1,1,1
2020-10-06 00:00:00-05:00,1865.7975371742737,4.50352668762207,0.9890512824058533,0.010948717594146729,0.9890512824058533,1,1,1
2020-10-07 00:00:00-05:00,1866.7087403900412,4.50352668762207,0.9890512824058533,0.010948717594146729,0.9890512824058533,1,1,1
2020-10-08 00:00:00-05:00,1867.619943605809,4.50352668762207,0.9890512824058533,0.010948717594146729,0.9890512824058533,1,1,1
2020-10-09 00:00:00-05:00,1868.5311468215768,4.50352668762207,0.9890512824058533,0.010948717594146729,0.9890512824058533,1,1,1
2020-10-10 00:00:00-05:00,1869.4423500373443,4.50352668762207,0.9890512824058533,0.010948717594146729,0.9890512824058533,1,1,1
2020-10-11 00:00:00-05:00,1870.353553253112,4.50352668762207,0.9890512824058533,0.010948717594146729,0.9890512824058533,1,1,1
2020-10-12 00:00:00-05:00,1871.26475646888,4.50352668762207,0.9890512824058533,0.010948717594146729,0.9890512824058533,1,1,1
2020-10-13 00:00:00-05:00,1872.1759596846475,4.50352668762207,0.9890512824058533,0.010948717594146729,0.9890512824058533,1,1,1
2020-10-14 00:00:00-05:00,1873.087162900415,4.50352668762207,0.9890512824058533,0.010948717594146729,0.9890512824058533,1,1,1
2020-10-15 00:00:00-05:00,1873.9983661161823,4.50352668762207,0.9890512824058533,0.010948717594146729,0.9890512824058533,1,1,1
2020-10-16 00:00:00-05:00,1874.9095693319505,4.50352668762207,0.9890512824058533,0.010948717594146729,0.9890512824058533,1,1,1
2020-10-17 00:00:00-05:00,1875.8207725477175,4.50352668762207,0.9890512824058533,0.010948717594146729,0.9890512824058533,1,1,1
2020-10-18 00:00:00-05:00,1876.7319757634853,4.50352668762207,0.9890512824058533,0.010948717594146729,0.9890512824058533,1,1,1
2020-10-19 00:00:00-05:00,1877.6431789792528,4.50352668762207,0.9890512824058533,0.010948717594146729,0.9890512824058533,1,1,1
2020-10-20 00:00:00-05:00,1878.5543821950207,4.50352668762207,0.9890512824058533,0.010948717594146729,0.9890512824058533,1,1,1
2020-10-21 00:00:00-05:00,1879.4655854107884,4.50352668762207,0.9890512824058533,0.010948717594146729,0.9890512824058533,1,1,1
2020-10-22 00:00:00-05:00,1880.376788626556,4.50352668762207,0.9890512824058533,0.010948717594146729,0.9890512824058533,1,1,1
2020-10-23 00:00:00-05:00,1881.287991842324,4.50352668762207,0.9890512824058533,0.010948717594146729,0.9890512824058533,1,1,1
2020-10-24 00:00:00-05:00,1882.1991950580916,4.50352668762207,0.9890512824058533,0.010948717594146729,0.9890512824058533,1,1,1
2020-10-25 00:00:00-05:00,1883.110398273859,4.50352668762207,0.9890512824058533,0.010948717594146729,0.9890512824058533,1,1,1
2020-10-26 00:00:00-05:00,1884.0216014896264,4.50352668762207,0.9890512824058533,0.010948717594146729,0.9890512824058533,1,1,1
2020-10-27 00:00:00-05:00,1884.932804705394,4.50352668762207,0.9890512824058533,0.010948717594146729,0.9890512824058533,1,1,1
2020-10-28 00:00:00-05:00,1885.8440079211616,4.50352668762207,0.9890512824058533,0.010948717594146729,0.9890512824058533,1,1,1
2020-10-29 00:00:00-05:00,1886.7552111369296,4.50352668762207,0.9890512824058533,0.010948717594146729,0.9890512824058533,1,1,1
2020-10-30 00:00:00-05:00,1887.666414352697,4.50352668762207,0.9890512824058533,0.010948717594146729,0.9890512824058533,1,1,1
2020-10-31 00:00:00-05:00,1888.5776175684648,4.50352668762207,0.9890512824058533,0.010948717594146729,0.9890512824058533,1,1,1
2020-11-01 00:00:00-05:00,1889.4888207842323,4.50352668762207,0.9890512824058533,0.010948717594146729,0.9890512824058533,1,1,1
2020-11-02 00:00:00-05:00,1890.400024,4.50352668762207,0.9890512824058533,0.010948717594146729,0.9890512824058533,1,1,1
2020-11-03 00:00:00-05:00,1908.5,4.516199588775635,0.9891876578330994,0.010812342166900635,0.9891876578330994,1,0,0
2020-11-04 00:00:00-05:00,1894.599976,0.3530541956424713,0.5873579978942871,0.4126420021057129,0.5873579978942871,1,1,1
2020-11-05 00:00:00-05:00,1945.300049,-0.3634476065635681,0.4101252257823944,0.5898747742176056,0.5898747742176056,0,1,0
2020-11-06 00:00:00-05:00,1950.300049,-0.5582853555679321,0.36394429206848145,0.6360557079315186,0.6360557079315186,0,0,1
2020-11-07 00:00:00-05:00,1917.9333496666663,-0.5678631067276001,0.36173003911972046,0.6382699608802795,0.6382699608802795,0,0,1
2020-11-08 00:00:00-05:00,1885.5666503333332,-0.04187670722603798,0.48953235149383545,0.5104676485061646,0.5104676485061646,0,0,1
2020-11-09 00:00:00-05:00,1853.199951,-0.31931304931640625,0.4208431839942932,0.5791568160057068,0.5791568160057068,0,1,0
2020-11-10 00:00:00-05:00,1875.400024,-0.053319185972213745,0.48667338490486145,0.5133266150951385,0.5133266150951385,0,0,1
2020-11-11 00:00:00-05:00,1860.699951,-0.29137226939201355,0.4276679754257202,0.5723320245742798,0.5723320245742798,0,1,0
2020-11-12 00:00:00-05:00,1872.599976,-0.23296500742435455,0.4420207440853119,0.5579792559146881,0.5579792559146881,0,1,0
2020-11-13 00:00:00-05:00,1885.699951,0.30965253710746765,0.5768004655838013,0.42319953441619873,0.5768004655838013,1,1,1
2020-11-14 00:00:00-05:00,1886.233317,-0.03220900520682335,0.4919484257698059,0.5080515742301941,0.5080515742301941,0,1,0
2020-11-15 00:00:00-05:00,1886.766683,1.404040813446045,0.8028243184089661,0.19717568159103394,0.8028243184089661,1,1,1
2020-11-16 00:00:00-05:00,1887.300049,1.1605427265167236,0.7614313364028931,0.23856866359710693,0.7614313364028931,1,0,0
2020-11-17 00:00:00-05:00,1884.5,1.25411057472229,0.7780105471611023,0.2219894528388977,0.7780105471611023,1,0,0
2020-11-18 00:00:00-05:00,1873.5,-0.4512152075767517,0.38907191157341003,0.61092808842659,0.61092808842659,0,0,1
2020-11-19 00:00:00-05:00,1861.099976,0.3346804082393646,0.5828977227210999,0.41710227727890015,0.5828977227210999,1,1,1
2020-11-20 00:00:00-05:00,1872.599976,0.5436156392097473,0.6326531171798706,0.3673468828201294,0.6326531171798706,1,0,0
2020-11-21 00:00:00-05:00,1861.0000003333328,0.05149251967668533,0.5128703117370605,0.48712968826293945,0.5128703117370605,1,0,0
2020-11-22 00:00:00-05:00,1849.4000246666667,0.29676344990730286,0.573651134967804,0.42634886503219604,0.573651134967804,1,0,0
2020-11-23 00:00:00-05:00,1837.800049,0.2693893611431122,0.5669429898262024,0.4330570101737976,0.5669429898262024,1,0,0
2020-11-24 00:00:00-05:00,1804.800049,0.46341845393180847,0.6138248443603516,0.38617515563964844,0.6138248443603516,1,1,1
2020-11-25 00:00:00-05:00,1805.699951,0.6288396120071411,0.6522263288497925,0.3477736711502075,0.6522263288497925,1,0,0
2020-11-26 00:00:00-05:00,1793.7999875,0.7456420660018921,0.6782283782958984,0.32177162170410156,0.6782283782958984,1,0,0
2020-11-27 00:00:00-05:00,1781.900024,-0.7198924422264099,0.32741665840148926,0.6725833415985107,0.6725833415985107,0,0,1
2020-11-28 00:00:00-05:00,1779.833333,-0.2620239853858948,0.4348662495613098,0.5651337504386902,0.5651337504386902,0,0,1
2020-11-29 00:00:00-05:00,1777.766642,-0.7610468864440918,0.3184190094470978,0.6815809905529022,0.6815809905529022,0,0,1
2020-11-30 00:00:00-05:00,1775.699951,-0.5013663172721863,0.37721964716911316,0.6227803528308868,0.6227803528308868,0,1,0
2020-12-01 00:00:00-05:00,1814.099976,0.5097081065177917,0.6247380971908569,0.37526190280914307,0.6247380971908569,1,1,1
2020-12-02 00:00:00-05:00,1825.699951,0.1580321043729782,0.5394260287284851,0.4605739712715149,0.5394260287284851,1,1,1
2020-12-03 00:00:00-05:00,1836.800049,-0.8000457286834717,0.3100157380104065,0.6899842619895935,0.6899842619895935,0,0,1
2020-12-04 00:00:00-05:00,1835.900024,-0.8277413845062256,0.3041228652000427,0.6958771347999573,0.6958771347999573,0,1,0
2020-12-05 00:00:00-05:00,1844.533365666667,-0.3896233141422272,0.40380796790122986,0.5961920320987701,0.5961920320987701,0,1,0
2020-12-06 00:00:00-05:00,1853.1667073333333,0.30323320627212524,0.5752326846122742,0.42476731538772583,0.5752326846122742,1,1,1
2020-12-07 00:00:00-05:00,1861.800049,0.4800240695476532,0.6177535653114319,0.3822464346885681,0.6177535653114319,1,1,1
2020-12-08 00:00:00-05:00,1870.800049,0.08557312190532684,0.5213802456855774,0.4786197543144226,0.5213802456855774,1,0,0
2020-12-09 00:00:00-05:00,1834.599976,0.8279823064804077,0.695928156375885,0.304071843624115,0.695928156375885,1,0,0
2020-12-10 00:00:00-05:00,1833.599976,0.8555079698562622,0.7017213106155396,0.29827868938446045,0.7017213106155396,1,1,1
2020-12-11 00:00:00-05:00,1839.800049,0.24845071136951447,0.5617951154708862,0.43820488452911377,0.5617951154708862,1,0,0
2020-12-12 00:00:00-05:00,1836.100016333333,0.96930330991745,0.7249806523323059,0.2750193476676941,0.7249806523323059,1,0,0
2020-12-13 00:00:00-05:00,1832.399983666667,0.6430799961090088,0.6554493308067322,0.3445506691932678,0.6554493308067322,1,0,0
2020-12-14 00:00:00-05:00,1828.699951,0.7387270927429199,0.6767174005508423,0.3232825994491577,0.6767174005508423,1,1,1
2020-12-15 00:00:00-05:00,1852.300049,-0.7316668629646301,0.3248290419578552,0.6751709580421448,0.6751709580421448,0,1,0
2020-12-16 00:00:00-05:00,1856.099976,-0.40307196974754333,0.4005744755268097,0.5994255244731903,0.5994255244731903,0,1,0
2020-12-17 00:00:00-05:00,1887.199951,0.5455789566040039,0.6331092715263367,0.36689072847366333,0.6331092715263367,1,0,0
2020-12-18 00:00:00-05:00,1885.699951,-0.007847317494452,0.4980381429195404,0.5019618570804596,0.5019618570804596,0,0,1
2020-12-19 00:00:00-05:00,1883.5332843333333,-0.30082792043685913,0.42535507678985596,0.574644923210144,0.574644923210144,0,0,1
2020-12-20 00:00:00-05:00,1881.3666176666668,-0.49159327149391174,0.3795182704925537,0.6204817295074463,0.6204817295074463,0,0,1
2020-12-21 00:00:00-05:00,1879.199951,-0.6906864643096924,0.33388036489486694,0.6661196351051331,0.6661196351051331,0,0,1
2020-12-22 00:00:00-05:00,1866.599976,-0.026712309569120407,0.4933222830295563,0.5066777169704437,0.5066777169704437,0,1,0
2020-12-23 00:00:00-05:00,1874.699951,-0.19511304795742035,0.45137590169906616,0.5486240983009338,0.5486240983009338,0,1,0
2020-12-24 00:00:00-05:00,1879.900024,0.34918084740638733,0.5864189267158508,0.41358107328414917,0.5864189267158508,1,0,0
2020-12-25 00:00:00-05:00,1879.22500575,0.09137701243162155,0.5228284001350403,0.4771715998649597,0.5228284001350403,1,0,0
2020-12-26 00:00:00-05:00,1878.5499875,-1.1820378303527832,0.2346859723329544,0.7653140276670456,0.7653140276670456,0,0,1
2020-12-27 00:00:00-05:00,1877.87496925,-1.2523648738861084,0.22229105234146118,0.7777089476585388,0.7777089476585388,0,0,1
2020-12-28 00:00:00-05:00,1877.199951,-1.1068207025527954,0.24846406280994415,0.7515359371900558,0.7515359371900558,0,1,0
2020-12-29 00:00:00-05:00,1879.699951,-0.8380900025367737,0.3019372224807739,0.6980627775192261,0.6980627775192261,0,1,0
2020-12-30 00:00:00-05:00,1891.0,-0.31883057951927185,0.42096075415611267,0.5790392458438873,0.5790392458438873,0,1,0
2020-12-31 00:00:00-05:00,1893.099976,-0.7274556756019592,0.3257533311843872,0.6742466688156128,0.6742466688156128,0,1,0
2021-01-01 00:00:00-05:00,1905.99996975,0.31868886947631836,0.5790046453475952,0.4209953546524048,0.5790046453475952,1,1,1
2021-01-02 00:00:00-05:00,1918.8999635,-0.35384899377822876,0.41244935989379883,0.5875506401062012,0.5875506401062012,0,1,0
2021-01-03 00:00:00-05:00,1931.79995725,-0.7491385340690613,0.3210090398788452,0.6789909601211548,0.6789909601211548,0,1,0
2021-01-04 00:00:00-05:00,1944.699951,-0.5986508727073669,0.35465243458747864,0.6453475654125214,0.6453475654125214,0,1,0
2021-01-05 00:00:00-05:00,1952.699951,0.265514999628067,0.5659915208816528,0.43400847911834717,0.5659915208816528,1,0,0
2021-01-06 00:00:00-05:00,1906.900024,-1.0921117067337036,0.25122085213661194,0.7487791478633881,0.7487791478633881,0,1,0
2021-01-07 00:00:00-05:00,1912.300049,-1.0992069244384766,0.24988852441310883,0.7501114755868912,0.7501114755868912,0,0,1
2021-01-08 00:00:00-05:00,1834.099976,0.6364418864250183,0.6539487242698669,0.34605127573013306,0.6539487242698669,1,1,1
2021-01-09 00:00:00-05:00,1839.2666426666667,-0.6229372024536133,0.34911373257637024,0.6508862674236298,0.6508862674236298,0,1,0
2021-01-10 00:00:00-05:00,1844.4333093333328,0.4707818925380707,0.6155688166618347,0.3844311833381653,0.6155688166618347,1,1,1
2021-01-11 00:00:00-05:00,1849.599976,0.2447146326303482,0.5608751773834229,0.43912482261657715,0.5608751773834229,1,0,0
2021-01-12 00:00:00-05:00,1842.900024,0.26077911257743835,0.5648277997970581,0.4351722002029419,0.5648277997970581,1,1,1
2021-01-13 00:00:00-05:00,1853.599976,-0.2162177562713623,0.4461551904678345,0.5538448095321655,0.5538448095321655,0,0,1
2021-01-14 00:00:00-05:00,1850.300049,0.028336718678474426,0.5070837140083313,0.4929162859916687,0.5070837140083313,1,0,0
2021-01-15 00:00:00-05:00,1829.300049,0.6066805720329285,0.6471832394599915,0.35281676054000854,0.6471832394599915,1,1,1
2021-01-16 00:00:00-05:00,1831.85003675,0.9920867681503296,0.729499876499176,0.270500123500824,0.729499876499176,1,1,1
2021-01-17 00:00:00-05:00,1834.4000245,1.2979243993759155,0.7854855060577393,0.21451449394226074,0.7854855060577393,1,1,1
2021-01-18 00:00:00-05:00,1836.95001225,0.8089342713356018,0.6918823719024658,0.3081176280975342,0.6918823719024658,1,1,1
2021-01-19 00:00:00-05:00,1839.5,0.7917425036430359,0.688205361366272,0.311794638633728,0.688205361366272,1,1,1
2021-01-20 00:00:00-05:00,1865.900024,0.8786072731018066,0.7065335512161255,0.2934664487838745,0.7065335512161255,1,0,0
2021-01-21 00:00:00-05:00,1865.300049,0.3079456090927124,0.5763837099075317,0.42361629009246826,0.5763837099075317,1,0,0
2021-01-22 00:00:00-05:00,1855.699951,0.07804682105779648,0.519501805305481,0.48049819469451904,0.519501805305481,1,0,0
2021-01-23 00:00:00-05:00,1855.4333086666668,0.6733395457267761,0.6622505187988281,0.3377494812011719,0.6622505187988281,1,0,0
2021-01-24 00:00:00-05:00,1855.1666663333333,-0.9994202852249146,0.26905542612075806,0.7309445738792419,0.7309445738792419,0,0,1
2021-01-25 00:00:00-05:00,1854.900024,-1.122691035270691,0.2455124706029892,0.7544875293970108,0.7544875293970108,0,0,1
2021-01-26 00:00:00-05:00,1850.699951,-1.6406415700912476,0.16237778961658478,0.8376222103834152,0.8376222103834152,0,0,1
2021-01-27 00:00:00-05:00,1844.900024,-0.28314417600631714,0.429683119058609,0.570316880941391,0.570316880941391,0,0,1
2021-01-28 00:00:00-05:00,1837.900024,-1.1071292161941528,0.24840649962425232,0.7515935003757477,0.7515935003757477,0,1,0
2021-01-29 00:00:00-05:00,1847.300049,-0.9039145708084106,0.2882467210292816,0.7117532789707184,0.7117532789707184,0,1,0
2021-01-30 00:00:00-05:00,1851.800049,-0.9975801110267639,0.2694174647331238,0.7305825352668762,0.7305825352668762,0,1,0
2021-01-31 00:00:00-05:00,1856.300049,0.2665722370147705,0.5662511587142944,0.43374884128570557,0.5662511587142944,1,1,1
2021-02-01 00:00:00-05:00,1860.800049,0.1431831419467926,0.5357347726821899,0.46426522731781006,0.5357347726821899,1,0,0
2021-02-02 00:00:00-05:00,1830.5,-0.3052058815956116,0.42428532242774963,0.5757146775722504,0.5757146775722504,0,1,0
2021-02-03 00:00:00-05:00,1832.199951,-0.5012428760528564,0.3772486448287964,0.6227513551712036,0.6227513551712036,0,0,1
2021-02-04 00:00:00-05:00,1788.900024,0.09384429454803467,0.523443877696991,0.47655612230300903,0.523443877696991,1,1,1
2021-02-05 00:00:00-05:00,1810.900024,-0.12486851960420609,0.4688233733177185,0.5311766266822815,0.5311766266822815,0,1,0
2021-02-06 00:00:00-05:00,1817.900024,0.6395425796508789,0.654650092124939,0.34534990787506104,0.654650092124939,1,1,1
2021-02-07 00:00:00-05:00,1824.900024,0.4488673210144043,0.6103699207305908,0.3896300792694092,0.6103699207305908,1,1,1
2021-02-08 00:00:00-05:00,1831.900024,1.2720460891723633,0.7810928225517273,0.2189071774482727,0.7810928225517273,1,1,1
2021-02-09 00:00:00-05:00,1835.300049,0.7197108864784241,0.6725434064865112,0.32745659351348877,0.6725434064865112,1,1,1
2021-02-10 00:00:00-05:00,1840.599976,0.6941810846328735,0.6668963432312012,0.33310365676879883,0.6668963432312012,1,0,0
2021-02-11 00:00:00-05:00,1824.900024,0.8401452302932739,0.6984958052635193,0.3015041947364807,0.6984958052635193,1,0,0
2021-02-12 00:00:00-05:00,1821.599976,0.3314916789531708,0.582122266292572,0.417877733707428,0.582122266292572,1,0,0
2021-02-13 00:00:00-05:00,1815.49996975,-0.17624177038669586,0.4560532569885254,0.5439467430114746,0.5439467430114746,0,0,1
2021-02-14 00:00:00-05:00,1809.3999635,0.37139615416526794,0.5917962789535522,0.40820372104644775,0.5917962789535522,1,0,0
2021-02-15 00:00:00-05:00,1803.29995725,0.412840873003006,0.6017688512802124,0.3982311487197876,0.6017688512802124,1,0,0
2021-02-16 00:00:00-05:00,1797.199951,0.19036254286766052,0.5474474430084229,0.45255255699157715,0.5474474430084229,1,0,0
2021-02-17 00:00:00-05:00,1771.099976,0.06851035356521606,0.517120897769928,0.482879102230072,0.517120897769928,1,1,1
2021-02-18 00:00:00-05:00,1773.400024,0.16340404748916626,0.5407603979110718,0.4592396020889282,0.5407603979110718,1,1,1
2021-02-19 00:00:00-05:00,1775.800049,0.7157026529312134,0.6716600060462952,0.32833999395370483,0.6716600060462952,1,1,1
2021-02-20 00:00:00-05:00,1786.100016333333,0.01067669503390789,0.5026691555976868,0.49733084440231323,0.5026691555976868,1,1,1
2021-02-21 00:00:00-05:00,1796.399983666667,-0.05534945800900459,0.4861661195755005,0.5138338804244995,0.5138338804244995,0,1,0
2021-02-22 00:00:00-05:00,1806.699951,0.10577729344367981,0.5264196991920471,0.4735803008079529,0.5264196991920471,1,0,0
2021-02-23 00:00:00-05:00,1804.400024,-0.5318230986595154,0.3700917661190033,0.6299082338809967,0.6299082338809967,0,0,1
2021-02-24 00:00:00-05:00,1796.400024,-1.2951489686965942,0.21498256921768188,0.7850174307823181,0.7850174307823181,0,0,1
2021-02-25 00:00:00-05:00,1774.400024,-0.20022402703762054,0.4501105546951294,0.5498894453048706,0.5498894453048706,0,0,1
2021-02-26 00:00:00-05:00,1728.099976,-0.8166603446006775,0.3064730167388916,0.6935269832611084,0.6935269832611084,0,0,1
2021-02-27 00:00:00-05:00,1726.2333173333334,-0.7378837466239929,0.32346710562705994,0.6765328943729401,0.6765328943729401,0,0,1
2021-02-28 00:00:00-05:00,1724.3666586666666,-1.211118221282959,0.22950324416160583,0.7704967558383942,0.7704967558383942,0,0,1
2021-03-01 00:00:00-05:00,1722.5,-0.6097022891044617,0.3521271049976349,0.6478728950023651,0.6478728950023651,0,1,0
2021-03-02 00:00:00-05:00,1733.099976,-0.3310697674751282,0.4179803431034088,0.5820196568965912,0.5820196568965912,0,0,1
2021-03-03 00:00:00-05:00,1715.300049,0.1560472548007965,0.5389328002929688,0.46106719970703125,0.5389328002929688,1,0,0
2021-03-04 00:00:00-05:00,1700.199951,-0.1973605901002884,0.45081937313079834,0.5491806268692017,0.5491806268692017,0,0,1
2021-03-05 00:00:00-05:00,1698.0,-0.049672916531562805,0.48758435249328613,0.5124156475067139,0.5124156475067139,0,0,1
2021-03-06 00:00:00-05:00,1691.233317,-1.2145442962646484,0.22889800369739532,0.7711019963026047,0.7711019963026047,0,0,1
2021-03-07 00:00:00-05:00,1684.466634,-0.7310708165168762,0.32495978474617004,0.67504021525383,0.67504021525383,0,0,1
2021-03-08 00:00:00-05:00,1677.699951,-0.5405535697937012,0.36805880069732666,0.6319411993026733,0.6319411993026733,0,1,0
2021-03-09 00:00:00-05:00,1716.599976,0.1525333672761917,0.5380595922470093,0.4619404077529907,0.5380595922470093,1,1,1
2021-03-10 00:00:00-05:00,1721.5,-0.3767293393611908,0.4069159924983978,0.5930840075016022,0.5930840075016022,0,1,0
2021-03-11 00:00:00-05:00,1722.300049,-0.24183201789855957,0.43983495235443115,0.5601650476455688,0.5601650476455688,0,0,1
2021-03-12 00:00:00-05:00,1719.5,0.2209452986717224,0.5550127029418945,0.44498729705810547,0.5550127029418945,1,1,1
2021-03-13 00:00:00-05:00,1719.9477179419086,-0.9302674531936646,0.28287044167518616,0.7171295583248138,0.7171295583248138,0,1,0
2021-03-14 00:00:00-05:00,1720.3954358838175,0.4633149802684784,0.6138002276420593,0.3861997723579407,0.6138002276420593,1,1,1
2021-03-15 00:00:00-05:00,1720.8431538257262,0.20243236422538757,0.5504359602928162,0.44956403970718384,0.5504359602928162,1,1,1
2021-03-16 00:00:00-05:00,1721.2908717676348,0.11274509131908417,0.5281564593315125,0.47184354066848755,0.5281564593315125,1,1,1
2021-03-17 00:00:00-05:00,1721.7385897095437,0.10096873342990875,0.5252207517623901,0.47477924823760986,0.5252207517623901,1,1,1
2021-03-18 00:00:00-05:00,1722.1863076514524,0.6140326261520386,0.6488601565361023,0.3511398434638977,0.6488601565361023,1,1,1
2021-03-19 00:00:00-05:00,1722.634025593361,0.7006021738052368,0.6683212518692017,0.33167874813079834,0.6683212518692017,1,1,1
2021-03-20 00:00:00-05:00,1723.0817435352697,0.7263769507408142,0.6740097403526306,0.3259902596473694,0.6740097403526306,1,1,1
2021-03-21 00:00:00-05:00,1723.5294614771783,1.1542338132858276,0.7602834105491638,0.23971658945083618,0.7602834105491638,1,1,1
2021-03-22 00:00:00-05:00,1723.9771794190872,2.0202293395996094,0.8829046487808228,0.11709535121917725,0.8829046487808228,1,1,1
2021-03-23 00:00:00-05:00,1724.4248973609958,1.0457632541656494,0.7399604916572571,0.2600395083427429,0.7399604916572571,1,1,1
2021-03-24 00:00:00-05:00,1724.8726153029045,0.9525288939476013,0.7216234803199768,0.2783765196800232,0.7216234803199768,1,1,1
2021-03-25 00:00:00-05:00,1725.3203332448134,0.8530071973800659,0.701197624206543,0.29880237579345703,0.701197624206543,1,1,1
2021-03-26 00:00:00-05:00,1725.768051186722,3.1047592163085938,0.9570885896682739,0.042911410331726074,0.9570885896682739,1,1,1
2021-03-27 00:00:00-05:00,1726.2157691286309,3.420637369155884,0.9683433175086975,0.03165668249130249,0.9683433175086975,1,1,1
2021-03-28 00:00:00-05:00,1726.6634870705395,3.512827157974243,0.9710506200790405,0.028949379920959473,0.9710506200790405,1,1,1
2021-03-29 00:00:00-05:00,1727.1112050124482,3.7481298446655273,0.9769806861877441,0.02301931381225586,0.9769806861877441,1,1,1
2021-03-30 00:00:00-05:00,1727.5589229543568,4.40362548828125,0.9879149198532104,0.01208508014678955,0.9879149198532104,1,1,1
2021-03-31 00:00:00-05:00,1728.0066408962657,4.446188449859619,0.9884126782417297,0.011587321758270264,0.9884126782417297,1,1,1
2021-04-01 00:00:00-05:00,1728.4543588381744,4.494209289550781,0.9889499545097351,0.011050045490264893,0.9889499545097351,1,1,1
2021-04-02 00:00:00-05:00,1728.902076780083,4.473515033721924,0.988721489906311,0.011278510093688965,0.988721489906311,1,1,1
2021-04-03 00:00:00-05:00,1729.3497947219917,4.473515033721924,0.988721489906311,0.011278510093688965,0.988721489906311,1,1,1
2021-04-04 00:00:00-05:00,1729.7975126639003,4.593179225921631,0.9899807572364807,0.010019242763519287,0.9899807572364807,1,1,1
2021-04-05 00:00:00-05:00,1730.2452306058092,4.610939025878906,0.9901553392410278,0.009844660758972168,0.9901553392410278,1,1,1
2021-04-06 00:00:00-05:00,1730.6929485477178,4.656360626220703,0.9905884265899658,0.00941157341003418,0.9905884265899658,1,1,1
2021-04-07 00:00:00-05:00,1731.1406664896265,4.61745548248291,0.9902186989784241,0.009781301021575928,0.9902186989784241,1,1,1
2021-04-08 00:00:00-05:00,1731.5883844315354,4.61745548248291,0.9902186989784241,0.009781301021575928,0.9902186989784241,1,1,1
2021-04-09 00:00:00-05:00,1732.036102373444,4.608200550079346,0.9901286959648132,0.009871304035186768,0.9901286959648132,1,1,1
2021-04-10 00:00:00-05:00,1732.483820315353,4.647105693817139,0.9905017614364624,0.009498238563537598,0.9905017614364624,1,1,1
2021-04-11 00:00:00-05:00,1732.9315382572613,4.698187351226807,0.9909704923629761,0.009029507637023926,0.9909704923629761,1,1,1
2021-04-12 00:00:00-05:00,1733.3792561991702,4.698187351226807,0.9909704923629761,0.009029507637023926,0.9909704923629761,1,1,1
2021-04-13 00:00:00-05:00,1733.8269741410788,4.698187351226807,0.9909704923629761,0.009029507637023926,0.9909704923629761,1,1,1
2021-04-14 00:00:00-05:00,1734.2746920829877,4.888532638549805,0.9925238490104675,0.007476150989532471,0.9925238490104675,1,1,1
2021-04-15 00:00:00-05:00,1734.7224100248964,4.952910423278809,0.9929867386817932,0.007013261318206787,0.9929867386817932,1,1,1
2021-04-16 00:00:00-05:00,1735.170127966805,4.952910423278809,0.9929867386817932,0.007013261318206787,0.9929867386817932,1,1,1
2021-04-17 00:00:00-05:00,1735.6178459087137,4.987764835357666,0.9932252764701843,0.006774723529815674,0.9932252764701843,1,1,1
2021-04-18 00:00:00-05:00,1736.0655638506223,4.987764835357666,0.9932252764701843,0.006774723529815674,0.9932252764701843,1,1,1
2021-04-19 00:00:00-05:00,1736.5132817925312,4.987764835357666,0.9932252764701843,0.006774723529815674,0.9932252764701843,1,1,1
2021-04-20 00:00:00-05:00,1736.9609997344398,4.987764835357666,0.9932252764701843,0.006774723529815674,0.9932252764701843,1,1,1
2021-04-21 00:00:00-05:00,1737.4087176763485,4.987764835357666,0.9932252764701843,0.006774723529815674,0.9932252764701843,1,1,1
2021-04-22 00:00:00-05:00,1737.8564356182574,4.987764835357666,0.9932252764701843,0.006774723529815674,0.9932252764701843,1,1,1
2021-04-23 00:00:00-05:00,1738.304153560166,4.987764835357666,0.9932252764701843,0.006774723529815674,0.9932252764701843,1,1,1
2021-04-24 00:00:00-05:00,1738.751871502075,4.987764835357666,0.9932252764701843,0.006774723529815674,0.9932252764701843,1,1,1
2021-04-25 00:00:00-05:00,1739.1995894439833,4.987764835357666,0.9932252764701843,0.006774723529815674,0.9932252764701843,1,1,1
2021-04-26 00:00:00-05:00,1739.6473073858922,4.987764835357666,0.9932252764701843,0.006774723529815674,0.9932252764701843,1,1,1
2021-04-27 00:00:00-05:00,1740.0950253278008,4.961734294891357,0.9930478930473328,0.006952106952667236,0.9930478930473328,1,1,1
2021-04-28 00:00:00-05:00,1740.5427432697095,4.987224578857422,0.993221640586853,0.006778359413146973,0.993221640586853,1,1,1
2021-04-29 00:00:00-05:00,1740.9904612116184,4.987224578857422,0.993221640586853,0.006778359413146973,0.993221640586853,1,1,1
2021-04-30 00:00:00-05:00,1741.438179153527,5.0132551193237305,0.993394672870636,0.006605327129364014,0.993394672870636,1,1,1
2021-05-01 00:00:00-05:00,1741.8858970954357,5.0132551193237305,0.993394672870636,0.006605327129364014,0.993394672870636,1,1,1
2021-05-02 00:00:00-05:00,1742.3336150373443,5.0132551193237305,0.993394672870636,0.006605327129364014,0.993394672870636,1,1,1
2021-05-03 00:00:00-05:00,1742.7813329792532,5.0132551193237305,0.993394672870636,0.006605327129364014,0.993394672870636,1,1,1
2021-05-04 00:00:00-05:00,1743.2290509211618,5.0132551193237305,0.993394672870636,0.006605327129364014,0.993394672870636,1,1,1
2021-05-05 00:00:00-05:00,1743.6767688630705,5.0132551193237305,0.993394672870636,0.006605327129364014,0.993394672870636,1,1,1
2021-05-06 00:00:00-05:00,1744.1244868049794,5.0132551193237305,0.993394672870636,0.006605327129364014,0.993394672870636,1,1,1
2021-05-07 00:00:00-05:00,1744.572204746888,5.0132551193237305,0.993394672870636,0.006605327129364014,0.993394672870636,1,1,1
2021-05-08 00:00:00-05:00,1745.019922688797,5.0132551193237305,0.993394672870636,0.006605327129364014,0.993394672870636,1,1,1
2021-05-09 00:00:00-05:00,1745.467640630705,5.0132551193237305,0.993394672870636,0.006605327129364014,0.993394672870636,1,1,1
2021-05-10 00:00:00-05:00,1745.9153585726142,5.0132551193237305,0.993394672870636,0.006605327129364014,0.993394672870636,1,1,1
2021-05-11 00:00:00-05:00,1746.3630765145228,5.0132551193237305,0.993394672870636,0.006605327129364014,0.993394672870636,1,1,1
2021-05-12 00:00:00-05:00,1746.8107944564315,5.0132551193237305,0.993394672870636,0.006605327129364014,0.993394672870636,1,1,1
2021-05-13 00:00:00-05:00,1747.2585123983404,5.0132551193237305,0.993394672870636,0.006605327129364014,0.993394672870636,1,1,1
2021-05-14 00:00:00-05:00,1747.706230340249,5.0132551193237305,0.993394672870636,0.006605327129364014,0.993394672870636,1,1,1
2021-05-15 00:00:00-05:00,1748.1539482821577,5.0132551193237305,0.993394672870636,0.006605327129364014,0.993394672870636,1,1,1
2021-05-16 00:00:00-05:00,1748.6016662240663,5.0132551193237305,0.993394672870636,0.006605327129364014,0.993394672870636,1,1,1
2021-05-17 00:00:00-05:00,1749.0493841659752,5.0132551193237305,0.993394672870636,0.006605327129364014,0.993394672870636,1,1,1
2021-05-18 00:00:00-05:00,1749.4971021078838,5.0132551193237305,0.993394672870636,0.006605327129364014,0.993394672870636,1,1,1
2021-05-19 00:00:00-05:00,1749.9448200497925,5.0132551193237305,0.993394672870636,0.006605327129364014,0.993394672870636,1,1,1
2021-05-20 00:00:00-05:00,1750.3925379917011,5.0132551193237305,0.993394672870636,0.006605327129364014,0.993394672870636,1,1,1
2021-05-21 00:00:00-05:00,1750.84025593361,5.0132551193237305,0.993394672870636,0.006605327129364014,0.993394672870636,1,1,1
2021-05-22 00:00:00-05:00,1751.287973875519,4.987224578857422,0.993221640586853,0.006778359413146973,0.993221640586853,1,1,1
2021-05-23 00:00:00-05:00,1751.735691817427,4.987224578857422,0.993221640586853,0.006778359413146973,0.993221640586853,1,1,1
2021-05-24 00:00:00-05:00,1752.1834097593362,4.922645092010498,0.9927727580070496,0.0072272419929504395,0.9927727580070496,1,1,1
2021-05-25 00:00:00-05:00,1752.6311277012448,4.883739948272705,0.9924882650375366,0.007511734962463379,0.9924882650375366,1,1,1
2021-05-26 00:00:00-05:00,1753.0788456431535,4.883739948272705,0.9924882650375366,0.007511734962463379,0.9924882650375366,1,1,1
2021-05-27 00:00:00-05:00,1753.526563585062,4.883739948272705,0.9924882650375366,0.007511734962463379,0.9924882650375366,1,1,1
2021-05-28 00:00:00-05:00,1753.974281526971,4.883739948272705,0.9924882650375366,0.007511734962463379,0.9924882650375366,1,1,1
2021-05-29 00:00:00-05:00,1754.4219994688797,4.883739948272705,0.9924882650375366,0.007511734962463379,0.9924882650375366,1,1,1
2021-05-30 00:00:00-05:00,1754.8697174107883,4.883739948272705,0.9924882650375366,0.007511734962463379,0.9924882650375366,1,1,1
2021-05-31 00:00:00-05:00,1755.3174353526972,4.883739948272705,0.9924882650375366,0.007511734962463379,0.9924882650375366,1,1,1
2021-06-01 00:00:00-05:00,1755.765153294606,4.883739948272705,0.9924882650375366,0.007511734962463379,0.9924882650375366,1,1,1
2021-06-02 00:00:00-05:00,1756.2128712365145,4.883739948272705,0.9924882650375366,0.007511734962463379,0.9924882650375366,1,1,1
2021-06-03 00:00:00-05:00,1756.6605891784232,4.883739948272705,0.9924882650375366,0.007511734962463379,0.9924882650375366,1,1,1
2021-06-04 00:00:00-05:00,1757.108307120332,4.883739948272705,0.9924882650375366,0.007511734962463379,0.9924882650375366,1,1,1
2021-06-05 00:00:00-05:00,1757.556025062241,4.883739948272705,0.9924882650375366,0.007511734962463379,0.9924882650375366,1,1,1
2021-06-06 00:00:00-05:00,1758.003743004149,4.904112339019775,0.9926385879516602,0.007361412048339844,0.9926385879516602,1,1,1
2021-06-07 00:00:00-05:00,1758.4514609460582,4.904112339019775,0.9926385879516602,0.007361412048339844,0.9926385879516602,1,1,1
2021-06-08 00:00:00-05:00,1758.8991788879669,4.904112339019775,0.9926385879516602,0.007361412048339844,0.9926385879516602,1,1,1
2021-06-09 00:00:00-05:00,1759.3468968298755,4.904112339019775,0.9926385879516602,0.007361412048339844,0.9926385879516602,1,1,1
2021-06-10 00:00:00-05:00,1759.7946147717842,4.904112339019775,0.9926385879516602,0.007361412048339844,0.9926385879516602,1,1,1
2021-06-11 00:00:00-05:00,1760.242332713693,4.904112339019775,0.9926385879516602,0.007361412048339844,0.9926385879516602,1,1,1
2021-06-12 00:00:00-05:00,1760.6900506556017,4.904112339019775,0.9926385879516602,0.007361412048339844,0.9926385879516602,1,1,1
2021-06-13 00:00:00-05:00,1761.1377685975103,4.904112339019775,0.9926385879516602,0.007361412048339844,0.9926385879516602,1,1,1
2021-06-14 00:00:00-05:00,1761.5854865394192,4.904112339019775,0.9926385879516602,0.007361412048339844,0.9926385879516602,1,1,1
2021-06-15 00:00:00-05:00,1762.033204481328,4.86741828918457,0.9923655390739441,0.007634460926055908,0.9923655390739441,1,1,1
2021-06-16 00:00:00-05:00,1762.4809224232365,4.86741828918457,0.9923655390739441,0.007634460926055908,0.9923655390739441,1,1,1
2021-06-17 00:00:00-05:00,1762.9286403651452,4.86741828918457,0.9923655390739441,0.007634460926055908,0.9923655390739441,1,1,1
2021-06-18 00:00:00-05:00,1763.376358307054,4.86741828918457,0.9923655390739441,0.007634460926055908,0.9923655390739441,1,1,1
2021-06-19 00:00:00-05:00,1763.824076248963,4.86741828918457,0.9923655390739441,0.007634460926055908,0.9923655390739441,1,1,1
2021-06-20 00:00:00-05:00,1764.271794190871,4.86741828918457,0.9923655390739441,0.007634460926055908,0.9923655390739441,1,1,1
2021-06-21 00:00:00-05:00,1764.71951213278,4.86741828918457,0.9923655390739441,0.007634460926055908,0.9923655390739441,1,1,1
2021-06-22 00:00:00-05:00,1765.1672300746889,4.86741828918457,0.9923655390739441,0.007634460926055908,0.9923655390739441,1,1,1
2021-06-23 00:00:00-05:00,1765.6149480165975,4.86741828918457,0.9923655390739441,0.007634460926055908,0.9923655390739441,1,1,1
2021-06-24 00:00:00-05:00,1766.0626659585062,4.86741828918457,0.9923655390739441,0.007634460926055908,0.9923655390739441,1,1,1
2021-06-25 00:00:00-05:00,1766.510383900415,4.86741828918457,0.9923655390739441,0.007634460926055908,0.9923655390739441,1,1,1
2021-06-26 00:00:00-05:00,1766.9581018423237,4.86741828918457,0.9923655390739441,0.007634460926055908,0.9923655390739441,1,1,1
2021-06-27 00:00:00-05:00,1767.4058197842323,4.86741828918457,0.9923655390739441,0.007634460926055908,0.9923655390739441,1,1,1
2021-06-28 00:00:00-05:00,1767.853537726141,4.86741828918457,0.9923655390739441,0.007634460926055908,0.9923655390739441,1,1,1
2021-06-29 00:00:00-05:00,1768.30125566805,4.86741828918457,0.9923655390739441,0.007634460926055908,0.9923655390739441,1,1,1
2021-06-30 00:00:00-05:00,1768.7489736099585,4.86741828918457,0.9923655390739441,0.007634460926055908,0.9923655390739441,1,1,1
2021-07-01 00:00:00-05:00,1769.1966915518672,4.86741828918457,0.9923655390739441,0.007634460926055908,0.9923655390739441,1,1,1
2021-07-02 00:00:00-05:00,1769.644409493776,4.86741828918457,0.9923655390739441,0.007634460926055908,0.9923655390739441,1,1,1
2021-07-03 00:00:00-05:00,1770.0921274356847,4.86741828918457,0.9923655390739441,0.007634460926055908,0.9923655390739441,1,1,1
2021-07-04 00:00:00-05:00,1770.539845377593,4.86741828918457,0.9923655390739441,0.007634460926055908,0.9923655390739441,1,1,1
2021-07-05 00:00:00-05:00,1770.987563319502,4.86741828918457,0.9923655390739441,0.007634460926055908,0.9923655390739441,1,1,1
2021-07-06 00:00:00-05:00,1771.4352812614109,4.86741828918457,0.9923655390739441,0.007634460926055908,0.9923655390739441,1,1,1
2021-07-07 00:00:00-05:00,1771.8829992033195,4.86741828918457,0.9923655390739441,0.007634460926055908,0.9923655390739441,1,1,1
2021-07-08 00:00:00-05:00,1772.3307171452282,4.86741828918457,0.9923655390739441,0.007634460926055908,0.9923655390739441,1,1,1
2021-07-09 00:00:00-05:00,1772.778435087137,4.86741828918457,0.9923655390739441,0.007634460926055908,0.9923655390739441,1,1,1
2021-07-10 00:00:00-05:00,1773.2261530290457,4.86741828918457,0.9923655390739441,0.007634460926055908,0.9923655390739441,1,1,1
2021-07-11 00:00:00-05:00,1773.6738709709543,4.86741828918457,0.9923655390739441,0.007634460926055908,0.9923655390739441,1,1,1
2021-07-12 00:00:00-05:00,1774.121588912863,4.86741828918457,0.9923655390739441,0.007634460926055908,0.9923655390739441,1,1,1
2021-07-13 00:00:00-05:00,1774.569306854772,4.86741828918457,0.9923655390739441,0.007634460926055908,0.9923655390739441,1,1,1
2021-07-14 00:00:00-05:00,1775.0170247966803,4.86741828918457,0.9923655390739441,0.007634460926055908,0.9923655390739441,1,1,1
2021-07-15 00:00:00-05:00,1775.4647427385892,4.86741828918457,0.9923655390739441,0.007634460926055908,0.9923655390739441,1,1,1
2021-07-16 00:00:00-05:00,1775.912460680498,4.86741828918457,0.9923655390739441,0.007634460926055908,0.9923655390739441,1,1,1
2021-07-17 00:00:00-05:00,1776.3601786224067,4.86741828918457,0.9923655390739441,0.007634460926055908,0.9923655390739441,1,1,1
2021-07-18 00:00:00-05:00,1776.8078965643151,4.86741828918457,0.9923655390739441,0.007634460926055908,0.9923655390739441,1,1,1
2021-07-19 00:00:00-05:00,1777.255614506224,4.86741828918457,0.9923655390739441,0.007634460926055908,0.9923655390739441,1,1,1
2021-07-20 00:00:00-05:00,1777.7033324481329,4.86741828918457,0.9923655390739441,0.007634460926055908,0.9923655390739441,1,1,1
2021-07-21 00:00:00-05:00,1778.1510503900415,4.86741828918457,0.9923655390739441,0.007634460926055908,0.9923655390739441,1,1,1
2021-07-22 00:00:00-05:00,1778.5987683319502,4.86741828918457,0.9923655390739441,0.007634460926055908,0.9923655390739441,1,1,1
2021-07-23 00:00:00-05:00,1779.046486273859,4.86741828918457,0.9923655390739441,0.007634460926055908,0.9923655390739441,1,1,1
2021-07-24 00:00:00-05:00,1779.4942042157677,4.86741828918457,0.9923655390739441,0.007634460926055908,0.9923655390739441,1,1,1
2021-07-25 00:00:00-05:00,1779.9419221576763,4.86741828918457,0.9923655390739441,0.007634460926055908,0.9923655390739441,1,1,1
2021-07-26 00:00:00-05:00,1780.389640099585,4.86741828918457,0.9923655390739441,0.007634460926055908,0.9923655390739441,1,1,1
2021-07-27 00:00:00-05:00,1780.837358041494,4.807797431945801,0.9919003248214722,0.008099675178527832,0.9919003248214722,1,1,1
2021-07-28 00:00:00-05:00,1781.2850759834023,4.807797431945801,0.9919003248214722,0.008099675178527832,0.9919003248214722,1,1,1
2021-07-29 00:00:00-05:00,1781.7327939253112,4.807797431945801,0.9919003248214722,0.008099675178527832,0.9919003248214722,1,1,1
2021-07-30 00:00:00-05:00,1782.18051186722,4.807797431945801,0.9919003248214722,0.008099675178527832,0.9919003248214722,1,1,1
2021-07-31 00:00:00-05:00,1782.6282298091287,4.807797431945801,0.9919003248214722,0.008099675178527832,0.9919003248214722,1,1,1
2021-08-01 00:00:00-05:00,1783.0759477510371,4.807797431945801,0.9919003248214722,0.008099675178527832,0.9919003248214722,1,1,1
2021-08-02 00:00:00-05:00,1783.523665692946,4.807797431945801,0.9919003248214722,0.008099675178527832,0.9919003248214722,1,1,1
2021-08-03 00:00:00-05:00,1783.9713836348549,4.807797431945801,0.9919003248214722,0.008099675178527832,0.9919003248214722,1,1,1
2021-08-04 00:00:00-05:00,1784.4191015767635,4.807797431945801,0.9919003248214722,0.008099675178527832,0.9919003248214722,1,1,1
2021-08-05 00:00:00-05:00,1784.8668195186722,4.807797431945801,0.9919003248214722,0.008099675178527832,0.9919003248214722,1,1,1
2021-08-06 00:00:00-05:00,1785.314537460581,4.807797431945801,0.9919003248214722,0.008099675178527832,0.9919003248214722,1,1,1
2021-08-07 00:00:00-05:00,1785.7622554024897,4.807797431945801,0.9919003248214722,0.008099675178527832,0.9919003248214722,1,1,1
2021-08-08 00:00:00-05:00,1786.2099733443983,4.807797431945801,0.9919003248214722,0.008099675178527832,0.9919003248214722,1,1,1
2021-08-09 00:00:00-05:00,1786.657691286307,4.807797431945801,0.9919003248214722,0.008099675178527832,0.9919003248214722,1,1,1
2021-08-10 00:00:00-05:00,1787.105409228216,4.807797431945801,0.9919003248214722,0.008099675178527832,0.9919003248214722,1,1,1
2021-08-11 00:00:00-05:00,1787.5531271701243,4.807797431945801,0.9919003248214722,0.008099675178527832,0.9919003248214722,1,1,1
2021-08-12 00:00:00-05:00,1788.0008451120332,4.807797431945801,0.9919003248214722,0.008099675178527832,0.9919003248214722,1,1,1
2021-08-13 00:00:00-05:00,1788.4485630539418,4.807797431945801,0.9919003248214722,0.008099675178527832,0.9919003248214722,1,1,1
2021-08-14 00:00:00-05:00,1788.8962809958507,4.807797431945801,0.9919003248214722,0.008099675178527832,0.9919003248214722,1,1,1
2021-08-15 00:00:00-05:00,1789.3439989377594,4.807797431945801,0.9919003248214722,0.008099675178527832,0.9919003248214722,1,1,1
2021-08-16 00:00:00-05:00,1789.791716879668,4.807797431945801,0.9919003248214722,0.008099675178527832,0.9919003248214722,1,1,1
2021-08-17 00:00:00-05:00,1790.2394348215769,4.807797431945801,0.9919003248214722,0.008099675178527832,0.9919003248214722,1,1,1
2021-08-18 00:00:00-05:00,1790.6871527634855,4.807797431945801,0.9919003248214722,0.008099675178527832,0.9919003248214722,1,1,1
2021-08-19 00:00:00-05:00,1791.1348707053942,4.807797431945801,0.9919003248214722,0.008099675178527832,0.9919003248214722,1,1,1
2021-08-20 00:00:00-05:00,1791.5825886473028,4.807797431945801,0.9919003248214722,0.008099675178527832,0.9919003248214722,1,1,1
2021-08-21 00:00:00-05:00,1792.0303065892117,4.807797431945801,0.9919003248214722,0.008099675178527832,0.9919003248214722,1,1,1
2021-08-22 00:00:00-05:00,1792.4780245311204,4.807797431945801,0.9919003248214722,0.008099675178527832,0.9919003248214722,1,1,1
2021-08-23 00:00:00-05:00,1792.925742473029,4.807797431945801,0.9919003248214722,0.008099675178527832,0.9919003248214722,1,1,1
2021-08-24 00:00:00-05:00,1793.373460414938,4.807797431945801,0.9919003248214722,0.008099675178527832,0.9919003248214722,1,1,1
2021-08-25 00:00:00-05:00,1793.8211783568463,4.807797431945801,0.9919003248214722,0.008099675178527832,0.9919003248214722,1,1,1
2021-08-26 00:00:00-05:00,1794.2688962987552,4.807797431945801,0.9919003248214722,0.008099675178527832,0.9919003248214722,1,1,1
2021-08-27 00:00:00-05:00,1794.7166142406638,4.807797431945801,0.9919003248214722,0.008099675178527832,0.9919003248214722,1,1,1
2021-08-28 00:00:00-05:00,1795.1643321825727,4.807797431945801,0.9919003248214722,0.008099675178527832,0.9919003248214722,1,1,1
2021-08-29 00:00:00-05:00,1795.6120501244814,4.807797431945801,0.9919003248214722,0.008099675178527832,0.9919003248214722,1,1,1
2021-08-30 00:00:00-05:00,1796.05976806639,4.807797431945801,0.9919003248214722,0.008099675178527832,0.9919003248214722,1,1,1
2021-08-31 00:00:00-05:00,1796.5074860082989,4.807797431945801,0.9919003248214722,0.008099675178527832,0.9919003248214722,1,1,1
2021-09-01 00:00:00-05:00,1796.9552039502075,4.807797431945801,0.9919003248214722,0.008099675178527832,0.9919003248214722,1,1,1
2021-09-02 00:00:00-05:00,1797.4029218921162,4.807797431945801,0.9919003248214722,0.008099675178527832,0.9919003248214722,1,1,1
2021-09-03 00:00:00-05:00,1797.8506398340248,4.807797431945801,0.9919003248214722,0.008099675178527832,0.9919003248214722,1,1,1
2021-09-04 00:00:00-05:00,1798.2983577759337,4.807797431945801,0.9919003248214722,0.008099675178527832,0.9919003248214722,1,1,1
2021-09-05 00:00:00-05:00,1798.7460757178424,4.807797431945801,0.9919003248214722,0.008099675178527832,0.9919003248214722,1,1,1
2021-09-06 00:00:00-05:00,1799.193793659751,4.807797431945801,0.9919003248214722,0.008099675178527832,0.9919003248214722,1,1,1
2021-09-07 00:00:00-05:00,1799.6415116016597,4.807797431945801,0.9919003248214722,0.008099675178527832,0.9919003248214722,1,1,1
2021-09-08 00:00:00-05:00,1800.0892295435683,4.807797431945801,0.9919003248214722,0.008099675178527832,0.9919003248214722,1,1,1
2021-09-09 00:00:00-05:00,1800.5369474854772,4.807797431945801,0.9919003248214722,0.008099675178527832,0.9919003248214722,1,1,1
2021-09-10 00:00:00-05:00,1800.9846654273858,4.807797431945801,0.9919003248214722,0.008099675178527832,0.9919003248214722,1,1,1
2021-09-11 00:00:00-05:00,1801.4323833692947,4.807797431945801,0.9919003248214722,0.008099675178527832,0.9919003248214722,1,1,1
2021-09-12 00:00:00-05:00,1801.8801013112036,4.807797431945801,0.9919003248214722,0.008099675178527832,0.9919003248214722,1,1,1
2021-09-13 00:00:00-05:00,1802.327819253112,4.807797431945801,0.9919003248214722,0.008099675178527832,0.9919003248214722,1,1,1
2021-09-14 00:00:00-05:00,1802.775537195021,4.807797431945801,0.9919003248214722,0.008099675178527832,0.9919003248214722,1,1,1
2021-09-15 00:00:00-05:00,1803.2232551369293,4.807797431945801,0.9919003248214722,0.008099675178527832,0.9919003248214722,1,1,1
2021-09-16 00:00:00-05:00,1803.6709730788384,4.807797431945801,0.9919003248214722,0.008099675178527832,0.9919003248214722,1,1,1
2021-09-17 00:00:00-05:00,1804.1186910207468,4.807797431945801,0.9919003248214722,0.008099675178527832,0.9919003248214722,1,1,1
2021-09-18 00:00:00-05:00,1804.566408962656,4.807797431945801,0.9919003248214722,0.008099675178527832,0.9919003248214722,1,1,1
2021-09-19 00:00:00-05:00,1805.0141269045644,4.807797431945801,0.9919003248214722,0.008099675178527832,0.9919003248214722,1,1,1
2021-09-20 00:00:00-05:00,1805.461844846473,4.807797431945801,0.9919003248214722,0.008099675178527832,0.9919003248214722,1,1,1
2021-09-21 00:00:00-05:00,1805.9095627883817,4.807797431945801,0.9919003248214722,0.008099675178527832,0.9919003248214722,1,1,1
2021-09-22 00:00:00-05:00,1806.3572807302903,4.807797431945801,0.9919003248214722,0.008099675178527832,0.9919003248214722,1,1,1
2021-09-23 00:00:00-05:00,1806.8049986721992,4.807797431945801,0.9919003248214722,0.008099675178527832,0.9919003248214722,1,1,1
2021-09-24 00:00:00-05:00,1807.252716614108,4.807797431945801,0.9919003248214722,0.008099675178527832,0.9919003248214722,1,1,1
2021-09-25 00:00:00-05:00,1807.7004345560167,4.807797431945801,0.9919003248214722,0.008099675178527832,0.9919003248214722,1,1,1
2021-09-26 00:00:00-05:00,1808.1481524979251,4.807797431945801,0.9919003248214722,0.008099675178527832,0.9919003248214722,1,1,1
2021-09-27 00:00:00-05:00,1808.595870439834,4.807797431945801,0.9919003248214722,0.008099675178527832,0.9919003248214722,1,1,1
2021-09-28 00:00:00-05:00,1809.043588381743,4.807797431945801,0.9919003248214722,0.008099675178527832,0.9919003248214722,1,1,1
2021-09-29 00:00:00-05:00,1809.4913063236515,4.807797431945801,0.9919003248214722,0.008099675178527832,0.9919003248214722,1,1,1
2021-09-30 00:00:00-05:00,1809.93902426556,4.807797431945801,0.9919003248214722,0.008099675178527832,0.9919003248214722,1,1,1
2021-10-01 00:00:00-05:00,1810.3867422074688,4.807797431945801,0.9919003248214722,0.008099675178527832,0.9919003248214722,1,1,1
2021-10-02 00:00:00-05:00,1810.8344601493775,4.807797431945801,0.9919003248214722,0.008099675178527832,0.9919003248214722,1,1,1
2021-10-03 00:00:00-05:00,1811.2821780912864,4.807797431945801,0.9919003248214722,0.008099675178527832,0.9919003248214722,1,1,1
2021-10-04 00:00:00-05:00,1811.729896033195,4.807797431945801,0.9919003248214722,0.008099675178527832,0.9919003248214722,1,1,1
2021-10-05 00:00:00-05:00,1812.177613975104,4.807797431945801,0.9919003248214722,0.008099675178527832,0.9919003248214722,1,1,1
2021-10-06 00:00:00-05:00,1812.6253319170123,4.807797431945801,0.9919003248214722,0.008099675178527832,0.9919003248214722,1,1,1
2021-10-07 00:00:00-05:00,1813.0730498589207,4.807797431945801,0.9919003248214722,0.008099675178527832,0.9919003248214722,1,1,1
2021-10-08 00:00:00-05:00,1813.5207678008296,4.807797431945801,0.9919003248214722,0.008099675178527832,0.9919003248214722,1,1,1
2021-10-09 00:00:00-05:00,1813.9684857427387,4.807797431945801,0.9919003248214722,0.008099675178527832,0.9919003248214722,1,1,1
2021-10-10 00:00:00-05:00,1814.4162036846476,4.807797431945801,0.9919003248214722,0.008099675178527832,0.9919003248214722,1,1,1
2021-10-11 00:00:00-05:00,1814.863921626556,4.807797431945801,0.9919003248214722,0.008099675178527832,0.9919003248214722,1,1,1
2021-10-12 00:00:00-05:00,1815.311639568465,4.807797431945801,0.9919003248214722,0.008099675178527832,0.9919003248214722,1,1,1
2021-10-13 00:00:00-05:00,1815.759357510373,4.807797431945801,0.9919003248214722,0.008099675178527832,0.9919003248214722,1,1,1
2021-10-14 00:00:00-05:00,1816.2070754522824,4.807797431945801,0.9919003248214722,0.008099675178527832,0.9919003248214722,1,1,1
2021-10-15 00:00:00-05:00,1816.6547933941908,4.807797431945801,0.9919003248214722,0.008099675178527832,0.9919003248214722,1,1,1
2021-10-16 00:00:00-05:00,1817.1025113361,4.807797431945801,0.9919003248214722,0.008099675178527832,0.9919003248214722,1,1,1
2021-10-17 00:00:00-05:00,1817.5502292780084,4.807797431945801,0.9919003248214722,0.008099675178527832,0.9919003248214722,1,1,1
2021-10-18 00:00:00-05:00,1817.997947219917,4.807797431945801,0.9919003248214722,0.008099675178527832,0.9919003248214722,1,1,1
2021-10-19 00:00:00-05:00,1818.4456651618257,4.807797431945801,0.9919003248214722,0.008099675178527832,0.9919003248214722,1,1,1
2021-10-20 00:00:00-05:00,1818.8933831037343,4.807797431945801,0.9919003248214722,0.008099675178527832,0.9919003248214722,1,1,1
2021-10-21 00:00:00-05:00,1819.3411010456432,4.807797431945801,0.9919003248214722,0.008099675178527832,0.9919003248214722,1,1,1
2021-10-22 00:00:00-05:00,1819.788818987552,4.807797431945801,0.9919003248214722,0.008099675178527832,0.9919003248214722,1,1,1
2021-10-23 00:00:00-05:00,1820.2365369294607,4.807797431945801,0.9919003248214722,0.008099675178527832,0.9919003248214722,1,1,1
2021-10-24 00:00:00-05:00,1820.6842548713691,4.807797431945801,0.9919003248214722,0.008099675178527832,0.9919003248214722,1,1,1
2021-10-25 00:00:00-05:00,1821.131972813278,4.807797431945801,0.9919003248214722,0.008099675178527832,0.9919003248214722,1,1,1
2021-10-26 00:00:00-05:00,1821.579690755187,4.807797431945801,0.9919003248214722,0.008099675178527832,0.9919003248214722,1,1,1
2021-10-27 00:00:00-05:00,1822.027408697096,4.807797431945801,0.9919003248214722,0.008099675178527832,0.9919003248214722,1,1,1
2021-10-28 00:00:00-05:00,1822.475126639004,4.807797431945801,0.9919003248214722,0.008099675178527832,0.9919003248214722,1,1,1
2021-10-29 00:00:00-05:00,1822.9228445809129,4.807797431945801,0.9919003248214722,0.008099675178527832,0.9919003248214722,1,1,1
2021-10-30 00:00:00-05:00,1823.3705625228215,4.807797431945801,0.9919003248214722,0.008099675178527832,0.9919003248214722,1,1,1
2021-10-31 00:00:00-05:00,1823.8182804647304,4.807797431945801,0.9919003248214722,0.008099675178527832,0.9919003248214722,1,1,1
2021-11-01 00:00:00-05:00,1824.265998406639,4.807797431945801,0.9919003248214722,0.008099675178527832,0.9919003248214722,1,1,1
2021-11-02 00:00:00-05:00,1824.713716348548,4.774739742279053,0.9916303753852844,0.008369624614715576,0.9916303753852844,1,1,1
2021-11-03 00:00:00-05:00,1825.1614342904568,4.774739742279053,0.9916303753852844,0.008369624614715576,0.9916303753852844,1,1,1
2021-11-04 00:00:00-05:00,1825.6091522323647,4.774739742279053,0.9916303753852844,0.008369624614715576,0.9916303753852844,1,1,1
2021-11-05 00:00:00-05:00,1826.0568701742736,4.774739742279053,0.9916303753852844,0.008369624614715576,0.9916303753852844,1,1,1
2021-11-06 00:00:00-05:00,1826.5045881161825,4.774739742279053,0.9916303753852844,0.008369624614715576,0.9916303753852844,1,1,1
2021-11-07 00:00:00-05:00,1826.9523060580916,4.774739742279053,0.9916303753852844,0.008369624614715576,0.9916303753852844,1,1,1
2021-11-08 00:00:00-05:00,1827.400024,4.774739742279053,0.9916303753852844,0.008369624614715576,0.9916303753852844,1,1,1
2021-11-09 00:00:00-05:00,1830.199951,4.502659797668457,0.9890419840812683,0.01095801591873169,0.9890419840812683,1,1,1
2021-11-10 00:00:00-05:00,1847.599976,2.7640347480773926,0.9407011270523071,0.05929887294769287,0.9407011270523071,1,1,1
2021-11-11 00:00:00-05:00,1863.199951,3.038172960281372,0.9542691707611084,0.0457308292388916,0.9542691707611084,1,1,1
2021-11-12 00:00:00-05:00,1867.900024,2.286283016204834,0.9077346324920654,0.09226536750793457,0.9077346324920654,1,0,0
2021-11-13 00:00:00-05:00,1867.300008,2.057755708694458,0.8867288827896118,0.11327111721038818,0.8867288827896118,1,0,0
2021-11-14 00:00:00-05:00,1866.699992,0.5736304521560669,0.6396004557609558,0.3603995442390442,0.6396004557609558,1,0,0
2021-11-15 00:00:00-05:00,1866.099976,0.44749915599823,0.6100444793701172,0.3899555206298828,0.6100444793701172,1,0,0
2021-11-16 00:00:00-05:00,1853.599976,-1.0963642597198486,0.2504217326641083,0.7495782673358917,0.7495782673358917,0,1,0
2021-11-17 00:00:00-05:00,1869.699951,-0.3946162760257721,0.4026065170764923,0.5973934829235077,0.5973934829235077,0,0,1
2021-11-18 00:00:00-05:00,1861.0,-0.3316916227340698,0.41782912611961365,0.5821708738803864,0.5821708738803864,0,0,1
2021-11-19 00:00:00-05:00,1851.199951,0.23558996617794037,0.5586265921592712,0.44137340784072876,0.5586265921592712,1,0,0
2021-11-20 00:00:00-05:00,1836.1333006666664,0.07445228099822998,0.5186044573783875,0.48139554262161255,0.5186044573783875,1,0,0
2021-11-21 00:00:00-05:00,1821.0666503333332,-0.2337467521429062,0.4418279528617859,0.5581720471382141,0.5581720471382141,0,0,1
2021-11-22 00:00:00-05:00,1806.0,-0.15791459381580353,0.46060317754745483,0.5393968224525452,0.5393968224525452,0,0,1
2021-11-23 00:00:00-05:00,1783.5,-1.052502989768982,0.2587447464466095,0.7412552535533905,0.7412552535533905,0,1,0
2021-11-24 00:00:00-05:00,1784.099976,-1.2572821378707886,0.2214421033859253,0.7785578966140747,0.7785578966140747,0,1,0
2021-11-25 00:00:00-05:00,1784.7000125,-1.1277892589569092,0.2445693165063858,0.7554306834936142,0.7554306834936142,0,1,0
2021-11-26 00:00:00-05:00,1785.300049,-1.158652901649475,0.23891215026378632,0.7610878497362137,0.7610878497362137,0,0,1
2021-11-27 00:00:00-05:00,1784.300049,-0.7628239393234253,0.31803348660469055,0.6819665133953094,0.6819665133953094,0,0,1
2021-11-28 00:00:00-05:00,1783.300049,-1.2618968486785889,0.22064752876758575,0.7793524712324142,0.7793524712324142,0,0,1
2021-11-29 00:00:00-05:00,1782.300049,-0.6502898931503296,0.34292420744895935,0.6570757925510406,0.6570757925510406,0,0,1
2021-11-30 00:00:00-05:00,1773.599976,0.482515424489975,0.6183416843414307,0.38165831565856934,0.6183416843414307,1,1,1
2021-12-01 00:00:00-05:00,1781.599976,0.8660880327224731,0.7039310336112976,0.2960689663887024,0.7039310336112976,1,0,0
2021-12-02 00:00:00-05:00,1760.699951,0.5851455926895142,0.6422505378723145,0.35774946212768555,0.6422505378723145,1,1,1
2021-12-03 00:00:00-05:00,1782.0,-0.05652206763625145,0.485873281955719,0.514126718044281,0.514126718044281,0,0,1
2021-12-04 00:00:00-05:00,1780.5,-0.0924595445394516,0.4769015610218048,0.5230984389781952,0.5230984389781952,0,0,1
2021-12-05 00:00:00-05:00,1779.0,-0.5598714351654053,0.3635772168636322,0.6364227831363678,0.6364227831363678,0,0,1
2021-12-06 00:00:00-05:00,1777.5,-0.1441856175661087,0.464015930891037,0.535984069108963,0.535984069108963,0,1,0
2021-12-07 00:00:00-05:00,1782.599976,0.062079910188913345,0.5155149698257446,0.48448503017425537,0.5155149698257446,1,1,1
2021-12-08 00:00:00-05:00,1783.400024,0.4549750089645386,0.6118214726448059,0.3881785273551941,0.6118214726448059,1,0,0
2021-12-09 00:00:00-05:00,1774.599976,0.5763112306594849,0.640218198299408,0.35978180170059204,0.640218198299408,1,1,1
2021-12-10 00:00:00-05:00,1782.900024,-0.4807559549808502,0.38207361102104187,0.6179263889789581,0.6179263889789581,0,1,0
2021-12-11 00:00:00-05:00,1784.033365666667,-0.567807674407959,0.3617428243160248,0.6382571756839752,0.6382571756839752,0,1,0
2021-12-12 00:00:00-05:00,1785.1667073333333,0.8612180352210999,0.7029150724411011,0.2970849275588989,0.7029150724411011,1,1,1
2021-12-13 00:00:00-05:00,1786.300049,0.8739797472953796,0.7055730819702148,0.29442691802978516,0.7055730819702148,1,0,0
2021-12-14 00:00:00-05:00,1770.400024,0.6050357222557068,0.6468076109886169,0.35319238901138306,0.6468076109886169,1,0,0
2021-12-15 00:00:00-05:00,1762.599976,-0.4228486716747284,0.395835280418396,0.604164719581604,0.604164719581604,0,1,0
2021-12-16 00:00:00-05:00,1796.599976,-0.935008704662323,0.28190964460372925,0.7180903553962708,0.7180903553962708,0,1,0
2021-12-17 00:00:00-05:00,1803.800049,-1.676155924797058,0.15760517120361328,0.8423948287963867,0.8423948287963867,0,0,1
2021-12-18 00:00:00-05:00,1800.4333496666666,-0.12721742689609528,0.4682384431362152,0.5317615568637848,0.5317615568637848,0,0,1
2021-12-19 00:00:00-05:00,1797.0666503333334,-1.2989298105239868,0.21434518694877625,0.7856548130512238,0.7856548130512238,0,0,1
2021-12-20 00:00:00-05:00,1793.699951,-1.2525995969772339,0.22225046157836914,0.7777495384216309,0.7777495384216309,0,0,1
2021-12-21 00:00:00-05:00,1787.900024,-1.4435698986053467,0.19099313020706177,0.8090068697929382,0.8090068697929382,0,1,0
2021-12-22 00:00:00-05:00,1801.599976,-1.190830111503601,0.23311050236225128,0.7668894976377487,0.7668894976377487,0,1,0
2021-12-23 00:00:00-05:00,1811.199951,-0.3525148928165436,0.4127727150917053,0.5872272849082947,0.5872272849082947,0,0,1
2021-12-24 00:00:00-05:00,1810.42495725,0.11696264147758484,0.5292074084281921,0.47079259157180786,0.5292074084281921,1,0,0
2021-12-25 00:00:00-05:00,1809.6499635,-1.390939474105835,0.19925780594348907,0.8007421940565109,0.8007421940565109,0,0,1
2021-12-26 00:00:00-05:00,1808.87496975,-1.429857850074768,0.1931208223104477,0.8068791776895523,0.8068791776895523,0,0,1
2021-12-27 00:00:00-05:00,1808.099976,-1.2323863506317139,0.22576403617858887,0.7742359638214111,0.7742359638214111,0,1,0
2021-12-28 00:00:00-05:00,1810.199951,-1.260335922241211,0.22091609239578247,0.7790839076042175,0.7790839076042175,0,0,1
2021-12-29 00:00:00-05:00,1805.099976,-0.5371271967887878,0.36885613203048706,0.6311438679695129,0.6311438679695129,0,1,0
2021-12-30 00:00:00-05:00,1812.699951,-1.6429264545440674,0.162067249417305,0.837932750582695,0.837932750582695,0,1,0
2021-12-31 00:00:00-05:00,1827.5,-0.07365292310714722,0.48159506916999817,0.5184049308300018,0.5184049308300018,0,0,1
2022-01-01 00:00:00-05:00,1818.1333413333332,-0.6610553860664368,0.3405025899410248,0.6594974100589752,0.6594974100589752,0,0,1
2022-01-02 00:00:00-05:00,1808.7666826666664,-0.721378743648529,0.32708945870399475,0.6729105412960052,0.6729105412960052,0,0,1
2022-01-03 00:00:00-05:00,1799.400024,-0.452665239572525,0.38872724771499634,0.6112727522850037,0.6112727522850037,0,1,0
2022-01-04 00:00:00-05:00,1814.0,-0.5609903335571289,0.3633183538913727,0.6366816461086273,0.6366816461086273,0,1,0
2022-01-05 00:00:00-05:00,1824.599976,-0.8172842860221863,0.30634045600891113,0.6936595439910889,0.6936595439910889,0,0,1
2022-01-06 00:00:00-05:00,1788.699951,-0.0536654107272625,0.48658686876296997,0.51341313123703,0.51341313123703,0,1,0
2022-01-07 00:00:00-05:00,1797.0,-0.09336555004119873,0.4766755700111389,0.5233244299888611,0.5233244299888611,0,1,0
2022-01-08 00:00:00-05:00,1797.466674666667,-0.23936545848846436,0.4404427409172058,0.5595572590827942,0.5595572590827942,0,1,0
2022-01-09 00:00:00-05:00,1797.9333493333334,0.04494944214820862,0.5112354755401611,0.48876452445983887,0.5112354755401611,1,1,1
2022-01-10 00:00:00-05:00,1798.400024,-0.10216650366783142,0.47448059916496277,0.5255194008350372,0.5255194008350372,0,1,0
2022-01-11 00:00:00-05:00,1818.599976,0.08337916433811188,0.5208327174186707,0.47916728258132935,0.5208327174186707,1,1,1
2022-01-12 00:00:00-05:00,1827.199951,-0.805523157119751,0.30884531140327454,0.6911546885967255,0.6911546885967255,0,0,1
2022-01-13 00:00:00-05:00,1821.199951,0.18761976063251495,0.5467678308486938,0.45323216915130615,0.5467678308486938,1,0,0
2022-01-14 00:00:00-05:00,1816.5,-1.1742595434188843,0.236085906624794,0.763914093375206,0.763914093375206,0,0,1
2022-01-15 00:00:00-05:00,1815.45001225,-1.3395283222198486,0.20758762955665588,0.7924123704433441,0.7924123704433441,0,0,1
2022-01-16 00:00:00-05:00,1814.4000245,-0.9646360278129578,0.27595093846321106,0.7240490615367889,0.7240490615367889,0,0,1
2022-01-17 00:00:00-05:00,1813.35003675,-0.9489784836769104,0.2790903151035309,0.7209096848964691,0.7209096848964691,0,0,1
2022-01-18 00:00:00-05:00,1812.300049,-0.650201678276062,0.34294408559799194,0.6570559144020081,0.6570559144020081,0,1,0
2022-01-19 00:00:00-05:00,1843.099976,-0.5607750415802002,0.3633681535720825,0.6366318464279175,0.6366318464279175,0,0,1
2022-01-20 00:00:00-05:00,1842.5,0.1719096302986145,0.5428718328475952,0.4571281671524048,0.5428718328475952,1,0,0
2022-01-21 00:00:00-05:00,1831.800049,-1.1739931106567383,0.23613396286964417,0.7638660371303558,0.7638660371303558,0,1,0
2022-01-22 00:00:00-05:00,1835.100016333333,-0.9860772490501404,0.2716875970363617,0.7283124029636383,0.7283124029636383,0,1,0
2022-01-23 00:00:00-05:00,1838.399983666667,-0.6773542761802673,0.3368520736694336,0.6631479263305664,0.6631479263305664,0,1,0
2022-01-24 00:00:00-05:00,1841.699951,-1.013622760772705,0.2662714719772339,0.7337285280227661,0.7337285280227661,0,1,0
2022-01-25 00:00:00-05:00,1852.699951,-0.7254669070243835,0.3261902928352356,0.6738097071647644,0.6738097071647644,0,0,1
2022-01-26 00:00:00-05:00,1829.900024,-0.608954906463623,0.3522976338863373,0.6477023661136627,0.6477023661136627,0,0,1
2022-01-27 00:00:00-05:00,1793.300049,-1.0722754001617432,0.25497061014175415,0.7450293898582458,0.7450293898582458,0,0,1
2022-01-28 00:00:00-05:00,1784.900024,-1.1244347095489502,0.2451896220445633,0.7548103779554367,0.7548103779554367,0,1,0
2022-01-29 00:00:00-05:00,1788.2666826666666,-1.0335696935653687,0.26239264011383057,0.7376073598861694,0.7376073598861694,0,1,0
2022-01-30 00:00:00-05:00,1791.6333413333334,-0.32684946060180664,0.4190073609352112,0.5809926390647888,0.5809926390647888,0,1,0
2022-01-31 00:00:00-05:00,1795.0,0.4041845202445984,0.5996925830841064,0.40030741691589355,0.5996925830841064,1,1,1
2022-02-01 00:00:00-05:00,1800.300049,0.3247305154800415,0.580476701259613,0.41952329874038696,0.580476701259613,1,1,1
2022-02-02 00:00:00-05:00,1809.199951,0.11141926050186157,0.5278260111808777,0.4721739888191223,0.5278260111808777,1,0,0
2022-02-03 00:00:00-05:00,1803.0,-0.3217625617980957,0.42024627327919006,0.5797537267208099,0.5797537267208099,0,1,0
2022-02-04 00:00:00-05:00,1806.599976,-0.8964643478393555,0.28977760672569275,0.7102223932743073,0.7102223932743073,0,1,0
2022-02-05 00:00:00-05:00,1811.2666426666667,-0.3310384750366211,0.41798797249794006,0.5820120275020599,0.5820120275020599,0,1,0
2022-02-06 00:00:00-05:00,1815.9333093333328,-0.34945809841156006,0.41351383924484253,0.5864861607551575,0.5864861607551575,0,1,0
2022-02-07 00:00:00-05:00,1820.599976,-0.4909937381744385,0.3796594738960266,0.6203405261039734,0.6203405261039734,0,1,0
2022-02-08 00:00:00-05:00,1826.599976,-0.6348075866699219,0.3464212119579315,0.6535787880420685,0.6535787880420685,0,1,0
2022-02-09 00:00:00-05:00,1835.199951,-0.5440692901611328,0.3672415018081665,0.6327584981918335,0.6327584981918335,0,1,0
2022-02-10 00:00:00-05:00,1836.199951,-0.2735409736633301,0.43203800916671753,0.5679619908332825,0.5679619908332825,0,1,0
2022-02-11 00:00:00-05:00,1840.800049,0.7280852794647217,0.6743849515914917,0.3256150484085083,0.6743849515914917,1,1,1
2022-02-12 00:00:00-05:00,1849.8666993333331,0.23366527259349823,0.5581519603729248,0.4418480396270752,0.5581519603729248,1,1,1
2022-02-13 00:00:00-05:00,1858.9333496666663,-0.14564310014247894,0.46365347504615784,0.5363465249538422,0.5363465249538422,0,1,0
2022-02-14 00:00:00-05:00,1868.0,0.5500586628913879,0.6341491937637329,0.3658508062362671,0.6341491937637329,1,0,0
2022-02-15 00:00:00-05:00,1854.800049,-0.431913822889328,0.3936694264411926,0.6063305735588074,0.6063305735588074,0,1,0
2022-02-16 00:00:00-05:00,1870.199951,-0.31497442722320557,0.42190101742744446,0.5780989825725555,0.5780989825725555,0,1,0
2022-02-17 00:00:00-05:00,1900.699951,0.6058222055435181,0.6469871997833252,0.3530128002166748,0.6469871997833252,1,0,0
2022-02-18 00:00:00-05:00,1898.599976,-1.0039030313491821,0.2681747376918793,0.7318252623081207,0.7318252623081207,0,1,0
2022-02-19 00:00:00-05:00,1900.474976,-0.7892081141471863,0.3123387396335602,0.6876612603664398,0.6876612603664398,0,1,0
2022-02-20 00:00:00-05:00,1902.349976,0.7281432151794434,0.6743976473808289,0.32560235261917114,0.6743976473808289,1,1,1
2022-02-21 00:00:00-05:00,1904.224976,1.022843599319458,0.7355261445045471,0.2644738554954529,0.7355261445045471,1,1,1
2022-02-22 00:00:00-05:00,1906.099976,0.3268148601055145,0.5809841752052307,0.4190158247947693,0.5809841752052307,1,1,1
2022-02-23 00:00:00-05:00,1909.199951,0.37485000491142273,0.5926303863525391,0.40736961364746094,0.5926303863525391,1,1,1
2022-02-24 00:00:00-05:00,1925.099976,-0.6009039878845215,0.3541369140148163,0.6458630859851837,0.6458630859851837,0,0,1
2022-02-25 00:00:00-05:00,1886.5,-1.223987102508545,0.2272355556488037,0.7727644443511963,0.7727644443511963,0,1,0
2022-02-26 00:00:00-05:00,1890.800008,-1.3063071966171265,0.2131054550409317,0.7868945449590683,0.7868945449590683,0,1,0
2022-02-27 00:00:00-05:00,1895.100016,0.10400401800870895,0.5259775519371033,0.47402244806289673,0.5259775519371033,1,1,1
2022-02-28 00:00:00-05:00,1899.400024,0.38719964027404785,0.5956083536148071,0.40439164638519287,0.5956083536148071,1,1,1
2022-03-01 00:00:00-05:00,1942.400024,-0.15364979207515717,0.4616629481315613,0.5383370518684387,0.5383370518684387,0,0,1
2022-03-02 00:00:00-05:00,1920.900024,-0.40803825855255127,0.3993825912475586,0.6006174087524414,0.6006174087524414,0,1,0
2022-03-03 00:00:00-05:00,1934.400024,-0.6024261713027954,0.3537888526916504,0.6462111473083496,0.6462111473083496,0,1,0
2022-03-04 00:00:00-05:00,1965.099976,-0.48118260502815247,0.38197290897369385,0.6180270910263062,0.6180270910263062,0,1,0
2022-03-05 00:00:00-05:00,1974.699992,-1.5357592105865479,0.1771526038646698,0.8228473961353302,0.8228473961353302,0,1,0
2022-03-06 00:00:00-05:00,1984.300008,-1.3195852041244507,0.21088731288909912,0.7891126871109009,0.7891126871109009,0,1,0
2022-03-07 00:00:00-05:00,1993.900024,-1.2914029359817505,0.2156154364347458,0.7843845635652542,0.7843845635652542,0,1,0
2022-03-08 00:00:00-05:00,2040.099976,-1.681012511253357,0.15696144104003906,0.8430385589599609,0.8430385589599609,0,0,1
2022-03-09 00:00:00-05:00,1985.900024,-1.392607569694519,0.1989917904138565,0.8010082095861435,0.8010082095861435,0,1,0
2022-03-10 00:00:00-05:00,1998.099976,-1.1164582967758179,0.24666883051395416,0.7533311694860458,0.7533311694860458,0,0,1
2022-03-11 00:00:00-05:00,1982.699951,-0.5462233424186707,0.3667410910129547,0.6332589089870453,0.6332589089870453,0,0,1
2022-03-12 00:00:00-05:00,1981.4294117842323,-0.7637694478034973,0.3178284466266632,0.6821715533733368,0.6821715533733368,0,0,1
2022-03-13 00:00:00-05:00,1980.1588725684649,-0.6990191340446472,0.3320297598838806,0.6679702401161194,0.6679702401161194,0,0,1
2022-03-14 00:00:00-05:00,1978.8883333526967,-0.3982517123222351,0.401732474565506,0.598267525434494,0.598267525434494,0,0,1
2022-03-15 00:00:00-05:00,1977.6177941369292,-0.25815755128860474,0.4358166754245758,0.5641833245754242,0.5641833245754242,0,0,1
2022-03-16 00:00:00-05:00,1976.347254921162,-0.15150682628154755,0.46219560503959656,0.5378043949604034,0.5378043949604034,0,0,1
2022-03-17 00:00:00-05:00,1975.0767157053945,0.15522027015686035,0.538727343082428,0.461272656917572,0.538727343082428,1,0,0
2022-03-18 00:00:00-05:00,1973.8061764896263,0.2864510118961334,0.5711270570755005,0.4288729429244995,0.5711270570755005,1,0,0
2022-03-19 00:00:00-05:00,1972.535637273859,0.429461270570755,0.6057450175285339,0.39425498247146606,0.6057450175285339,1,0,0
2022-03-20 00:00:00-05:00,1971.2650980580916,0.19480715692043304,0.5485484004020691,0.4514515995979309,0.5485484004020691,1,0,0
2022-03-21 00:00:00-05:00,1969.994558842324,0.14273753762245178,0.5356239676475525,0.4643760323524475,0.5356239676475525,1,0,0
2022-03-22 00:00:00-05:00,1968.724019626556,-0.5619721412658691,0.36309126019477844,0.6369087398052216,0.6369087398052216,0,0,1
2022-03-23 00:00:00-05:00,1967.4534804107884,-0.041789207607507706,0.4895542562007904,0.5104457437992096,0.5104457437992096,0,0,1
2022-03-24 00:00:00-05:00,1966.1829411950207,-1.551597237586975,0.17485569417476654,0.8251443058252335,0.8251443058252335,0,0,1
2022-03-25 00:00:00-05:00,1964.9124019792528,-1.5377143621444702,0.1768677979707718,0.8231322020292282,0.8231322020292282,0,0,1
2022-03-26 00:00:00-05:00,1963.6418627634853,-1.8328876495361328,0.1378946304321289,0.8621053695678711,0.8621053695678711,0,0,1
2022-03-27 00:00:00-05:00,1962.3713235477176,-1.9517310857772827,0.12436473369598389,0.8756352663040161,0.8756352663040161,0,0,1
2022-03-28 00:00:00-05:00,1961.1007843319503,-2.0787813663482666,0.11117632687091827,0.8888236731290817,0.8888236731290817,0,0,1
2022-03-29 00:00:00-05:00,1959.8302451161824,-2.9591965675354004,0.049303654581308365,0.9506963454186916,0.9506963454186916,0,0,1
2022-03-30 00:00:00-05:00,1958.5597059004149,-3.628781795501709,0.025861909613013268,0.9741380903869867,0.9741380903869867,0,0,1
2022-03-31 00:00:00-05:00,1957.2891666846476,-3.921335220336914,0.019429629668593407,0.9805703703314066,0.9805703703314066,0,0,1
2022-04-01 00:00:00-05:00,1956.01862746888,-3.893064260482788,0.019975632429122925,0.9800243675708771,0.9800243675708771,0,0,1
2022-04-02 00:00:00-05:00,1954.748088253112,-3.88946270942688,0.020046262070536613,0.9799537379294634,0.9799537379294634,0,0,1
2022-04-03 00:00:00-05:00,1953.4775490373445,-3.942908763885498,0.01902284100651741,0.9809771589934826,0.9809771589934826,0,0,1
2022-04-04 00:00:00-05:00,1952.2070098215768,-3.8416075706481934,0.021008258685469627,0.9789917413145304,0.9789917413145304,0,0,1
2022-04-05 00:00:00-05:00,1950.936470605809,-3.8677306175231934,0.0204776581376791,0.9795223418623209,0.9795223418623209,0,0,1
2022-04-06 00:00:00-05:00,1949.6659313900416,-3.9065604209899902,0.019713127985596657,0.9802868720144033,0.9802868720144033,0,0,1
2022-04-07 00:00:00-05:00,1948.3953921742736,-3.8807194232940674,0.02021874114871025,0.9797812588512897,0.9797812588512897,0,0,1
2022-04-08 00:00:00-05:00,1947.1248529585064,-3.8807194232940674,0.02021874114871025,0.9797812588512897,0.9797812588512897,0,0,1
2022-04-09 00:00:00-05:00,1945.854313742739,-3.908287763595581,0.019679775461554527,0.9803202245384455,0.9803202245384455,0,0,1
2022-04-10 00:00:00-05:00,1944.583774526971,-3.916104316711426,0.019529540091753006,0.980470459908247,0.980470459908247,0,0,1
2022-04-11 00:00:00-05:00,1943.3132353112037,-3.916104316711426,0.019529540091753006,0.980470459908247,0.980470459908247,0,0,1
2022-04-12 00:00:00-05:00,1942.042696095436,-3.916104316711426,0.019529540091753006,0.980470459908247,0.980470459908247,0,0,1
2022-04-13 00:00:00-05:00,1940.772156879668,-3.938425302505493,0.019106687977910042,0.98089331202209,0.98089331202209,0,0,1
2022-04-14 00:00:00-05:00,1939.5016176639008,-3.938425302505493,0.019106687977910042,0.98089331202209,0.98089331202209,0,0,1
2022-04-15 00:00:00-05:00,1938.2310784481328,-4.002197265625,0.017947440966963768,0.9820525590330362,0.9820525590330362,0,0,1
2022-04-16 00:00:00-05:00,1936.960539232365,-3.9547972679138184,0.018802253529429436,0.9811977464705706,0.9811977464705706,0,0,1
2022-04-17 00:00:00-05:00,1935.6900000165977,-3.9547972679138184,0.018802253529429436,0.9811977464705706,0.9811977464705706,0,0,1
2022-04-18 00:00:00-05:00,1934.41946080083,-3.890873432159424,0.020018568262457848,0.9799814317375422,0.9799814317375422,0,0,1
2022-04-19 00:00:00-05:00,1933.1489215850625,-3.890873432159424,0.020018568262457848,0.9799814317375422,0.9799814317375422,0,0,1
2022-04-20 00:00:00-05:00,1931.8783823692947,-3.890873432159424,0.020018568262457848,0.9799814317375422,0.9799814317375422,0,0,1
2022-04-21 00:00:00-05:00,1930.607843153527,-3.9278573989868164,0.0193057581782341,0.9806942418217659,0.9806942418217659,0,0,1
2022-04-22 00:00:00-05:00,1929.3373039377595,-3.9278573989868164,0.0193057581782341,0.9806942418217659,0.9806942418217659,0,0,1
2022-04-23 00:00:00-05:00,1928.066764721992,-3.9278573989868164,0.0193057581782341,0.9806942418217659,0.9806942418217659,0,0,1
2022-04-24 00:00:00-05:00,1926.796225506224,-3.9278573989868164,0.0193057581782341,0.9806942418217659,0.9806942418217659,0,0,1
2022-04-25 00:00:00-05:00,1925.5256862904564,-3.9278573989868164,0.0193057581782341,0.9806942418217659,0.9806942418217659,0,0,1
2022-04-26 00:00:00-05:00,1924.255147074689,-3.9278573989868164,0.0193057581782341,0.9806942418217659,0.9806942418217659,0,0,1
2022-04-27 00:00:00-05:00,1922.9846078589208,-3.9278573989868164,0.0193057581782341,0.9806942418217659,0.9806942418217659,0,0,1
2022-04-28 00:00:00-05:00,1921.7140686431533,-3.9278573989868164,0.0193057581782341,0.9806942418217659,0.9806942418217659,0,0,1
2022-04-29 00:00:00-05:00,1920.443529427386,-3.9278573989868164,0.0193057581782341,0.9806942418217659,0.9806942418217659,0,0,1
2022-04-30 00:00:00-05:00,1919.1729902116183,-3.9278573989868164,0.0193057581782341,0.9806942418217659,0.9806942418217659,0,0,1
2022-05-01 00:00:00-05:00,1917.9024509958504,-3.9278573989868164,0.0193057581782341,0.9806942418217659,0.9806942418217659,0,0,1
2022-05-02 00:00:00-05:00,1916.631911780083,-3.8820371627807617,0.020192652940750122,0.9798073470592499,0.9798073470592499,0,0,1
2022-05-03 00:00:00-05:00,1915.3613725643156,-3.8820371627807617,0.020192652940750122,0.9798073470592499,0.9798073470592499,0,0,1
2022-05-04 00:00:00-05:00,1914.090833348548,-3.8820371627807617,0.020192652940750122,0.9798073470592499,0.9798073470592499,0,0,1
2022-05-05 00:00:00-05:00,1912.82029413278,-3.8820371627807617,0.020192652940750122,0.9798073470592499,0.9798073470592499,0,0,1
2022-05-06 00:00:00-05:00,1911.5497549170125,-3.8820371627807617,0.020192652940750122,0.9798073470592499,0.9798073470592499,0,0,1
2022-05-07 00:00:00-05:00,1910.2792157012448,-3.8985958099365234,0.019867630675435066,0.9801323693245649,0.9801323693245649,0,0,1
2022-05-08 00:00:00-05:00,1909.0086764854773,-3.8985958099365234,0.019867630675435066,0.9801323693245649,0.9801323693245649,0,0,1
2022-05-09 00:00:00-05:00,1907.7381372697096,-3.8985958099365234,0.019867630675435066,0.9801323693245649,0.9801323693245649,0,0,1
2022-05-10 00:00:00-05:00,1906.4675980539416,-3.8985958099365234,0.019867630675435066,0.9801323693245649,0.9801323693245649,0,0,1
2022-05-11 00:00:00-05:00,1905.1970588381744,-3.8985958099365234,0.019867630675435066,0.9801323693245649,0.9801323693245649,0,0,1
2022-05-12 00:00:00-05:00,1903.9265196224069,-3.649021625518799,0.025356872007250786,0.9746431279927492,0.9746431279927492,0,0,1
2022-05-13 00:00:00-05:00,1902.655980406639,-3.649021625518799,0.025356872007250786,0.9746431279927492,0.9746431279927492,0,0,1
2022-05-14 00:00:00-05:00,1901.3854411908717,-3.649021625518799,0.025356872007250786,0.9746431279927492,0.9746431279927492,0,0,1
2022-05-15 00:00:00-05:00,1900.114901975104,-3.649021625518799,0.025356872007250786,0.9746431279927492,0.9746431279927492,0,0,1
2022-05-16 00:00:00-05:00,1898.844362759336,-3.649021625518799,0.025356872007250786,0.9746431279927492,0.9746431279927492,0,0,1
2022-05-17 00:00:00-05:00,1897.5738235435688,-3.649021625518799,0.025356872007250786,0.9746431279927492,0.9746431279927492,0,0,1
2022-05-18 00:00:00-05:00,1896.3032843278008,-3.649021625518799,0.025356872007250786,0.9746431279927492,0.9746431279927492,0,0,1
2022-05-19 00:00:00-05:00,1895.032745112033,-3.649021625518799,0.025356872007250786,0.9746431279927492,0.9746431279927492,0,0,1
2022-05-20 00:00:00-05:00,1893.7622058962656,-3.649021625518799,0.025356872007250786,0.9746431279927492,0.9746431279927492,0,0,1
2022-05-21 00:00:00-05:00,1892.491666680498,-3.649021625518799,0.025356872007250786,0.9746431279927492,0.9746431279927492,0,0,1
2022-05-22 00:00:00-05:00,1891.2211274647304,-3.649021625518799,0.025356872007250786,0.9746431279927492,0.9746431279927492,0,0,1
2022-05-23 00:00:00-05:00,1889.9505882489627,-3.649021625518799,0.025356872007250786,0.9746431279927492,0.9746431279927492,0,0,1
2022-05-24 00:00:00-05:00,1888.680049033195,-3.649021625518799,0.025356872007250786,0.9746431279927492,0.9746431279927492,0,0,1
2022-05-25 00:00:00-05:00,1887.4095098174275,-3.649021625518799,0.025356872007250786,0.9746431279927492,0.9746431279927492,0,0,1
2022-05-26 00:00:00-05:00,1886.13897060166,-3.649021625518799,0.025356872007250786,0.9746431279927492,0.9746431279927492,0,0,1
2022-05-27 00:00:00-05:00,1884.868431385892,-3.649021625518799,0.025356872007250786,0.9746431279927492,0.9746431279927492,0,0,1
2022-05-28 00:00:00-05:00,1883.5978921701244,-3.649021625518799,0.025356872007250786,0.9746431279927492,0.9746431279927492,0,0,1
2022-05-29 00:00:00-05:00,1882.327352954357,-3.649021625518799,0.025356872007250786,0.9746431279927492,0.9746431279927492,0,0,1
2022-05-30 00:00:00-05:00,1881.0568137385887,-3.649021625518799,0.025356872007250786,0.9746431279927492,0.9746431279927492,0,0,1
2022-05-31 00:00:00-05:00,1879.7862745228217,-3.649021625518799,0.025356872007250786,0.9746431279927492,0.9746431279927492,0,0,1
2022-06-01 00:00:00-05:00,1878.515735307054,-3.649021625518799,0.025356872007250786,0.9746431279927492,0.9746431279927492,0,0,1
2022-06-02 00:00:00-05:00,1877.2451960912863,-3.649021625518799,0.025356872007250786,0.9746431279927492,0.9746431279927492,0,0,1
2022-06-03 00:00:00-05:00,1875.9746568755188,-3.649021625518799,0.025356872007250786,0.9746431279927492,0.9746431279927492,0,0,1
2022-06-04 00:00:00-05:00,1874.704117659751,-3.649021625518799,0.025356872007250786,0.9746431279927492,0.9746431279927492,0,0,1
2022-06-05 00:00:00-05:00,1873.4335784439836,-3.649021625518799,0.025356872007250786,0.9746431279927492,0.9746431279927492,0,0,1
2022-06-06 00:00:00-05:00,1872.163039228216,-3.649021625518799,0.025356872007250786,0.9746431279927492,0.9746431279927492,0,0,1
2022-06-07 00:00:00-05:00,1870.892500012448,-3.649021625518799,0.025356872007250786,0.9746431279927492,0.9746431279927492,0,0,1
2022-06-08 00:00:00-05:00,1869.6219607966805,-3.649021625518799,0.025356872007250786,0.9746431279927492,0.9746431279927492,0,0,1
2022-06-09 00:00:00-05:00,1868.351421580913,-3.649021625518799,0.025356872007250786,0.9746431279927492,0.9746431279927492,0,0,1
2022-06-10 00:00:00-05:00,1867.0808823651453,-3.649021625518799,0.025356872007250786,0.9746431279927492,0.9746431279927492,0,0,1
2022-06-11 00:00:00-05:00,1865.8103431493776,-3.649021625518799,0.025356872007250786,0.9746431279927492,0.9746431279927492,0,0,1
2022-06-12 00:00:00-05:00,1864.53980393361,-3.649021625518799,0.025356872007250786,0.9746431279927492,0.9746431279927492,0,0,1
2022-06-13 00:00:00-05:00,1863.2692647178424,-3.649021625518799,0.025356872007250786,0.9746431279927492,0.9746431279927492,0,0,1
2022-06-14 00:00:00-05:00,1861.9987255020744,-3.649021625518799,0.025356872007250786,0.9746431279927492,0.9746431279927492,0,0,1
2022-06-15 00:00:00-05:00,1860.7281862863072,-3.649021625518799,0.025356872007250786,0.9746431279927492,0.9746431279927492,0,0,1
2022-06-16 00:00:00-05:00,1859.4576470705397,-3.649021625518799,0.025356872007250786,0.9746431279927492,0.9746431279927492,0,0,1
2022-06-17 00:00:00-05:00,1858.187107854772,-3.649021625518799,0.025356872007250786,0.9746431279927492,0.9746431279927492,0,0,1
2022-06-18 00:00:00-05:00,1856.9165686390045,-3.649021625518799,0.025356872007250786,0.9746431279927492,0.9746431279927492,0,0,1
2022-06-19 00:00:00-05:00,1855.6460294232363,-3.649021625518799,0.025356872007250786,0.9746431279927492,0.9746431279927492,0,0,1
2022-06-20 00:00:00-05:00,1854.3754902074688,-3.649021625518799,0.025356872007250786,0.9746431279927492,0.9746431279927492,0,0,1
2022-06-21 00:00:00-05:00,1853.1049509917011,-3.649021625518799,0.025356872007250786,0.9746431279927492,0.9746431279927492,0,0,1
2022-06-22 00:00:00-05:00,1851.8344117759336,-3.649021625518799,0.025356872007250786,0.9746431279927492,0.9746431279927492,0,0,1
2022-06-23 00:00:00-05:00,1850.563872560166,-3.649021625518799,0.025356872007250786,0.9746431279927492,0.9746431279927492,0,0,1
2022-06-24 00:00:00-05:00,1849.2933333443984,-3.649021625518799,0.025356872007250786,0.9746431279927492,0.9746431279927492,0,0,1
2022-06-25 00:00:00-05:00,1848.0227941286307,-3.649021625518799,0.025356872007250786,0.9746431279927492,0.9746431279927492,0,0,1
2022-06-26 00:00:00-05:00,1846.752254912863,-3.649021625518799,0.025356872007250786,0.9746431279927492,0.9746431279927492,0,0,1
2022-06-27 00:00:00-05:00,1845.4817156970955,-3.649021625518799,0.025356872007250786,0.9746431279927492,0.9746431279927492,0,0,1
2022-06-28 00:00:00-05:00,1844.211176481328,-3.649021625518799,0.025356872007250786,0.9746431279927492,0.9746431279927492,0,0,1
2022-06-29 00:00:00-05:00,1842.94063726556,-3.649021625518799,0.025356872007250786,0.9746431279927492,0.9746431279927492,0,0,1
2022-06-30 00:00:00-05:00,1841.6700980497928,-3.649021625518799,0.025356872007250786,0.9746431279927492,0.9746431279927492,0,0,1
2022-07-01 00:00:00-05:00,1840.399558834025,-3.649021625518799,0.025356872007250786,0.9746431279927492,0.9746431279927492,0,0,1
2022-07-02 00:00:00-05:00,1839.1290196182567,-3.649021625518799,0.025356872007250786,0.9746431279927492,0.9746431279927492,0,0,1
2022-07-03 00:00:00-05:00,1837.8584804024897,-3.649021625518799,0.025356872007250786,0.9746431279927492,0.9746431279927492,0,0,1
2022-07-04 00:00:00-05:00,1836.587941186722,-3.649021625518799,0.025356872007250786,0.9746431279927492,0.9746431279927492,0,0,1
2022-07-05 00:00:00-05:00,1835.3174019709545,-3.649021625518799,0.025356872007250786,0.9746431279927492,0.9746431279927492,0,0,1
2022-07-06 00:00:00-05:00,1834.0468627551868,-3.649021625518799,0.025356872007250786,0.9746431279927492,0.9746431279927492,0,0,1
2022-07-07 00:00:00-05:00,1832.776323539419,-3.649021625518799,0.025356872007250786,0.9746431279927492,0.9746431279927492,0,0,1
2022-07-08 00:00:00-05:00,1831.5057843236516,-3.649021625518799,0.025356872007250786,0.9746431279927492,0.9746431279927492,0,0,1
2022-07-09 00:00:00-05:00,1830.235245107884,-3.649021625518799,0.025356872007250786,0.9746431279927492,0.9746431279927492,0,0,1
2022-07-10 00:00:00-05:00,1828.964705892116,-3.649021625518799,0.025356872007250786,0.9746431279927492,0.9746431279927492,0,0,1
2022-07-11 00:00:00-05:00,1827.6941666763487,-3.649021625518799,0.025356872007250786,0.9746431279927492,0.9746431279927492,0,0,1
2022-07-12 00:00:00-05:00,1826.423627460581,-3.649021625518799,0.025356872007250786,0.9746431279927492,0.9746431279927492,0,0,1
2022-07-13 00:00:00-05:00,1825.1530882448133,-3.649021625518799,0.025356872007250786,0.9746431279927492,0.9746431279927492,0,0,1
2022-07-14 00:00:00-05:00,1823.882549029045,-3.649021625518799,0.025356872007250786,0.9746431279927492,0.9746431279927492,0,0,1
2022-07-15 00:00:00-05:00,1822.612009813278,-3.649021625518799,0.025356872007250786,0.9746431279927492,0.9746431279927492,0,0,1
2022-07-16 00:00:00-05:00,1821.3414705975104,-3.649021625518799,0.025356872007250786,0.9746431279927492,0.9746431279927492,0,0,1
2022-07-17 00:00:00-05:00,1820.0709313817429,-3.649021625518799,0.025356872007250786,0.9746431279927492,0.9746431279927492,0,0,1
2022-07-18 00:00:00-05:00,1818.8003921659752,-3.649021625518799,0.025356872007250786,0.9746431279927492,0.9746431279927492,0,0,1
2022-07-19 00:00:00-05:00,1817.5298529502077,-3.649021625518799,0.025356872007250786,0.9746431279927492,0.9746431279927492,0,0,1
2022-07-20 00:00:00-05:00,1816.25931373444,-3.649021625518799,0.025356872007250786,0.9746431279927492,0.9746431279927492,0,0,1
2022-07-21 00:00:00-05:00,1814.988774518672,-3.649021625518799,0.025356872007250786,0.9746431279927492,0.9746431279927492,0,0,1
2022-07-22 00:00:00-05:00,1813.7182353029043,-3.649021625518799,0.025356872007250786,0.9746431279927492,0.9746431279927492,0,0,1
2022-07-23 00:00:00-05:00,1812.447696087137,-3.649021625518799,0.025356872007250786,0.9746431279927492,0.9746431279927492,0,0,1
2022-07-24 00:00:00-05:00,1811.177156871369,-3.649021625518799,0.025356872007250786,0.9746431279927492,0.9746431279927492,0,0,1
2022-07-25 00:00:00-05:00,1809.9066176556016,-3.649021625518799,0.025356872007250786,0.9746431279927492,0.9746431279927492,0,0,1
2022-07-26 00:00:00-05:00,1808.636078439834,-3.649021625518799,0.025356872007250786,0.9746431279927492,0.9746431279927492,0,0,1
2022-07-27 00:00:00-05:00,1807.3655392240664,-3.649021625518799,0.025356872007250786,0.9746431279927492,0.9746431279927492,0,0,1
2022-07-28 00:00:00-05:00,1806.0950000082987,-3.649021625518799,0.025356872007250786,0.9746431279927492,0.9746431279927492,0,0,1
2022-07-29 00:00:00-05:00,1804.8244607925312,-3.649021625518799,0.025356872007250786,0.9746431279927492,0.9746431279927492,0,0,1
2022-07-30 00:00:00-05:00,1803.5539215767635,-3.649021625518799,0.025356872007250786,0.9746431279927492,0.9746431279927492,0,0,1
2022-07-31 00:00:00-05:00,1802.283382360996,-3.649021625518799,0.025356872007250786,0.9746431279927492,0.9746431279927492,0,0,1
2022-08-01 00:00:00-05:00,1801.0128431452283,-3.649021625518799,0.025356872007250786,0.9746431279927492,0.9746431279927492,0,0,1
2022-08-02 00:00:00-05:00,1799.7423039294606,-3.649021625518799,0.025356872007250786,0.9746431279927492,0.9746431279927492,0,0,1
2022-08-03 00:00:00-05:00,1798.471764713693,-3.649021625518799,0.025356872007250786,0.9746431279927492,0.9746431279927492,0,0,1
2022-08-04 00:00:00-05:00,1797.2012254979254,-3.649021625518799,0.025356872007250786,0.9746431279927492,0.9746431279927492,0,0,1
2022-08-05 00:00:00-05:00,1795.9306862821577,-3.649021625518799,0.025356872007250786,0.9746431279927492,0.9746431279927492,0,0,1
2022-08-06 00:00:00-05:00,1794.66014706639,-3.649021625518799,0.025356872007250786,0.9746431279927492,0.9746431279927492,0,0,1
2022-08-07 00:00:00-05:00,1793.3896078506225,-3.649021625518799,0.025356872007250786,0.9746431279927492,0.9746431279927492,0,0,1
2022-08-08 00:00:00-05:00,1792.1190686348548,-3.6707987785339355,0.024824200198054314,0.9751757998019457,0.9751757998019457,0,0,1
2022-08-09 00:00:00-05:00,1790.848529419087,-3.6707987785339355,0.024824200198054314,0.9751757998019457,0.9751757998019457,0,0,1
2022-08-10 00:00:00-05:00,1789.5779902033196,-3.6707987785339355,0.024824200198054314,0.9751757998019457,0.9751757998019457,0,0,1
2022-08-11 00:00:00-05:00,1788.307450987552,-3.6707987785339355,0.024824200198054314,0.9751757998019457,0.9751757998019457,0,0,1
2022-08-12 00:00:00-05:00,1787.0369117717842,-3.6707987785339355,0.024824200198054314,0.9751757998019457,0.9751757998019457,0,0,1
2022-08-13 00:00:00-05:00,1785.766372556017,-3.6707987785339355,0.024824200198054314,0.9751757998019457,0.9751757998019457,0,0,1
2022-08-14 00:00:00-05:00,1784.495833340249,-3.6707987785339355,0.024824200198054314,0.9751757998019457,0.9751757998019457,0,0,1
2022-08-15 00:00:00-05:00,1783.2252941244813,-3.6707987785339355,0.024824200198054314,0.9751757998019457,0.9751757998019457,0,0,1
2022-08-16 00:00:00-05:00,1781.9547549087138,-3.6707987785339355,0.024824200198054314,0.9751757998019457,0.9751757998019457,0,0,1
2022-08-17 00:00:00-05:00,1780.684215692946,-3.6707987785339355,0.024824200198054314,0.9751757998019457,0.9751757998019457,0,0,1
2022-08-18 00:00:00-05:00,1779.4136764771783,-3.6707987785339355,0.024824200198054314,0.9751757998019457,0.9751757998019457,0,0,1
2022-08-19 00:00:00-05:00,1778.1431372614109,-3.6707987785339355,0.024824200198054314,0.9751757998019457,0.9751757998019457,0,0,1
2022-08-20 00:00:00-05:00,1776.8725980456431,-3.6707987785339355,0.024824200198054314,0.9751757998019457,0.9751757998019457,0,0,1
2022-08-21 00:00:00-05:00,1775.6020588298754,-3.6707987785339355,0.024824200198054314,0.9751757998019457,0.9751757998019457,0,0,1
2022-08-22 00:00:00-05:00,1774.331519614108,-3.6707987785339355,0.024824200198054314,0.9751757998019457,0.9751757998019457,0,0,1
2022-08-23 00:00:00-05:00,1773.0609803983402,-3.6707987785339355,0.024824200198054314,0.9751757998019457,0.9751757998019457,0,0,1
2022-08-24 00:00:00-05:00,1771.7904411825723,-3.6707987785339355,0.024824200198054314,0.9751757998019457,0.9751757998019457,0,0,1
2022-08-25 00:00:00-05:00,1770.519901966805,-3.6707987785339355,0.024824200198054314,0.9751757998019457,0.9751757998019457,0,0,1
2022-08-26 00:00:00-05:00,1769.249362751037,-3.6707987785339355,0.024824200198054314,0.9751757998019457,0.9751757998019457,0,0,1
2022-08-27 00:00:00-05:00,1767.9788235352696,-3.6707987785339355,0.024824200198054314,0.9751757998019457,0.9751757998019457,0,0,1
2022-08-28 00:00:00-05:00,1766.708284319502,-3.6707987785339355,0.024824200198054314,0.9751757998019457,0.9751757998019457,0,0,1
2022-08-29 00:00:00-05:00,1765.4377451037344,-3.6707987785339355,0.024824200198054314,0.9751757998019457,0.9751757998019457,0,0,1
2022-08-30 00:00:00-05:00,1764.1672058879667,-3.6707987785339355,0.024824200198054314,0.9751757998019457,0.9751757998019457,0,0,1
2022-08-31 00:00:00-05:00,1762.8966666721992,-3.6707987785339355,0.024824200198054314,0.9751757998019457,0.9751757998019457,0,0,1
2022-09-01 00:00:00-05:00,1761.6261274564315,-3.6707987785339355,0.024824200198054314,0.9751757998019457,0.9751757998019457,0,0,1
2022-09-02 00:00:00-05:00,1760.355588240664,-3.6707987785339355,0.024824200198054314,0.9751757998019457,0.9751757998019457,0,0,1
2022-09-03 00:00:00-05:00,1759.0850490248963,-3.6707987785339355,0.024824200198054314,0.9751757998019457,0.9751757998019457,0,0,1
2022-09-04 00:00:00-05:00,1757.8145098091286,-3.6707987785339355,0.024824200198054314,0.9751757998019457,0.9751757998019457,0,0,1
2022-09-05 00:00:00-05:00,1756.5439705933609,-3.6707987785339355,0.024824200198054314,0.9751757998019457,0.9751757998019457,0,0,1
2022-09-06 00:00:00-05:00,1755.2734313775934,-3.645732879638672,0.025438275188207626,0.9745617248117924,0.9745617248117924,0,0,1
2022-09-07 00:00:00-05:00,1754.0028921618257,-3.645732879638672,0.025438275188207626,0.9745617248117924,0.9745617248117924,0,0,1
2022-09-08 00:00:00-05:00,1752.7323529460582,-3.645732879638672,0.025438275188207626,0.9745617248117924,0.9745617248117924,0,0,1
2022-09-09 00:00:00-05:00,1751.4618137302905,-3.645732879638672,0.025438275188207626,0.9745617248117924,0.9745617248117924,0,0,1
2022-09-10 00:00:00-05:00,1750.1912745145228,-3.645732879638672,0.025438275188207626,0.9745617248117924,0.9745617248117924,0,0,1
2022-09-11 00:00:00-05:00,1748.920735298755,-3.645732879638672,0.025438275188207626,0.9745617248117924,0.9745617248117924,0,0,1
2022-09-12 00:00:00-05:00,1747.6501960829876,-3.645732879638672,0.025438275188207626,0.9745617248117924,0.9745617248117924,0,0,1
2022-09-13 00:00:00-05:00,1746.37965686722,-3.645732879638672,0.025438275188207626,0.9745617248117924,0.9745617248117924,0,0,1
2022-09-14 00:00:00-05:00,1745.1091176514524,-3.645732879638672,0.025438275188207626,0.9745617248117924,0.9745617248117924,0,0,1
2022-09-15 00:00:00-05:00,1743.838578435685,-3.645732879638672,0.025438275188207626,0.9745617248117924,0.9745617248117924,0,0,1
2022-09-16 00:00:00-05:00,1742.568039219917,-3.645732879638672,0.025438275188207626,0.9745617248117924,0.9745617248117924,0,0,1
2022-09-17 00:00:00-05:00,1741.2975000041497,-3.645732879638672,0.025438275188207626,0.9745617248117924,0.9745617248117924,0,0,1
2022-09-18 00:00:00-05:00,1740.0269607883818,-3.645732879638672,0.025438275188207626,0.9745617248117924,0.9745617248117924,0,0,1
2022-09-19 00:00:00-05:00,1738.756421572614,-3.645732879638672,0.025438275188207626,0.9745617248117924,0.9745617248117924,0,0,1
2022-09-20 00:00:00-05:00,1737.4858823568466,-3.645732879638672,0.025438275188207626,0.9745617248117924,0.9745617248117924,0,0,1
2022-09-21 00:00:00-05:00,1736.2153431410788,-3.645732879638672,0.025438275188207626,0.9745617248117924,0.9745617248117924,0,0,1
2022-09-22 00:00:00-05:00,1734.9448039253111,-3.645732879638672,0.025438275188207626,0.9745617248117924,0.9745617248117924,0,0,1
2022-09-23 00:00:00-05:00,1733.6742647095436,-3.645732879638672,0.025438275188207626,0.9745617248117924,0.9745617248117924,0,0,1
2022-09-24 00:00:00-05:00,1732.403725493776,-3.645732879638672,0.025438275188207626,0.9745617248117924,0.9745617248117924,0,0,1
2022-09-25 00:00:00-05:00,1731.1331862780082,-3.645732879638672,0.025438275188207626,0.9745617248117924,0.9745617248117924,0,0,1
2022-09-26 00:00:00-05:00,1729.8626470622407,-3.645732879638672,0.025438275188207626,0.9745617248117924,0.9745617248117924,0,0,1
2022-09-27 00:00:00-05:00,1728.592107846473,-3.645732879638672,0.025438275188207626,0.9745617248117924,0.9745617248117924,0,0,1
2022-09-28 00:00:00-05:00,1727.321568630705,-3.645732879638672,0.025438275188207626,0.9745617248117924,0.9745617248117924,0,0,1
2022-09-29 00:00:00-05:00,1726.0510294149378,-3.645732879638672,0.025438275188207626,0.9745617248117924,0.9745617248117924,0,0,1
2022-09-30 00:00:00-05:00,1724.78049019917,-3.645732879638672,0.025438275188207626,0.9745617248117924,0.9745617248117924,0,0,1
2022-10-01 00:00:00-05:00,1723.5099509834024,-3.645732879638672,0.025438275188207626,0.9745617248117924,0.9745617248117924,0,0,1
2022-10-02 00:00:00-05:00,1722.239411767635,-3.645732879638672,0.025438275188207626,0.9745617248117924,0.9745617248117924,0,0,1
2022-10-03 00:00:00-05:00,1720.9688725518672,-3.645732879638672,0.025438275188207626,0.9745617248117924,0.9745617248117924,0,0,1
2022-10-04 00:00:00-05:00,1719.6983333360995,-3.645732879638672,0.025438275188207626,0.9745617248117924,0.9745617248117924,0,0,1
2022-10-05 00:00:00-05:00,1718.427794120332,-3.645732879638672,0.025438275188207626,0.9745617248117924,0.9745617248117924,0,0,1
2022-10-06 00:00:00-05:00,1717.1572549045643,-3.645732879638672,0.025438275188207626,0.9745617248117924,0.9745617248117924,0,0,1
2022-10-07 00:00:00-05:00,1715.8867156887966,-3.3203821182250977,0.03487854450941086,0.9651214554905891,0.9651214554905891,0,0,1
2022-10-08 00:00:00-05:00,1714.616176473029,-3.3203821182250977,0.03487854450941086,0.9651214554905891,0.9651214554905891,0,0,1
2022-10-09 00:00:00-05:00,1713.3456372572614,-3.3203821182250977,0.03487854450941086,0.9651214554905891,0.9651214554905891,0,0,1
2022-10-10 00:00:00-05:00,1712.0750980414937,-3.3203821182250977,0.03487854450941086,0.9651214554905891,0.9651214554905891,0,0,1
2022-10-11 00:00:00-05:00,1710.8045588257262,-3.3203821182250977,0.03487854450941086,0.9651214554905891,0.9651214554905891,0,0,1
2022-10-12 00:00:00-05:00,1709.5340196099585,-3.3203821182250977,0.03487854450941086,0.9651214554905891,0.9651214554905891,0,0,1
2022-10-13 00:00:00-05:00,1708.263480394191,-3.3203821182250977,0.03487854450941086,0.9651214554905891,0.9651214554905891,0,0,1
2022-10-14 00:00:00-05:00,1706.9929411784233,-3.3203821182250977,0.03487854450941086,0.9651214554905891,0.9651214554905891,0,0,1
2022-10-15 00:00:00-05:00,1705.7224019626556,-3.3252878189086914,0.034713782370090485,0.9652862176299095,0.9652862176299095,0,0,1
2022-10-16 00:00:00-05:00,1704.451862746888,-3.3252878189086914,0.034713782370090485,0.9652862176299095,0.9652862176299095,0,0,1
2022-10-17 00:00:00-05:00,1703.1813235311204,-3.3252878189086914,0.034713782370090485,0.9652862176299095,0.9652862176299095,0,0,1
2022-10-18 00:00:00-05:00,1701.9107843153529,-3.3252878189086914,0.034713782370090485,0.9652862176299095,0.9652862176299095,0,0,1
2022-10-19 00:00:00-05:00,1700.6402450995852,-3.3252878189086914,0.034713782370090485,0.9652862176299095,0.9652862176299095,0,0,1
2022-10-20 00:00:00-05:00,1699.3697058838177,-3.3252878189086914,0.034713782370090485,0.9652862176299095,0.9652862176299095,0,0,1
2022-10-21 00:00:00-05:00,1698.0991666680495,-3.3252878189086914,0.034713782370090485,0.9652862176299095,0.9652862176299095,0,0,1
2022-10-22 00:00:00-05:00,1696.828627452282,-3.3252878189086914,0.034713782370090485,0.9652862176299095,0.9652862176299095,0,0,1
2022-10-23 00:00:00-05:00,1695.5580882365143,-3.3252878189086914,0.034713782370090485,0.9652862176299095,0.9652862176299095,0,0,1
2022-10-24 00:00:00-05:00,1694.2875490207468,-3.3252878189086914,0.034713782370090485,0.9652862176299095,0.9652862176299095,0,0,1
2022-10-25 00:00:00-05:00,1693.0170098049794,-3.3252878189086914,0.034713782370090485,0.9652862176299095,0.9652862176299095,0,0,1
2022-10-26 00:00:00-05:00,1691.7464705892116,-3.3252878189086914,0.034713782370090485,0.9652862176299095,0.9652862176299095,0,0,1
2022-10-27 00:00:00-05:00,1690.475931373444,-3.3252878189086914,0.034713782370090485,0.9652862176299095,0.9652862176299095,0,0,1
2022-10-28 00:00:00-05:00,1689.2053921576762,-3.3252878189086914,0.034713782370090485,0.9652862176299095,0.9652862176299095,0,0,1
2022-10-29 00:00:00-05:00,1687.9348529419087,-3.3252878189086914,0.034713782370090485,0.9652862176299095,0.9652862176299095,0,0,1
2022-10-30 00:00:00-05:00,1686.664313726141,-3.3252878189086914,0.034713782370090485,0.9652862176299095,0.9652862176299095,0,0,1
2022-10-31 00:00:00-05:00,1685.3937745103735,-3.234964370727539,0.037870947271585464,0.9621290527284145,0.9621290527284145,0,0,1
2022-11-01 00:00:00-05:00,1684.1232352946058,-3.234964370727539,0.037870947271585464,0.9621290527284145,0.9621290527284145,0,0,1
2022-11-02 00:00:00-05:00,1682.852696078838,-3.234964370727539,0.037870947271585464,0.9621290527284145,0.9621290527284145,0,0,1
2022-11-03 00:00:00-05:00,1681.5821568630704,-3.234964370727539,0.037870947271585464,0.9621290527284145,0.9621290527284145,0,0,1
2022-11-04 00:00:00-05:00,1680.311617647303,-3.189459800720215,0.03956430032849312,0.9604356996715069,0.9604356996715069,0,0,1
2022-11-05 00:00:00-05:00,1679.0410784315352,-3.0313756465911865,0.04602838307619095,0.953971616923809,0.953971616923809,0,0,1
2022-11-06 00:00:00-05:00,1677.7705392157677,-3.0313756465911865,0.04602838307619095,0.953971616923809,0.953971616923809,0,0,1
2022-11-07 00:00:00-05:00,1676.5,-3.0313756465911865,0.04602838307619095,0.953971616923809,0.953971616923809,0,1,0
2022-11-08 00:00:00-05:00,1712.099976,-1.2926141023635864,0.21541067957878113,0.7845893204212189,0.7845893204212189,0,0,1
2022-11-09 00:00:00-05:00,1710.099976,-1.619419813156128,0.1652849018573761,0.8347150981426239,0.8347150981426239,0,1,0
2022-11-10 00:00:00-05:00,1750.300049,-1.2087849378585815,0.22991611063480377,0.7700838893651962,0.7700838893651962,0,1,0
2022-11-11 00:00:00-05:00,1766.0,-0.646210253238678,0.34384405612945557,0.6561559438705444,0.6561559438705444,0,1,0
2022-11-12 00:00:00-05:00,1768.533325333333,-1.1046271324157715,0.24887391924858093,0.7511260807514191,0.7511260807514191,0,1,0
2022-11-13 00:00:00-05:00,1771.0666506666666,-0.2593788802623749,0.435516357421875,0.564483642578125,0.564483642578125,0,1,0
2022-11-14 00:00:00-05:00,1773.599976,-0.3007597029209137,0.42537176609039307,0.5746282339096069,0.5746282339096069,0,1,0
2022-11-15 00:00:00-05:00,1773.800049,0.9627965092658997,0.7236813306808472,0.27631866931915283,0.7236813306808472,1,0,0
2022-11-16 00:00:00-05:00,1773.0,0.8874067068099976,0.7083547115325928,0.2916452884674072,0.7083547115325928,1,0,0
2022-11-17 00:00:00-05:00,1760.800049,-0.5696250796318054,0.3613233268260956,0.6386766731739044,0.6386766731739044,0,0,1
2022-11-18 00:00:00-05:00,1751.900024,-0.45006731152534485,0.3893447518348694,0.6106552481651306,0.6106552481651306,0,0,1
2022-11-19 00:00:00-05:00,1747.0666906666668,-0.3613845109939575,0.4106244742870331,0.5893755257129669,0.5893755257129669,0,0,1
2022-11-20 00:00:00-05:00,1742.2333573333333,-0.7034680247306824,0.3310437798500061,0.6689562201499939,0.6689562201499939,0,0,1
2022-11-21 00:00:00-05:00,1737.400024,-0.004332698881626129,0.4989168345928192,0.5010831654071808,0.5010831654071808,0,1,0
2022-11-22 00:00:00-05:00,1738.300049,0.10961838811635971,0.527377188205719,0.472622811794281,0.527377188205719,1,1,1
2022-11-23 00:00:00-05:00,1744.900024,1.0617880821228027,0.7430320978164673,0.2569679021835327,0.7430320978164673,1,1,1
2022-11-24 00:00:00-05:00,1749.1000365,0.3054848611354828,0.5757827758789062,0.42421722412109375,0.5757827758789062,1,1,1
2022-11-25 00:00:00-05:00,1753.300049,0.27886396646499634,0.5692676901817322,0.4307323098182678,0.5692676901817322,1,0,0
2022-11-26 00:00:00-05:00,1748.9000246666667,0.13560251891613007,0.533848762512207,0.46615123748779297,0.533848762512207,1,0,0
2022-11-27 00:00:00-05:00,1744.5000003333332,-1.2347067594528198,0.22535869479179382,0.7746413052082062,0.7746413052082062,0,0,1
2022-11-28 00:00:00-05:00,1740.099976,-1.5102789402008057,0.18089745938777924,0.8191025406122208,0.8191025406122208,0,1,0
2022-11-29 00:00:00-05:00,1748.400024,-0.3594357669353485,0.41109615564346313,0.5889038443565369,0.5889038443565369,0,0,1
2022-11-30 00:00:00-05:00,1746.0,0.953228771686554,0.7217640280723572,0.2782359719276428,0.7217640280723572,1,1,1
2022-12-01 00:00:00-05:00,1801.099976,-1.1214085817337036,0.24575009942054749,0.7542499005794525,0.7542499005794525,0,0,1
2022-12-02 00:00:00-05:00,1795.900024,-0.46281105279922485,0.38631919026374817,0.6136808097362518,0.6136808097362518,0,0,1
2022-12-03 00:00:00-05:00,1786.400024,-0.9341437816619873,0.28208479285240173,0.7179152071475983,0.7179152071475983,0,0,1
2022-12-04 00:00:00-05:00,1776.900024,-0.9942514896392822,0.27007314562797546,0.7299268543720245,0.7299268543720245,0,0,1
2022-12-05 00:00:00-05:00,1767.400024,-0.5329176783561707,0.36983662843704224,0.6301633715629578,0.6301633715629578,0,1,0
2022-12-06 00:00:00-05:00,1769.300049,-0.4445844292640686,0.39064913988113403,0.609350860118866,0.609350860118866,0,1,0
2022-12-07 00:00:00-05:00,1785.5,-0.3066978454589844,0.42392095923423767,0.5760790407657623,0.5760790407657623,0,1,0
2022-12-08 00:00:00-05:00,1788.699951,-1.2618277072906494,0.22065941989421844,0.7793405801057816,0.7793405801057816,0,1,0
2022-12-09 00:00:00-05:00,1798.099976,-0.5044170618057251,0.37650319933891296,0.623496800661087,0.623496800661087,0,0,1
2022-12-10 00:00:00-05:00,1792.2333173333334,-0.9954299926757812,0.26984089612960815,0.7301591038703918,0.7301591038703918,0,0,1
2022-12-11 00:00:00-05:00,1786.3666586666666,-0.9708375930786133,0.27471357583999634,0.7252864241600037,0.7252864241600037,0,0,1
2022-12-12 00:00:00-05:00,1780.5,-0.7255580425262451,0.3261702358722687,0.6738297641277313,0.6738297641277313,0,1,0
2022-12-13 00:00:00-05:00,1813.900024,-1.4386159181594849,0.19175978004932404,0.808240219950676,0.808240219950676,0,0,1
2022-12-14 00:00:00-05:00,1807.5,-1.0529810190200806,0.25865307450294495,0.741346925497055,0.741346925497055,0,0,1
2022-12-15 00:00:00-05:00,1777.199951,-0.43875738978385925,0.39203712344169617,0.6079628765583038,0.6079628765583038,0,1,0
2022-12-16 00:00:00-05:00,1790.0,-0.3290703594684601,0.41846683621406555,0.5815331637859344,0.5815331637859344,0,0,1
2022-12-17 00:00:00-05:00,1789.233317,-0.6052343845367432,0.35314705967903137,0.6468529403209686,0.6468529403209686,0,0,1
2022-12-18 00:00:00-05:00,1788.466634,-0.9595720767974854,0.27696388959884644,0.7230361104011536,0.7230361104011536,0,0,1
2022-12-19 00:00:00-05:00,1787.699951,-0.5525304079055786,0.3652775287628174,0.6347224712371826,0.6347224712371826,0,1,0
2022-12-20 00:00:00-05:00,1815.900024,-0.6575839519500732,0.34128257632255554,0.6587174236774445,0.6587174236774445,0,0,1
2022-12-21 00:00:00-05:00,1815.900024,-0.9389834403991699,0.28110572695732117,0.7188942730426788,0.7188942730426788,0,0,1
2022-12-22 00:00:00-05:00,1787.0,0.20711661875247955,0.5515948534011841,0.4484051465988159,0.5515948534011841,1,1,1
2022-12-23 00:00:00-05:00,1795.900024,-0.338419646024704,0.416193425655365,0.583806574344635,0.583806574344635,0,1,0
2022-12-24 00:00:00-05:00,1800.62503025,0.19392277300357819,0.5483293533325195,0.45167064666748047,0.5483293533325195,1,1,1
2022-12-25 00:00:00-05:00,1805.3500365,0.306715190410614,0.5760833024978638,0.42391669750213623,0.5760833024978638,1,1,1
2022-12-26 00:00:00-05:00,1810.07504275,0.4554237127304077,0.6119280457496643,0.3880719542503357,0.6119280457496643,1,1,1
2022-12-27 00:00:00-05:00,1814.800049,0.48840633034706116,0.6197309494018555,0.38026905059814453,0.6197309494018555,1,0,0
2022-12-28 00:00:00-05:00,1807.900024,-0.1905738264322281,0.45250019431114197,0.547499805688858,0.547499805688858,0,1,0
2022-12-29 00:00:00-05:00,1819.5,-0.9198969006538391,0.2849788963794708,0.7150211036205292,0.7150211036205292,0,1,0
2022-12-30 00:00:00-05:00,1819.699951,-0.36769598722457886,0.40909790992736816,0.5909020900726318,0.5909020900726318,0,1,0
2022-12-31 00:00:00-05:00,1824.699951,1.1312999725341797,0.7560787200927734,0.24392127990722656,0.7560787200927734,1,1,1
2023-01-01 00:00:00-05:00,1829.699951,0.1656561642885208,0.5413196086883545,0.4586803913116455,0.5413196086883545,1,1,1
2023-01-02 00:00:00-05:00,1834.699951,0.2288769632577896,0.5569707751274109,0.4430292248725891,0.5569707751274109,1,1,1
2023-01-03 00:00:00-05:00,1839.699951,-0.10059349983930588,0.4748728573322296,0.5251271426677704,0.5251271426677704,0,1,0
2023-01-04 00:00:00-05:00,1852.800049,0.0872567668557167,0.5218003988265991,0.4781996011734009,0.5218003988265991,1,0,0
2023-01-05 00:00:00-05:00,1834.800049,-0.7669384479522705,0.31714174151420593,0.6828582584857941,0.6828582584857941,0,1,0
2023-01-06 00:00:00-05:00,1864.199951,-0.5691397190093994,0.3614353537559509,0.6385646462440491,0.6385646462440491,0,1,0
2023-01-07 00:00:00-05:00,1867.0332843333333,-0.4042583405971527,0.4002896547317505,0.5997103452682495,0.5997103452682495,0,1,0
2023-01-08 00:00:00-05:00,1869.8666176666668,0.02777988091111183,0.5069445371627808,0.49305546283721924,0.5069445371627808,1,1,1
2023-01-09 00:00:00-05:00,1872.699951,0.6201261281967163,0.6502472162246704,0.3497527837753296,0.6502472162246704,1,0,0
2023-01-10 00:00:00-05:00,1871.599976,0.4474404454231262,0.6100305318832397,0.38996946811676025,0.6100305318832397,1,1,1
2023-01-11 00:00:00-05:00,1874.599976,-1.5416277647018433,0.17629876732826233,0.8237012326717377,0.8237012326717377,0,1,0
2023-01-12 00:00:00-05:00,1895.5,0.29120492935180664,0.5722910761833191,0.4277089238166809,0.5722910761833191,1,1,1
2023-01-13 00:00:00-05:00,1918.400024,-1.1201986074447632,0.24597443640232086,0.7540255635976791,0.7540255635976791,0,0,1
2023-01-14 00:00:00-05:00,1915.60000575,-1.5379711389541626,0.17683041095733643,0.8231695890426636,0.8231695890426636,0,0,1
2023-01-15 00:00:00-05:00,1912.7999875,-2.0230371952056885,0.1168053150177002,0.8831946849822998,0.8831946849822998,0,0,1
2023-01-16 00:00:00-05:00,1909.99996925,-1.7034958600997925,0.15400923788547516,0.8459907621145248,0.8459907621145248,0,0,1
2023-01-17 00:00:00-05:00,1907.199951,-1.5286376476287842,0.1781931072473526,0.8218068927526474,0.8218068927526474,0,0,1
2023-01-18 00:00:00-05:00,1904.400024,-1.4457015991210938,0.19066397845745087,0.8093360215425491,0.8093360215425491,0,1,0
2023-01-19 00:00:00-05:00,1922.099976,-1.2494462728500366,0.2227959930896759,0.7772040069103241,0.7772040069103241,0,1,0
2023-01-20 00:00:00-05:00,1926.400024,-1.729408621788025,0.15066324174404144,0.8493367582559586,0.8493367582559586,0,1,0
2023-01-21 00:00:00-05:00,1926.6333413333332,-1.1354163885116577,0.24316291511058807,0.7568370848894119,0.7568370848894119,0,1,0
2023-01-22 00:00:00-05:00,1926.8666586666664,-0.07423298060894012,0.48145022988319397,0.518549770116806,0.518549770116806,0,1,0
2023-01-23 00:00:00-05:00,1927.099976,0.32797735929489136,0.5812671184539795,0.4187328815460205,0.5812671184539795,1,1,1
2023-01-24 00:00:00-05:00,1933.900024,0.7822582721710205,0.6861666440963745,0.3138333559036255,0.6861666440963745,1,1,1
2023-01-25 00:00:00-05:00,1941.199951,-0.8946233987808228,0.29015666246414185,0.7098433375358582,0.7098433375358582,0,0,1
2023-01-26 00:00:00-05:00,1929.099976,0.14717352390289307,0.5367271304130554,0.4632728695869446,0.5367271304130554,1,0,0
2023-01-27 00:00:00-05:00,1928.599976,-0.8079262971878052,0.30833256244659424,0.6916674375534058,0.6916674375534058,0,0,1
2023-01-28 00:00:00-05:00,1926.699992,-1.7100615501403809,0.15315572917461395,0.846844270825386,0.846844270825386,0,0,1
2023-01-29 00:00:00-05:00,1924.800008,-0.7589218616485596,0.3188804090023041,0.6811195909976959,0.6811195909976959,0,0,1
2023-01-30 00:00:00-05:00,1922.900024,-0.6892443895339966,0.3342011868953705,0.6657988131046295,0.6657988131046295,0,1,0
2023-01-31 00:00:00-05:00,1929.5,-0.3374423086643219,0.41643092036247253,0.5835690796375275,0.5835690796375275,0,0,1
2023-02-01 00:00:00-05:00,1927.800049,1.0269582271575928,0.736325740814209,0.263674259185791,0.736325740814209,1,0,0
2023-02-02 00:00:00-05:00,1916.300049,0.29227858781814575,0.5725538730621338,0.4274461269378662,0.5725538730621338,1,0,0
2023-02-03 00:00:00-05:00,1862.900024,-0.6110355854034424,0.35182300209999084,0.6481769979000092,0.6481769979000092,0,1,0
2023-02-04 00:00:00-05:00,1863.9999996666668,-0.46123597025871277,0.3866926431655884,0.6133073568344116,0.6133073568344116,0,1,0
2023-02-05 00:00:00-05:00,1865.0999753333333,0.9989969730377197,0.7308613657951355,0.2691386342048645,0.7308613657951355,1,1,1
2023-02-06 00:00:00-05:00,1866.199951,0.4208712875843048,0.6036916971206665,0.3963083028793335,0.6036916971206665,1,1,1
2023-02-07 00:00:00-05:00,1871.699951,0.012876383028924465,0.5032190084457397,0.49678099155426025,0.5032190084457397,1,1,1
2023-02-08 00:00:00-05:00,1877.400024,-0.0015911152586340904,0.49960222840309143,0.5003977715969086,0.5003977715969086,0,0,1
2023-02-09 00:00:00-05:00,1866.199951,0.2060844749212265,0.5513395667076111,0.4486604332923889,0.5513395667076111,1,0,0
2023-02-10 00:00:00-05:00,1862.800049,-0.572065532207489,0.360760360956192,0.639239639043808,0.639239639043808,0,0,1
2023-02-11 00:00:00-05:00,1859.1667073333333,-0.5513932704925537,0.3655412197113037,0.6344587802886963,0.6344587802886963,0,0,1
2023-02-12 00:00:00-05:00,1855.533365666667,-0.32411473989486694,0.41967329382896423,0.5803267061710358,0.5803267061710358,0,0,1
2023-02-13 00:00:00-05:00,1851.900024,-0.1428806632757187,0.464340478181839,0.535659521818161,0.535659521818161,0,1,0
2023-02-14 00:00:00-05:00,1854.0,-0.18646416068077087,0.4535185694694519,0.5464814305305481,0.5464814305305481,0,0,1
2023-02-15 00:00:00-05:00,1834.199951,0.3106860816478729,0.5770527124404907,0.4229472875595093,0.5770527124404907,1,1,1
2023-02-16 00:00:00-05:00,1842.0,-0.3938910663127899,0.4027809798717499,0.5972190201282501,0.5972190201282501,0,0,1
2023-02-17 00:00:00-05:00,1840.400024,0.5792127847671509,0.6408863067626953,0.3591136932373047,0.6408863067626953,1,0,0
2023-02-18 00:00:00-05:00,1838.550018,-0.7493939399719238,0.320953369140625,0.679046630859375,0.679046630859375,0,0,1
2023-02-19 00:00:00-05:00,1836.700012,-1.0660585165023804,0.2561533749103546,0.7438466250896454,0.7438466250896454,0,0,1
2023-02-20 00:00:00-05:00,1834.850006,-1.0633549690246582,0.2566688358783722,0.7433311641216278,0.7433311641216278,0,0,1
2023-02-21 00:00:00-05:00,1833.0,-1.404075264930725,0.197170227766037,0.802829772233963,0.802829772233963,0,0,1
2023-02-22 00:00:00-05:00,1832.0,-0.9978776574134827,0.26935890316963196,0.730641096830368,0.730641096830368,0,0,1
2023-02-23 00:00:00-05:00,1818.0,-1.4718245267868042,0.18666544556617737,0.8133345544338226,0.8133345544338226,0,0,1
2023-02-24 00:00:00-05:00,1808.800049,-1.1797034740447998,0.2351055145263672,0.7648944854736328,0.7648944854736328,0,1,0
2023-02-25 00:00:00-05:00,1811.533366,-0.5964962840080261,0.3551456928253174,0.6448543071746826,0.6448543071746826,0,1,0
2023-02-26 00:00:00-05:00,1814.266683,0.24225986003875732,0.5602704882621765,0.4397295117378235,0.5602704882621765,1,1,1
2023-02-27 00:00:00-05:00,1817.0,-0.4411778450012207,0.3914603292942047,0.6085396707057953,0.6085396707057953,0,1,0
2023-02-28 00:00:00-05:00,1828.900024,-0.1735059916973114,0.45673197507858276,0.5432680249214172,0.5432680249214172,0,1,0
2023-03-01 00:00:00-05:00,1837.699951,-0.26079848408699036,0.43516746163368225,0.5648325383663177,0.5648325383663177,0,0,1
2023-03-02 00:00:00-05:00,1833.5,0.201414555311203,0.5501840710639954,0.44981592893600464,0.5501840710639954,1,1,1
2023-03-03 00:00:00-05:00,1847.699951,-0.4853968918323517,0.3809785544872284,0.6190214455127716,0.6190214455127716,0,1,0
2023-03-04 00:00:00-05:00,1847.766642,-0.3208422064781189,0.4204705059528351,0.5795294940471649,0.5795294940471649,0,1,0
2023-03-05 00:00:00-05:00,1847.833333,0.035360101610422134,0.5088391304016113,0.49116086959838867,0.5088391304016113,1,1,1
2023-03-06 00:00:00-05:00,1847.900024,-0.4376741647720337,0.39229533076286316,0.6077046692371368,0.6077046692371368,0,0,1
2023-03-07 00:00:00-05:00,1813.900024,-0.7558051347732544,0.31955772638320923,0.6804422736167908,0.6804422736167908,0,0,1
2023-03-08 00:00:00-05:00,1812.699951,-0.5663099884986877,0.36208873987197876,0.6379112601280212,0.6379112601280212,0,1,0
2023-03-09 00:00:00-05:00,1829.300049,-1.8384162187576294,0.13723871111869812,0.8627612888813019,0.8627612888813019,0,1,0
2023-03-10 00:00:00-05:00,1862.0,-0.815507173538208,0.3067181706428528,0.6932818293571472,0.6932818293571472,0,1,0
2023-03-11 00:00:00-05:00,1862.4962654605808,-0.9338237643241882,0.28214961290359497,0.717850387096405,0.717850387096405,0,1,0
2023-03-12 00:00:00-05:00,1862.992530921162,0.42839697003364563,0.6054908037185669,0.3945091962814331,0.6054908037185669,1,1,1
2023-03-13 00:00:00-05:00,1863.4887963817428,0.4426741898059845,0.608896017074585,0.39110398292541504,0.608896017074585,1,1,1
2023-03-14 00:00:00-05:00,1863.985061842324,0.603121280670166,0.6463701128959656,0.3536298871040344,0.6463701128959656,1,1,1
2023-03-15 00:00:00-05:00,1864.481327302905,0.496573269367218,0.62165367603302,0.37834632396698,0.62165367603302,1,1,1
2023-03-16 00:00:00-05:00,1864.9775927634853,0.7066518068313599,0.6696609258651733,0.33033907413482666,0.6696609258651733,1,1,1
2023-03-17 00:00:00-05:00,1865.4738582240664,0.4434477984905243,0.6090802550315857,0.3909197449684143,0.6090802550315857,1,1,1
2023-03-18 00:00:00-05:00,1865.9701236846472,0.591370165348053,0.6436794400215149,0.3563205599784851,0.6436794400215149,1,1,1
2023-03-19 00:00:00-05:00,1866.4663891452285,0.6848644614219666,0.6648235321044922,0.3351764678955078,0.6648235321044922,1,1,1
2023-03-20 00:00:00-05:00,1866.962654605809,0.6848644614219666,0.6648235321044922,0.3351764678955078,0.6648235321044922,1,1,1
2023-03-21 00:00:00-05:00,1867.45892006639,2.4050140380859375,0.9172088503837585,0.08279114961624146,0.9172088503837585,1,1,1
2023-03-22 00:00:00-05:00,1867.955185526971,3.734659194946289,0.9766756892204285,0.023324310779571533,0.9766756892204285,1,1,1
2023-03-23 00:00:00-05:00,1868.451450987552,3.7089462280273438,0.9760826826095581,0.023917317390441895,0.9760826826095581,1,1,1
2023-03-24 00:00:00-05:00,1868.9477164481327,3.669818878173828,0.9751520752906799,0.02484792470932007,0.9751520752906799,1,1,1
2023-03-25 00:00:00-05:00,1869.4439819087136,3.6536035537719727,0.974756121635437,0.02524387836456299,0.974756121635437,1,1,1
2023-03-26 00:00:00-05:00,1869.9402473692944,3.5754756927490234,0.9727606177330017,0.02723938226699829,0.9727606177330017,1,1,1
2023-03-27 00:00:00-05:00,1870.4365128298757,4.037416458129883,0.9826629161834717,0.01733708381652832,0.9826629161834717,1,1,1
2023-03-28 00:00:00-05:00,1870.9327782904563,4.118885040283203,0.9839975833892822,0.016002416610717773,0.9839975833892822,1,1,1
2023-03-29 00:00:00-05:00,1871.4290437510372,4.598376750946045,0.9900321960449219,0.009967803955078125,0.9900321960449219,1,1,1
2023-03-30 00:00:00-05:00,1871.9253092116185,5.279541015625,0.9949310421943665,0.005068957805633545,0.9949310421943665,1,1,1
2023-03-31 00:00:00-05:00,1872.421574672199,5.212782859802246,0.9945829510688782,0.005417048931121826,0.9945829510688782,1,1,1
2023-04-01 00:00:00-05:00,1872.91784013278,5.212782859802246,0.9945829510688782,0.005417048931121826,0.9945829510688782,1,1,1
2023-04-02 00:00:00-05:00,1873.414105593361,5.159049987792969,0.9942856431007385,0.005714356899261475,0.9942856431007385,1,1,1
2023-04-03 00:00:00-05:00,1873.9103710539416,5.25247859954834,0.9947927594184875,0.005207240581512451,0.9947927594184875,1,1,1
2023-04-04 00:00:00-05:00,1874.406636514523,5.25247859954834,0.9947927594184875,0.005207240581512451,0.9947927594184875,1,1,1
2023-04-05 00:00:00-05:00,1874.902901975104,5.25247859954834,0.9947927594184875,0.005207240581512451,0.9947927594184875,1,1,1
2023-04-06 00:00:00-05:00,1875.3991674356848,5.192005634307861,0.9944698810577393,0.005530118942260742,0.9944698810577393,1,1,1
2023-04-07 00:00:00-05:00,1875.8954328962652,5.192005634307861,0.9944698810577393,0.005530118942260742,0.9944698810577393,1,1,1
2023-04-08 00:00:00-05:00,1876.3916983568463,5.153522968292236,0.9942541718482971,0.005745828151702881,0.9942541718482971,1,1,1
2023-04-09 00:00:00-05:00,1876.8879638174276,5.192005634307861,0.9944698810577393,0.005530118942260742,0.9944698810577393,1,1,1
2023-04-10 00:00:00-05:00,1877.384229278008,5.192005634307861,0.9944698810577393,0.005530118942260742,0.9944698810577393,1,1,1
2023-04-11 00:00:00-05:00,1877.8804947385893,5.192005634307861,0.9944698810577393,0.005530118942260742,0.9944698810577393,1,1,1
2023-04-12 00:00:00-05:00,1878.37676019917,5.192005634307861,0.9944698810577393,0.005530118942260742,0.9944698810577393,1,1,1
2023-04-13 00:00:00-05:00,1878.873025659751,5.192005634307861,0.9944698810577393,0.005530118942260742,0.9944698810577393,1,1,1
2023-04-14 00:00:00-05:00,1879.369291120332,5.192005634307861,0.9944698810577393,0.005530118942260742,0.9944698810577393,1,1,1
2023-04-15 00:00:00-05:00,1879.8655565809129,5.25247859954834,0.9947927594184875,0.005207240581512451,0.9947927594184875,1,1,1
2023-04-16 00:00:00-05:00,1880.3618220414935,5.25247859954834,0.9947927594184875,0.005207240581512451,0.9947927594184875,1,1,1
2023-04-17 00:00:00-05:00,1880.8580875020748,5.25247859954834,0.9947927594184875,0.005207240581512451,0.9947927594184875,1,1,1
2023-04-18 00:00:00-05:00,1881.354352962656,5.25247859954834,0.9947927594184875,0.005207240581512451,0.9947927594184875,1,1,1
2023-04-19 00:00:00-05:00,1881.8506184232365,5.25247859954834,0.9947927594184875,0.005207240581512451,0.9947927594184875,1,1,1
2023-04-20 00:00:00-05:00,1882.346883883817,5.213191032409668,0.9945852160453796,0.005414783954620361,0.9945852160453796,1,1,1
2023-04-21 00:00:00-05:00,1882.8431493443984,5.213191032409668,0.9945852160453796,0.005414783954620361,0.9945852160453796,1,1,1
2023-04-22 00:00:00-05:00,1883.3394148049792,5.213191032409668,0.9945852160453796,0.005414783954620361,0.9945852160453796,1,1,1
2023-04-23 00:00:00-05:00,1883.83568026556,5.213191032409668,0.9945852160453796,0.005414783954620361,0.9945852160453796,1,1,1
2023-04-24 00:00:00-05:00,1884.3319457261407,5.213191032409668,0.9945852160453796,0.005414783954620361,0.9945852160453796,1,1,1
2023-04-25 00:00:00-05:00,1884.828211186722,5.213191032409668,0.9945852160453796,0.005414783954620361,0.9945852160453796,1,1,1
2023-04-26 00:00:00-05:00,1885.3244766473028,5.213191032409668,0.9945852160453796,0.005414783954620361,0.9945852160453796,1,1,1
2023-04-27 00:00:00-05:00,1885.820742107884,5.213191032409668,0.9945852160453796,0.005414783954620361,0.9945852160453796,1,1,1
2023-04-28 00:00:00-05:00,1886.3170075684648,5.232684135437012,0.9946892261505127,0.005310773849487305,0.9946892261505127,1,1,1
2023-04-29 00:00:00-05:00,1886.8132730290456,5.232684135437012,0.9946892261505127,0.005310773849487305,0.9946892261505127,1,1,1
2023-04-30 00:00:00-05:00,1887.3095384896264,5.232684135437012,0.9946892261505127,0.005310773849487305,0.9946892261505127,1,1,1
2023-05-01 00:00:00-05:00,1887.8058039502075,5.232684135437012,0.9946892261505127,0.005310773849487305,0.9946892261505127,1,1,1
2023-05-02 00:00:00-05:00,1888.3020694107884,5.232684135437012,0.9946892261505127,0.005310773849487305,0.9946892261505127,1,1,1
2023-05-03 00:00:00-05:00,1888.7983348713688,5.232684135437012,0.9946892261505127,0.005310773849487305,0.9946892261505127,1,1,1
2023-05-04 00:00:00-05:00,1889.2946003319505,5.232684135437012,0.9946892261505127,0.005310773849487305,0.9946892261505127,1,1,1
2023-05-05 00:00:00-05:00,1889.7908657925311,5.232684135437012,0.9946892261505127,0.005310773849487305,0.9946892261505127,1,1,1
2023-05-06 00:00:00-05:00,1890.287131253112,5.232684135437012,0.9946892261505127,0.005310773849487305,0.9946892261505127,1,1,1
2023-05-07 00:00:00-05:00,1890.783396713693,5.232684135437012,0.9946892261505127,0.005310773849487305,0.9946892261505127,1,1,1
2023-05-08 00:00:00-05:00,1891.2796621742737,5.232684135437012,0.9946892261505127,0.005310773849487305,0.9946892261505127,1,1,1
2023-05-09 00:00:00-05:00,1891.7759276348547,5.232684135437012,0.9946892261505127,0.005310773849487305,0.9946892261505127,1,1,1
2023-05-10 00:00:00-05:00,1892.272193095436,5.232684135437012,0.9946892261505127,0.005310773849487305,0.9946892261505127,1,1,1
2023-05-11 00:00:00-05:00,1892.7684585560169,5.232684135437012,0.9946892261505127,0.005310773849487305,0.9946892261505127,1,1,1
2023-05-12 00:00:00-05:00,1893.2647240165973,5.232684135437012,0.9946892261505127,0.005310773849487305,0.9946892261505127,1,1,1
2023-05-13 00:00:00-05:00,1893.7609894771783,5.232684135437012,0.9946892261505127,0.005310773849487305,0.9946892261505127,1,1,1
2023-05-14 00:00:00-05:00,1894.2572549377596,5.232684135437012,0.9946892261505127,0.005310773849487305,0.9946892261505127,1,1,1
2023-05-15 00:00:00-05:00,1894.75352039834,5.232684135437012,0.9946892261505127,0.005310773849487305,0.9946892261505127,1,1,1
2023-05-16 00:00:00-05:00,1895.249785858921,5.232684135437012,0.9946892261505127,0.005310773849487305,0.9946892261505127,1,1,1
2023-05-17 00:00:00-05:00,1895.7460513195024,5.232684135437012,0.9946892261505127,0.005310773849487305,0.9946892261505127,1,1,1
2023-05-18 00:00:00-05:00,1896.242316780083,5.232684135437012,0.9946892261505127,0.005310773849487305,0.9946892261505127,1,1,1
2023-05-19 00:00:00-05:00,1896.738582240664,5.232684135437012,0.9946892261505127,0.005310773849487305,0.9946892261505127,1,1,1
2023-05-20 00:00:00-05:00,1897.2348477012447,5.232684135437012,0.9946892261505127,0.005310773849487305,0.9946892261505127,1,1,1
2023-05-21 00:00:00-05:00,1897.7311131618255,5.232684135437012,0.9946892261505127,0.005310773849487305,0.9946892261505127,1,1,1
2023-05-22 00:00:00-05:00,1898.2273786224064,5.232684135437012,0.9946892261505127,0.005310773849487305,0.9946892261505127,1,1,1
2023-05-23 00:00:00-05:00,1898.7236440829877,5.232684135437012,0.9946892261505127,0.005310773849487305,0.9946892261505127,1,1,1
2023-05-24 00:00:00-05:00,1899.2199095435683,5.232684135437012,0.9946892261505127,0.005310773849487305,0.9946892261505127,1,1,1
2023-05-25 00:00:00-05:00,1899.7161750041491,5.232684135437012,0.9946892261505127,0.005310773849487305,0.9946892261505127,1,1,1
2023-05-26 00:00:00-05:00,1900.2124404647304,5.232684135437012,0.9946892261505127,0.005310773849487305,0.9946892261505127,1,1,1
2023-05-27 00:00:00-05:00,1900.7087059253115,5.232684135437012,0.9946892261505127,0.005310773849487305,0.9946892261505127,1,1,1
2023-05-28 00:00:00-05:00,1901.204971385892,5.232684135437012,0.9946892261505127,0.005310773849487305,0.9946892261505127,1,1,1
2023-05-29 00:00:00-05:00,1901.701236846473,5.232684135437012,0.9946892261505127,0.005310773849487305,0.9946892261505127,1,1,1
2023-05-30 00:00:00-05:00,1902.197502307054,5.232684135437012,0.9946892261505127,0.005310773849487305,0.9946892261505127,1,1,1
2023-05-31 00:00:00-05:00,1902.6937677676349,5.232684135437012,0.9946892261505127,0.005310773849487305,0.9946892261505127,1,1,1
2023-06-01 00:00:00-05:00,1903.190033228216,5.232684135437012,0.9946892261505127,0.005310773849487305,0.9946892261505127,1,1,1
2023-06-02 00:00:00-05:00,1903.6862986887968,5.232684135437012,0.9946892261505127,0.005310773849487305,0.9946892261505127,1,1,1
2023-06-03 00:00:00-05:00,1904.1825641493776,5.232684135437012,0.9946892261505127,0.005310773849487305,0.9946892261505127,1,1,1
2023-06-04 00:00:00-05:00,1904.6788296099585,5.232684135437012,0.9946892261505127,0.005310773849487305,0.9946892261505127,1,1,1
2023-06-05 00:00:00-05:00,1905.1750950705396,5.232684135437012,0.9946892261505127,0.005310773849487305,0.9946892261505127,1,1,1
2023-06-06 00:00:00-05:00,1905.6713605311204,5.232684135437012,0.9946892261505127,0.005310773849487305,0.9946892261505127,1,1,1
2023-06-07 00:00:00-05:00,1906.1676259917008,5.232684135437012,0.9946892261505127,0.005310773849487305,0.9946892261505127,1,1,1
2023-06-08 00:00:00-05:00,1906.663891452282,5.232684135437012,0.9946892261505127,0.005310773849487305,0.9946892261505127,1,1,1
2023-06-09 00:00:00-05:00,1907.1601569128632,5.232684135437012,0.9946892261505127,0.005310773849487305,0.9946892261505127,1,1,1
2023-06-10 00:00:00-05:00,1907.656422373444,5.232684135437012,0.9946892261505127,0.005310773849487305,0.9946892261505127,1,1,1
2023-06-11 00:00:00-05:00,1908.1526878340248,5.232684135437012,0.9946892261505127,0.005310773849487305,0.9946892261505127,1,1,1
2023-06-12 00:00:00-05:00,1908.6489532946057,5.232684135437012,0.9946892261505127,0.005310773849487305,0.9946892261505127,1,1,1
2023-06-13 00:00:00-05:00,1909.1452187551868,5.232684135437012,0.9946892261505127,0.005310773849487305,0.9946892261505127,1,1,1
2023-06-14 00:00:00-05:00,1909.641484215768,5.232684135437012,0.9946892261505127,0.005310773849487305,0.9946892261505127,1,1,1
2023-06-15 00:00:00-05:00,1910.1377496763484,5.232684135437012,0.9946892261505127,0.005310773849487305,0.9946892261505127,1,1,1
2023-06-16 00:00:00-05:00,1910.6340151369293,5.232684135437012,0.9946892261505127,0.005310773849487305,0.9946892261505127,1,1,1
2023-06-17 00:00:00-05:00,1911.1302805975104,5.232684135437012,0.9946892261505127,0.005310773849487305,0.9946892261505127,1,1,1
2023-06-18 00:00:00-05:00,1911.6265460580912,5.232684135437012,0.9946892261505127,0.005310773849487305,0.9946892261505127,1,1,1
2023-06-19 00:00:00-05:00,1912.1228115186725,5.232684135437012,0.9946892261505127,0.005310773849487305,0.9946892261505127,1,1,1
2023-06-20 00:00:00-05:00,1912.619076979253,5.232684135437012,0.9946892261505127,0.005310773849487305,0.9946892261505127,1,1,1
2023-06-21 00:00:00-05:00,1913.115342439834,5.232684135437012,0.9946892261505127,0.005310773849487305,0.9946892261505127,1,1,1
2023-06-22 00:00:00-05:00,1913.611607900415,5.232684135437012,0.9946892261505127,0.005310773849487305,0.9946892261505127,1,1,1
2023-06-23 00:00:00-05:00,1914.107873360996,5.232684135437012,0.9946892261505127,0.005310773849487305,0.9946892261505127,1,1,1
2023-06-24 00:00:00-05:00,1914.6041388215767,5.232684135437012,0.9946892261505127,0.005310773849487305,0.9946892261505127,1,1,1
2023-06-25 00:00:00-05:00,1915.1004042821576,5.232684135437012,0.9946892261505127,0.005310773849487305,0.9946892261505127,1,1,1
2023-06-26 00:00:00-05:00,1915.5966697427384,5.232684135437012,0.9946892261505127,0.005310773849487305,0.9946892261505127,1,1,1
2023-06-27 00:00:00-05:00,1916.0929352033197,5.232684135437012,0.9946892261505127,0.005310773849487305,0.9946892261505127,1,1,1
2023-06-28 00:00:00-05:00,1916.5892006639003,5.197630882263184,0.9945007562637329,0.00549924373626709,0.9945007562637329,1,1,1
2023-06-29 00:00:00-05:00,1917.0854661244812,5.197630882263184,0.9945007562637329,0.00549924373626709,0.9945007562637329,1,1,1
2023-06-30 00:00:00-05:00,1917.5817315850625,5.197630882263184,0.9945007562637329,0.00549924373626709,0.9945007562637329,1,1,1
2023-07-01 00:00:00-05:00,1918.077997045643,5.197630882263184,0.9945007562637329,0.00549924373626709,0.9945007562637329,1,1,1
2023-07-02 00:00:00-05:00,1918.574262506224,5.197630882263184,0.9945007562637329,0.00549924373626709,0.9945007562637329,1,1,1
2023-07-03 00:00:00-05:00,1919.070527966805,5.197630882263184,0.9945007562637329,0.00549924373626709,0.9945007562637329,1,1,1
2023-07-04 00:00:00-05:00,1919.5667934273856,5.197630882263184,0.9945007562637329,0.00549924373626709,0.9945007562637329,1,1,1
2023-07-05 00:00:00-05:00,1920.0630588879667,5.197630882263184,0.9945007562637329,0.00549924373626709,0.9945007562637329,1,1,1
2023-07-06 00:00:00-05:00,1920.559324348548,5.197630882263184,0.9945007562637329,0.00549924373626709,0.9945007562637329,1,1,1
2023-07-07 00:00:00-05:00,1921.0555898091288,5.197630882263184,0.9945007562637329,0.00549924373626709,0.9945007562637329,1,1,1
2023-07-08 00:00:00-05:00,1921.5518552697092,5.197630882263184,0.9945007562637329,0.00549924373626709,0.9945007562637329,1,1,1
2023-07-09 00:00:00-05:00,1922.0481207302903,5.197630882263184,0.9945007562637329,0.00549924373626709,0.9945007562637329,1,1,1
2023-07-10 00:00:00-05:00,1922.5443861908716,5.197630882263184,0.9945007562637329,0.00549924373626709,0.9945007562637329,1,1,1
2023-07-11 00:00:00-05:00,1923.040651651452,5.197630882263184,0.9945007562637329,0.00549924373626709,0.9945007562637329,1,1,1
2023-07-12 00:00:00-05:00,1923.5369171120333,5.197630882263184,0.9945007562637329,0.00549924373626709,0.9945007562637329,1,1,1
2023-07-13 00:00:00-05:00,1924.033182572614,5.197630882263184,0.9945007562637329,0.00549924373626709,0.9945007562637329,1,1,1
2023-07-14 00:00:00-05:00,1924.529448033195,5.197630882263184,0.9945007562637329,0.00549924373626709,0.9945007562637329,1,1,1
2023-07-15 00:00:00-05:00,1925.025713493776,5.197630882263184,0.9945007562637329,0.00549924373626709,0.9945007562637329,1,1,1
2023-07-16 00:00:00-05:00,1925.5219789543569,5.197630882263184,0.9945007562637329,0.00549924373626709,0.9945007562637329,1,1,1
2023-07-17 00:00:00-05:00,1926.0182444149375,5.197630882263184,0.9945007562637329,0.00549924373626709,0.9945007562637329,1,1,1
2023-07-18 00:00:00-05:00,1926.5145098755183,5.197630882263184,0.9945007562637329,0.00549924373626709,0.9945007562637329,1,1,1
2023-07-19 00:00:00-05:00,1927.0107753361,5.197630882263184,0.9945007562637329,0.00549924373626709,0.9945007562637329,1,1,1
2023-07-20 00:00:00-05:00,1927.5070407966805,5.197630882263184,0.9945007562637329,0.00549924373626709,0.9945007562637329,1,1,1
2023-07-21 00:00:00-05:00,1928.003306257261,5.197630882263184,0.9945007562637329,0.00549924373626709,0.9945007562637329,1,1,1
2023-07-22 00:00:00-05:00,1928.4995717178424,5.197630882263184,0.9945007562637329,0.00549924373626709,0.9945007562637329,1,1,1
2023-07-23 00:00:00-05:00,1928.9958371784232,5.197630882263184,0.9945007562637329,0.00549924373626709,0.9945007562637329,1,1,1
2023-07-24 00:00:00-05:00,1929.492102639004,5.197630882263184,0.9945007562637329,0.00549924373626709,0.9945007562637329,1,1,1
2023-07-25 00:00:00-05:00,1929.988368099585,5.197630882263184,0.9945007562637329,0.00549924373626709,0.9945007562637329,1,1,1
2023-07-26 00:00:00-05:00,1930.484633560166,5.197630882263184,0.9945007562637329,0.00549924373626709,0.9945007562637329,1,1,1
2023-07-27 00:00:00-05:00,1930.9808990207468,5.197630882263184,0.9945007562637329,0.00549924373626709,0.9945007562637329,1,1,1
2023-07-28 00:00:00-05:00,1931.477164481328,5.197630882263184,0.9945007562637329,0.00549924373626709,0.9945007562637329,1,1,1
2023-07-29 00:00:00-05:00,1931.9734299419088,5.197630882263184,0.9945007562637329,0.00549924373626709,0.9945007562637329,1,1,1
2023-07-30 00:00:00-05:00,1932.4696954024896,5.197630882263184,0.9945007562637329,0.00549924373626709,0.9945007562637329,1,1,1
2023-07-31 00:00:00-05:00,1932.9659608630704,5.197630882263184,0.9945007562637329,0.00549924373626709,0.9945007562637329,1,1,1
2023-08-01 00:00:00-05:00,1933.4622263236515,5.197630882263184,0.9945007562637329,0.00549924373626709,0.9945007562637329,1,1,1
2023-08-02 00:00:00-05:00,1933.9584917842324,5.197630882263184,0.9945007562637329,0.00549924373626709,0.9945007562637329,1,1,1
2023-08-03 00:00:00-05:00,1934.4547572448128,5.197630882263184,0.9945007562637329,0.00549924373626709,0.9945007562637329,1,1,1
2023-08-04 00:00:00-05:00,1934.9510227053945,5.197630882263184,0.9945007562637329,0.00549924373626709,0.9945007562637329,1,1,1
2023-08-05 00:00:00-05:00,1935.4472881659751,5.197630882263184,0.9945007562637329,0.00549924373626709,0.9945007562637329,1,1,1
2023-08-06 00:00:00-05:00,1935.943553626556,5.197630882263184,0.9945007562637329,0.00549924373626709,0.9945007562637329,1,1,1
2023-08-07 00:00:00-05:00,1936.4398190871368,5.197630882263184,0.9945007562637329,0.00549924373626709,0.9945007562637329,1,1,1
2023-08-08 00:00:00-05:00,1936.9360845477177,5.197630882263184,0.9945007562637329,0.00549924373626709,0.9945007562637329,1,1,1
2023-08-09 00:00:00-05:00,1937.4323500082987,5.197630882263184,0.9945007562637329,0.00549924373626709,0.9945007562637329,1,1,1
2023-08-10 00:00:00-05:00,1937.92861546888,5.197630882263184,0.9945007562637329,0.00549924373626709,0.9945007562637329,1,1,1
2023-08-11 00:00:00-05:00,1938.4248809294609,5.197630882263184,0.9945007562637329,0.00549924373626709,0.9945007562637329,1,1,1
2023-08-12 00:00:00-05:00,1938.9211463900413,5.197630882263184,0.9945007562637329,0.00549924373626709,0.9945007562637329,1,1,1
2023-08-13 00:00:00-05:00,1939.4174118506223,5.197630882263184,0.9945007562637329,0.00549924373626709,0.9945007562637329,1,1,1
2023-08-14 00:00:00-05:00,1939.9136773112036,5.197630882263184,0.9945007562637329,0.00549924373626709,0.9945007562637329,1,1,1
2023-08-15 00:00:00-05:00,1940.409942771784,5.197630882263184,0.9945007562637329,0.00549924373626709,0.9945007562637329,1,1,1
2023-08-16 00:00:00-05:00,1940.906208232365,5.197630882263184,0.9945007562637329,0.00549924373626709,0.9945007562637329,1,1,1
2023-08-17 00:00:00-05:00,1941.402473692946,5.197630882263184,0.9945007562637329,0.00549924373626709,0.9945007562637329,1,1,1
2023-08-18 00:00:00-05:00,1941.898739153527,5.197630882263184,0.9945007562637329,0.00549924373626709,0.9945007562637329,1,1,1
2023-08-19 00:00:00-05:00,1942.395004614108,5.197630882263184,0.9945007562637329,0.00549924373626709,0.9945007562637329,1,1,1
2023-08-20 00:00:00-05:00,1942.8912700746887,5.197630882263184,0.9945007562637329,0.00549924373626709,0.9945007562637329,1,1,1
2023-08-21 00:00:00-05:00,1943.3875355352695,5.197630882263184,0.9945007562637329,0.00549924373626709,0.9945007562637329,1,1,1
2023-08-22 00:00:00-05:00,1943.8838009958504,5.197630882263184,0.9945007562637329,0.00549924373626709,0.9945007562637329,1,1,1
2023-08-23 00:00:00-05:00,1944.3800664564317,5.197630882263184,0.9945007562637329,0.00549924373626709,0.9945007562637329,1,1,1
2023-08-24 00:00:00-05:00,1944.8763319170123,5.197630882263184,0.9945007562637329,0.00549924373626709,0.9945007562637329,1,1,1
2023-08-25 00:00:00-05:00,1945.3725973775931,5.197630882263184,0.9945007562637329,0.00549924373626709,0.9945007562637329,1,1,1
2023-08-26 00:00:00-05:00,1945.8688628381744,5.197630882263184,0.9945007562637329,0.00549924373626709,0.9945007562637329,1,1,1
2023-08-27 00:00:00-05:00,1946.3651282987555,5.197630882263184,0.9945007562637329,0.00549924373626709,0.9945007562637329,1,1,1
2023-08-28 00:00:00-05:00,1946.861393759336,5.197630882263184,0.9945007562637329,0.00549924373626709,0.9945007562637329,1,1,1
2023-08-29 00:00:00-05:00,1947.357659219917,5.197630882263184,0.9945007562637329,0.00549924373626709,0.9945007562637329,1,1,1
2023-08-30 00:00:00-05:00,1947.8539246804976,5.197630882263184,0.9945007562637329,0.00549924373626709,0.9945007562637329,1,1,1
2023-08-31 00:00:00-05:00,1948.3501901410789,5.197630882263184,0.9945007562637329,0.00549924373626709,0.9945007562637329,1,1,1
2023-09-01 00:00:00-05:00,1948.84645560166,5.197630882263184,0.9945007562637329,0.00549924373626709,0.9945007562637329,1,1,1
2023-09-02 00:00:00-05:00,1949.3427210622408,5.197630882263184,0.9945007562637329,0.00549924373626709,0.9945007562637329,1,1,1
2023-09-03 00:00:00-05:00,1949.8389865228216,5.197630882263184,0.9945007562637329,0.00549924373626709,0.9945007562637329,1,1,1
2023-09-04 00:00:00-05:00,1950.3352519834025,5.197630882263184,0.9945007562637329,0.00549924373626709,0.9945007562637329,1,1,1
2023-09-05 00:00:00-05:00,1950.8315174439836,5.197630882263184,0.9945007562637329,0.00549924373626709,0.9945007562637329,1,1,1
2023-09-06 00:00:00-05:00,1951.3277829045644,5.197630882263184,0.9945007562637329,0.00549924373626709,0.9945007562637329,1,1,1
2023-09-07 00:00:00-05:00,1951.8240483651448,5.197630882263184,0.9945007562637329,0.00549924373626709,0.9945007562637329,1,1,1
2023-09-08 00:00:00-05:00,1952.320313825726,5.197630882263184,0.9945007562637329,0.00549924373626709,0.9945007562637329,1,1,1
2023-09-09 00:00:00-05:00,1952.816579286307,5.197630882263184,0.9945007562637329,0.00549924373626709,0.9945007562637329,1,1,1
2023-09-10 00:00:00-05:00,1953.312844746888,5.197630882263184,0.9945007562637329,0.00549924373626709,0.9945007562637329,1,1,1
2023-09-11 00:00:00-05:00,1953.8091102074688,5.197630882263184,0.9945007562637329,0.00549924373626709,0.9945007562637329,1,1,1
2023-09-12 00:00:00-05:00,1954.3053756680497,5.197630882263184,0.9945007562637329,0.00549924373626709,0.9945007562637329,1,1,1
2023-09-13 00:00:00-05:00,1954.8016411286308,5.197630882263184,0.9945007562637329,0.00549924373626709,0.9945007562637329,1,1,1
2023-09-14 00:00:00-05:00,1955.297906589212,5.197630882263184,0.9945007562637329,0.00549924373626709,0.9945007562637329,1,1,1
2023-09-15 00:00:00-05:00,1955.7941720497925,5.197630882263184,0.9945007562637329,0.00549924373626709,0.9945007562637329,1,1,1
2023-09-16 00:00:00-05:00,1956.2904375103733,5.197630882263184,0.9945007562637329,0.00549924373626709,0.9945007562637329,1,1,1
2023-09-17 00:00:00-05:00,1956.7867029709544,5.197630882263184,0.9945007562637329,0.00549924373626709,0.9945007562637329,1,1,1
2023-09-18 00:00:00-05:00,1957.2829684315352,5.197630882263184,0.9945007562637329,0.00549924373626709,0.9945007562637329,1,1,1
2023-09-19 00:00:00-05:00,1957.7792338921165,5.197630882263184,0.9945007562637329,0.00549924373626709,0.9945007562637329,1,1,1
2023-09-20 00:00:00-05:00,1958.275499352697,5.197630882263184,0.9945007562637329,0.00549924373626709,0.9945007562637329,1,1,1
2023-09-21 00:00:00-05:00,1958.771764813278,5.197630882263184,0.9945007562637329,0.00549924373626709,0.9945007562637329,1,1,1
2023-09-22 00:00:00-05:00,1959.2680302738588,5.197630882263184,0.9945007562637329,0.00549924373626709,0.9945007562637329,1,1,1
2023-09-23 00:00:00-05:00,1959.76429573444,5.197630882263184,0.9945007562637329,0.00549924373626709,0.9945007562637329,1,1,1
2023-09-24 00:00:00-05:00,1960.2605611950207,5.197630882263184,0.9945007562637329,0.00549924373626709,0.9945007562637329,1,1,1
2023-09-25 00:00:00-05:00,1960.7568266556016,5.197630882263184,0.9945007562637329,0.00549924373626709,0.9945007562637329,1,1,1
2023-09-26 00:00:00-05:00,1961.2530921161824,5.197630882263184,0.9945007562637329,0.00549924373626709,0.9945007562637329,1,1,1
2023-09-27 00:00:00-05:00,1961.7493575767635,5.197630882263184,0.9945007562637329,0.00549924373626709,0.9945007562637329,1,1,1
2023-09-28 00:00:00-05:00,1962.2456230373443,5.197630882263184,0.9945007562637329,0.00549924373626709,0.9945007562637329,1,1,1
2023-09-29 00:00:00-05:00,1962.7418884979247,5.197630882263184,0.9945007562637329,0.00549924373626709,0.9945007562637329,1,1,1
2023-09-30 00:00:00-05:00,1963.2381539585065,5.197630882263184,0.9945007562637329,0.00549924373626709,0.9945007562637329,1,1,1
2023-10-01 00:00:00-05:00,1963.734419419087,5.254641056060791,0.9948038458824158,0.0051961541175842285,0.9948038458824158,1,1,1
2023-10-02 00:00:00-05:00,1964.230684879668,5.254641056060791,0.9948038458824158,0.0051961541175842285,0.9948038458824158,1,1,1
2023-10-03 00:00:00-05:00,1964.726950340249,5.254641056060791,0.9948038458824158,0.0051961541175842285,0.9948038458824158,1,1,1
2023-10-04 00:00:00-05:00,1965.2232158008296,5.254641056060791,0.9948038458824158,0.0051961541175842285,0.9948038458824158,1,1,1
2023-10-05 00:00:00-05:00,1965.7194812614107,5.254641056060791,0.9948038458824158,0.0051961541175842285,0.9948038458824158,1,1,1
2023-10-06 00:00:00-05:00,1966.215746721992,5.254641056060791,0.9948038458824158,0.0051961541175842285,0.9948038458824158,1,1,1
2023-10-07 00:00:00-05:00,1966.7120121825728,5.254641056060791,0.9948038458824158,0.0051961541175842285,0.9948038458824158,1,1,1
2023-10-08 00:00:00-05:00,1967.2082776431532,5.254641056060791,0.9948038458824158,0.0051961541175842285,0.9948038458824158,1,1,1
2023-10-09 00:00:00-05:00,1967.7045431037343,5.254641056060791,0.9948038458824158,0.0051961541175842285,0.9948038458824158,1,1,1
2023-10-10 00:00:00-05:00,1968.2008085643156,5.254641056060791,0.9948038458824158,0.0051961541175842285,0.9948038458824158,1,1,1
2023-10-11 00:00:00-05:00,1968.697074024896,5.254641056060791,0.9948038458824158,0.0051961541175842285,0.9948038458824158,1,1,1
2023-10-12 00:00:00-05:00,1969.193339485477,5.254641056060791,0.9948038458824158,0.0051961541175842285,0.9948038458824158,1,1,1
2023-10-13 00:00:00-05:00,1969.689604946058,5.254641056060791,0.9948038458824158,0.0051961541175842285,0.9948038458824158,1,1,1
2023-10-14 00:00:00-05:00,1970.185870406639,5.254641056060791,0.9948038458824158,0.0051961541175842285,0.9948038458824158,1,1,1
2023-10-15 00:00:00-05:00,1970.68213586722,5.254641056060791,0.9948038458824158,0.0051961541175842285,0.9948038458824158,1,1,1
2023-10-16 00:00:00-05:00,1971.1784013278009,5.254641056060791,0.9948038458824158,0.0051961541175842285,0.9948038458824158,1,1,1
2023-10-17 00:00:00-05:00,1971.6746667883815,5.254641056060791,0.9948038458824158,0.0051961541175842285,0.9948038458824158,1,1,1
2023-10-18 00:00:00-05:00,1972.1709322489623,5.254641056060791,0.9948038458824158,0.0051961541175842285,0.9948038458824158,1,1,1
2023-10-19 00:00:00-05:00,1972.667197709544,5.254641056060791,0.9948038458824158,0.0051961541175842285,0.9948038458824158,1,1,1
2023-10-20 00:00:00-05:00,1973.1634631701245,5.254641056060791,0.9948038458824158,0.0051961541175842285,0.9948038458824158,1,1,1
2023-10-21 00:00:00-05:00,1973.659728630705,5.254641056060791,0.9948038458824158,0.0051961541175842285,0.9948038458824158,1,1,1
2023-10-22 00:00:00-05:00,1974.1559940912864,5.254641056060791,0.9948038458824158,0.0051961541175842285,0.9948038458824158,1,1,1
2023-10-23 00:00:00-05:00,1974.6522595518672,5.254641056060791,0.9948038458824158,0.0051961541175842285,0.9948038458824158,1,1,1
2023-10-24 00:00:00-05:00,1975.148525012448,5.254641056060791,0.9948038458824158,0.0051961541175842285,0.9948038458824158,1,1,1
2023-10-25 00:00:00-05:00,1975.644790473029,5.254641056060791,0.9948038458824158,0.0051961541175842285,0.9948038458824158,1,1,1
2023-10-26 00:00:00-05:00,1976.14105593361,5.254641056060791,0.9948038458824158,0.0051961541175842285,0.9948038458824158,1,1,1
2023-10-27 00:00:00-05:00,1976.6373213941908,5.254641056060791,0.9948038458824158,0.0051961541175842285,0.9948038458824158,1,1,1
2023-10-28 00:00:00-05:00,1977.133586854772,5.254641056060791,0.9948038458824158,0.0051961541175842285,0.9948038458824158,1,1,1
2023-10-29 00:00:00-05:00,1977.6298523153528,5.254641056060791,0.9948038458824158,0.0051961541175842285,0.9948038458824158,1,1,1
2023-10-30 00:00:00-05:00,1978.1261177759336,5.254641056060791,0.9948038458824158,0.0051961541175842285,0.9948038458824158,1,1,1
2023-10-31 00:00:00-05:00,1978.6223832365145,5.254641056060791,0.9948038458824158,0.0051961541175842285,0.9948038458824158,1,1,1
2023-11-01 00:00:00-05:00,1979.1186486970955,5.254641056060791,0.9948038458824158,0.0051961541175842285,0.9948038458824158,1,1,1
2023-11-02 00:00:00-05:00,1979.6149141576764,5.254641056060791,0.9948038458824158,0.0051961541175842285,0.9948038458824158,1,1,1
2023-11-03 00:00:00-05:00,1980.1111796182568,5.254641056060791,0.9948038458824158,0.0051961541175842285,0.9948038458824158,1,1,1
2023-11-04 00:00:00-05:00,1980.607445078838,5.254641056060791,0.9948038458824158,0.0051961541175842285,0.9948038458824158,1,1,1
2023-11-05 00:00:00-05:00,1981.1037105394191,5.254641056060791,0.9948038458824158,0.0051961541175842285,0.9948038458824158,1,1,1
2023-11-06 00:00:00-05:00,1981.599976,5.254641056060791,0.9948038458824158,0.0051961541175842285,0.9948038458824158,1,0,0
2023-11-07 00:00:00-05:00,1966.800049,0.7109787464141846,0.670617401599884,0.32938259840011597,0.670617401599884,1,0,0
2023-11-08 00:00:00-05:00,1951.5,-0.9736329317092896,0.27415698766708374,0.7258430123329163,0.7258430123329163,0,1,0
2023-11-09 00:00:00-05:00,1964.199951,0.024151314049959183,0.5060375332832336,0.49396246671676636,0.5060375332832336,1,0,0
2023-11-10 00:00:00-05:00,1932.599976,-1.346432089805603,0.2064542919397354,0.7935457080602646,0.7935457080602646,0,1,0
2023-11-11 00:00:00-05:00,1936.899984,-1.327129602432251,0.20963457226753235,0.7903654277324677,0.7903654277324677,0,1,0
2023-11-12 00:00:00-05:00,1941.199992,-0.4155518710613251,0.3975816071033478,0.6024183928966522,0.6024183928966522,0,1,0
2023-11-13 00:00:00-05:00,1945.5,-0.2758929133415222,0.43146100640296936,0.5685389935970306,0.5685389935970306,0,1,0
2023-11-14 00:00:00-05:00,1961.800049,0.45122238993644714,0.6109298467636108,0.38907015323638916,0.6109298467636108,1,0,0
2023-11-15 00:00:00-05:00,1960.099976,0.020004117861390114,0.5050008893013,0.49499911069869995,0.5050008893013,1,1,1
2023-11-16 00:00:00-05:00,1983.900024,-1.0292518138885498,0.2632291913032532,0.7367708086967468,0.7367708086967468,0,0,1
2023-11-17 00:00:00-05:00,1981.599976,-0.44822898507118225,0.3897819519042969,0.6102180480957031,0.6102180480957031,0,0,1
2023-11-18 00:00:00-05:00,1980.2999676666664,-1.3104650974273682,0.21240901947021484,0.7875909805297852,0.7875909805297852,0,0,1
2023-11-19 00:00:00-05:00,1978.9999593333332,-1.8540815114974976,0.1353943943977356,0.8646056056022644,0.8646056056022644,0,0,1
2023-11-20 00:00:00-05:00,1977.699951,-1.8436411619186401,0.13662123680114746,0.8633787631988525,0.8633787631988525,0,1,0
2023-11-21 00:00:00-05:00,1999.300049,-1.5566396713256836,0.17412935197353363,0.8258706480264664,0.8258706480264664,0,0,1
2023-11-22 00:00:00-05:00,1991.400024,-1.0078176259994507,0.2674071490764618,0.7325928509235382,0.7325928509235382,0,1,0
2023-11-23 00:00:00-05:00,1996.7999875,-0.7923924326896667,0.311655193567276,0.688344806432724,0.688344806432724,0,1,0
2023-11-24 00:00:00-05:00,2002.199951,0.553105354309082,0.6348557472229004,0.3651442527770996,0.6348557472229004,1,1,1
2023-11-25 00:00:00-05:00,2005.399983666667,0.8720735311508179,0.7051770091056824,0.2948229908943176,0.7051770091056824,1,1,1
2023-11-26 00:00:00-05:00,2008.600016333333,0.9878897070884705,0.7286708950996399,0.2713291049003601,0.7286708950996399,1,1,1
2023-11-27 00:00:00-05:00,2011.800049,0.8532028198242188,0.7012385725975037,0.29876142740249634,0.7012385725975037,1,1,1
2023-11-28 00:00:00-05:00,2039.699951,0.0875813364982605,0.5218813419342041,0.4781186580657959,0.5218813419342041,1,1,1
2023-11-29 00:00:00-05:00,2047.099976,-0.6313260197639465,0.3472099006175995,0.6527900993824005,0.6527900993824005,0,0,1
2023-11-30 00:00:00-05:00,2038.099976,0.09232836961746216,0.5230657458305359,0.4769342541694641,0.5230657458305359,1,1,1
2023-12-01 00:00:00-05:00,2071.0,0.3358023166656494,0.5831705331802368,0.4168294668197632,0.5831705331802368,1,0,0
2023-12-02 00:00:00-05:00,2055.366658666667,-0.31343311071395874,0.42227697372436523,0.5777230262756348,0.5777230262756348,0,0,1
2023-12-03 00:00:00-05:00,2039.7333173333332,0.0425967201590538,0.5106475949287415,0.48935240507125854,0.5106475949287415,1,0,0
2023-12-04 00:00:00-05:00,2024.099976,-0.291338175535202,0.4276762902736664,0.5723237097263336,0.5723237097263336,0,0,1
2023-12-05 00:00:00-05:00,2018.5,0.057851068675518036,0.5144587755203247,0.4855412244796753,0.5144587755203247,1,1,1
2023-12-06 00:00:00-05:00,2030.5,-0.3864760100841522,0.4045659303665161,0.5954340696334839,0.5954340696334839,0,0,1
2023-12-07 00:00:00-05:00,2029.900024,-0.042780276387929916,0.48930656909942627,0.5106934309005737,0.5106934309005737,0,0,1
2023-12-08 00:00:00-05:00,1998.300049,-0.6223489046096802,0.34924742579460144,0.6507525742053986,0.6507525742053986,0,0,1
2023-12-09 00:00:00-05:00,1991.533366,0.09527144581079483,0.5237998962402344,0.4762001037597656,0.5237998962402344,1,0,0
2023-12-10 00:00:00-05:00,1984.766683,-0.22657433152198792,0.4435974955558777,0.5564025044441223,0.5564025044441223,0,0,1
2023-12-11 00:00:00-05:00,1978.0,0.20660653710365295,0.5514686703681946,0.4485313296318054,0.5514686703681946,1,0,0
2023-12-12 00:00:00-05:00,1977.800049,-0.08329002559185028,0.47918954491615295,0.520810455083847,0.520810455083847,0,1,0
2023-12-13 00:00:00-05:00,1982.300049,-1.412695050239563,0.19580933451652527,0.8041906654834747,0.8041906654834747,0,1,0
2023-12-14 00:00:00-05:00,2030.199951,0.3899322748184204,0.5962663888931274,0.40373361110687256,0.5962663888931274,1,0,0
2023-12-15 00:00:00-05:00,2021.099976,0.05445630103349686,0.5136107206344604,0.48638927936553955,0.5136107206344604,1,1,1
2023-12-16 00:00:00-05:00,2022.8333336666667,-0.11871408671140671,0.4703562557697296,0.5296437442302704,0.5296437442302704,0,1,0
2023-12-17 00:00:00-05:00,2024.5666913333328,0.6065245270729065,0.6471475958824158,0.35285240411758423,0.6471475958824158,1,1,1
2023-12-18 00:00:00-05:00,2026.300049,0.3174684941768646,0.5787071585655212,0.42129284143447876,0.5787071585655212,1,1,1
2023-12-19 00:00:00-05:00,2038.400024,-0.23711200058460236,0.4409981667995453,0.5590018332004547,0.5590018332004547,0,0,1
2023-12-20 00:00:00-05:00,2034.5,-0.16541993618011475,0.4587390720844269,0.5412609279155731,0.5412609279155731,0,1,0
2023-12-21 00:00:00-05:00,2039.099976,-0.6934565305709839,0.3332645893096924,0.6667354106903076,0.6667354106903076,0,1,0
2023-12-22 00:00:00-05:00,2057.100098,0.24549612402915955,0.5610676407814026,0.4389323592185974,0.5610676407814026,1,1,1
2023-12-23 00:00:00-05:00,2057.37506125,0.15782442688941956,0.5393744111061096,0.4606255888938904,0.5393744111061096,1,1,1
2023-12-24 00:00:00-05:00,2057.6500245,1.7450902462005615,0.8513324856758118,0.14866751432418823,0.8513324856758118,1,1,1
2023-12-25 00:00:00-05:00,2057.92498775,1.7138309478759766,0.8473325371742249,0.15266746282577515,0.8473325371742249,1,1,1
2023-12-26 00:00:00-05:00,2058.199951,2.066913604736328,0.8876455426216125,0.11235445737838745,0.8876455426216125,1,1,1
2023-12-27 00:00:00-05:00,2081.899902,1.0201473236083984,0.735001266002655,0.26499873399734497,0.735001266002655,1,0,0
2023-12-28 00:00:00-05:00,2073.899902,-0.4702727496623993,0.3845517039299011,0.6154482960700989,0.6154482960700989,0,0,1
2023-12-29 00:00:00-05:00,2062.399902,-0.8167605996131897,0.3064517378807068,0.6935482621192932,0.6935482621192932,0,1,0
2023-12-30 00:00:00-05:00,2062.899902,-0.3440680503845215,0.41482165455818176,0.5851783454418182,0.5851783454418182,0,1,0
2023-12-31 00:00:00-05:00,2063.399902,1.6264196634292603,0.8356785178184509,0.16432148218154907,0.8356785178184509,1,1,1
2024-01-01 00:00:00-05:00,2063.899902,1.4697703123092651,0.8130224347114563,0.1869775652885437,0.8130224347114563,1,1,1
2024-01-02 00:00:00-05:00,2064.399902,1.231374740600586,0.7740590572357178,0.22594094276428223,0.7740590572357178,1,0,0
2024-01-03 00:00:00-05:00,2034.199951,1.0404576063156128,0.7389383316040039,0.2610616683959961,0.7389383316040039,1,1,1
2024-01-04 00:00:00-05:00,2042.300049,0.022245997563004494,0.5055612325668335,0.4944387674331665,0.5055612325668335,1,1,1
2024-01-05 00:00:00-05:00,2042.400024,0.12928426265716553,0.5322761535644531,0.4677238464355469,0.5322761535644531,1,0,0
2024-01-06 00:00:00-05:00,2037.1333413333332,0.22015590965747833,0.5548177361488342,0.44518226385116577,0.5548177361488342,1,0,0
2024-01-07 00:00:00-05:00,2031.8666586666664,-0.08182910084724426,0.47955411672592163,0.5204458832740784,0.5204458832740784,0,0,1
2024-01-08 00:00:00-05:00,2026.599976,-0.1533874273300171,0.46172815561294556,0.5382718443870544,0.5382718443870544,0,0,1
2024-01-09 00:00:00-05:00,2026.400024,-0.0692867860198021,0.48268523812294006,0.5173147618770599,0.5173147618770599,0,0,1
2024-01-10 00:00:00-05:00,2021.699951,-2.3163678646087646,0.0897764265537262,0.9102235734462738,0.9102235734462738,0,0,1
2024-01-11 00:00:00-05:00,2014.300049,-2.022141456604004,0.11689773947000504,0.883102260529995,0.883102260529995,0,1,0
2024-01-12 00:00:00-05:00,2046.699951,-1.0517597198486328,0.25888732075691223,0.7411126792430878,0.7411126792430878,0,0,1
2024-01-13 00:00:00-05:00,2041.52496325,-0.46518129110336304,0.3857574164867401,0.6142425835132599,0.6142425835132599,0,0,1
2024-01-14 00:00:00-05:00,2036.3499755,-1.0117104053497314,0.26664525270462036,0.7333547472953796,0.7333547472953796,0,0,1
2024-01-15 00:00:00-05:00,2031.17498775,-1.3618437051773071,0.20394082367420197,0.796059176325798,0.796059176325798,0,0,1
2024-01-16 00:00:00-05:00,2026.0,-0.692797064781189,0.3334111273288727,0.6665888726711273,0.6665888726711273,0,0,1
2024-01-17 00:00:00-05:00,2002.599976,-1.29674232006073,0.21471378207206726,0.7852862179279327,0.7852862179279327,0,1,0
2024-01-18 00:00:00-05:00,2018.599976,-0.9566280841827393,0.27755382657051086,0.7224461734294891,0.7224461734294891,0,1,0
2024-01-19 00:00:00-05:00,2026.5,-0.39223629236221313,0.4031790494918823,0.5968209505081177,0.5968209505081177,0,0,1
2024-01-20 00:00:00-05:00,2024.266683,-0.20681817829608917,0.44847896695137024,0.5515210330486298,0.5515210330486298,0,0,1
2024-01-21 00:00:00-05:00,2022.033366,-0.9631666541099548,0.2762446403503418,0.7237553596496582,0.7237553596496582,0,0,1
2024-01-22 00:00:00-05:00,2019.800049,-0.9814995527267456,0.2725943326950073,0.7274056673049927,0.7274056673049927,0,1,0
2024-01-23 00:00:00-05:00,2023.699951,-0.3378351628780365,0.41633543372154236,0.5836645662784576,0.5836645662784576,0,0,1
2024-01-24 00:00:00-05:00,2013.900024,0.4485340714454651,0.6102905869483948,0.3897094130516052,0.6102905869483948,1,1,1
2024-01-25 00:00:00-05:00,2016.900024,-0.4470590054988861,0.39006027579307556,0.6099397242069244,0.6099397242069244,0,0,1
2024-01-26 00:00:00-05:00,2016.800049,0.23948954045772552,0.559587836265564,0.44041216373443604,0.559587836265564,1,1,1
2024-01-27 00:00:00-05:00,2019.600016333333,-2.307000160217285,0.09054486453533173,0.9094551354646683,0.9094551354646683,0,1,0
2024-01-28 00:00:00-05:00,2022.399983666667,-0.36626139283180237,0.4094446897506714,0.5905553102493286,0.5905553102493286,0,1,0
2024-01-29 00:00:00-05:00,2025.199951,-0.16291803121566772,0.4593603312969208,0.5406396687030792,0.5406396687030792,0,1,0
2024-01-30 00:00:00-05:00,2031.5,-0.1502288281917572,0.462513267993927,0.537486732006073,0.537486732006073,0,1,0
2024-01-31 00:00:00-05:00,2048.399902,0.38855981826782227,0.5959359407424927,0.4040640592575073,0.5959359407424927,1,1,1
2024-02-01 00:00:00-05:00,2053.0,-0.5228663086891174,0.3721822500228882,0.6278177499771118,0.6278177499771118,0,0,1
2024-02-02 00:00:00-05:00,2036.099976,0.10180472582578659,0.5254292488098145,0.47457075119018555,0.5254292488098145,1,0,0
2024-02-03 00:00:00-05:00,2032.633301,-0.10305535048246384,0.4742588996887207,0.5257411003112793,0.5257411003112793,0,0,1
2024-02-04 00:00:00-05:00,2029.166626,-0.7664936184883118,0.31723809242248535,0.6827619075775146,0.6827619075775146,0,0,1
2024-02-05 00:00:00-05:00,2025.699951,-0.26071032881736755,0.4351891279220581,0.5648108720779419,0.5648108720779419,0,1,0
2024-02-06 00:00:00-05:00,2034.5,-0.2250995635986328,0.4439615309238434,0.5560384690761566,0.5560384690761566,0,1,0
2024-02-07 00:00:00-05:00,2035.199951,0.36298424005508423,0.5897626280784607,0.4102373719215393,0.5897626280784607,1,0,0
2024-02-08 00:00:00-05:00,2032.199951,0.8917592763900757,0.7092530727386475,0.29074692726135254,0.7092530727386475,1,0,0
2024-02-09 00:00:00-05:00,2023.300049,0.32807114720344543,0.5812900066375732,0.41870999336242676,0.5812900066375732,1,0,0
2024-02-10 00:00:00-05:00,2021.600016333333,0.6416396498680115,0.6551240086555481,0.3448759913444519,0.6551240086555481,1,0,0
2024-02-11 00:00:00-05:00,2019.899983666667,-0.5457383394241333,0.3668537437915802,0.6331462562084198,0.6331462562084198,0,0,1
2024-02-12 00:00:00-05:00,2018.199951,-0.41022926568984985,0.39885714650154114,0.6011428534984589,0.6011428534984589,0,0,1
2024-02-13 00:00:00-05:00,1992.900024,-0.7465530633926392,0.32157284021377563,0.6784271597862244,0.6784271597862244,0,0,1
2024-02-14 00:00:00-05:00,1990.300049,-0.8563176393508911,0.2981092631816864,0.7018907368183136,0.7018907368183136,0,1,0
2024-02-15 00:00:00-05:00,2002.099976,-1.3464887142181396,0.20644502341747284,0.7935549765825272,0.7935549765825272,0,1,0
2024-02-16 00:00:00-05:00,2011.5,-0.39373308420181274,0.4028189480304718,0.5971810519695282,0.5971810519695282,0,1,0
2024-02-17 00:00:00-05:00,2015.5,0.058521635830402374,0.5146262049674988,0.4853737950325012,0.5146262049674988,1,1,1
2024-02-18 00:00:00-05:00,2019.5,0.4752436876296997,0.616624116897583,0.383375883102417,0.616624116897583,1,1,1
2024-02-19 00:00:00-05:00,2023.5,0.2597769796848297,0.5645814538002014,0.4354185461997986,0.5645814538002014,1,1,1
2024-02-20 00:00:00-05:00,2027.5,0.16763173043727875,0.5418100953102112,0.4581899046897888,0.5418100953102112,1,0,0
2024-02-21 00:00:00-05:00,2022.300049,-0.16692742705345154,0.4583647847175598,0.5416352152824402,0.5416352152824402,0,0,1
2024-02-22 00:00:00-05:00,2019.699951,-0.8186880350112915,0.30604222416877747,0.6939577758312225,0.6939577758312225,0,1,0
2024-02-23 00:00:00-05:00,2038.599976,-1.0314301252365112,0.2628069221973419,0.7371930778026581,0.7371930778026581,0,0,1
2024-02-24 00:00:00-05:00,2035.2333173333332,-0.6725056171417236,0.33793601393699646,0.6620639860630035,0.6620639860630035,0,0,1
2024-02-25 00:00:00-05:00,2031.8666586666664,-0.8246887922286987,0.30476924777030945,0.6952307522296906,0.6952307522296906,0,0,1
2024-02-26 00:00:00-05:00,2028.5,-0.8285850882530212,0.30394431948661804,0.696055680513382,0.696055680513382,0,1,0
2024-02-27 00:00:00-05:00,2034.0,-0.22075916826725006,0.4450332522392273,0.5549667477607727,0.5549667477607727,0,0,1
2024-02-28 00:00:00-05:00,2033.0,0.9691896438598633,0.7249579429626465,0.2750420570373535,0.7249579429626465,1,1,1
2024-02-29 00:00:00-05:00,2045.699951,-0.8052595257759094,0.3089015781879425,0.6910984218120575,0.6910984218120575,0,1,0
2024-03-01 00:00:00-05:00,2086.899902,-0.17834816873073578,0.4555307626724243,0.5444692373275757,0.5444692373275757,0,1,0
2024-03-02 00:00:00-05:00,2097.166585,0.3489777445793152,0.5863696932792664,0.41363030672073364,0.5863696932792664,1,1,1
2024-03-03 00:00:00-05:00,2107.433268,-0.31381452083587646,0.42218393087387085,0.5778160691261292,0.5778160691261292,0,1,0
2024-03-04 00:00:00-05:00,2117.699951,0.1469881534576416,0.536681056022644,0.46331894397735596,0.536681056022644,1,1,1
2024-03-05 00:00:00-05:00,2133.5,-0.1262376606464386,0.46848243474960327,0.5315175652503967,0.5315175652503967,0,1,0
2024-03-06 00:00:00-05:00,2150.300049,0.24571506679058075,0.5611215829849243,0.4388784170150757,0.5611215829849243,1,1,1
2024-03-07 00:00:00-05:00,2158.0,-0.11727537959814072,0.4707147181034088,0.5292852818965912,0.5292852818965912,0,1,0
2024-03-08 00:00:00-05:00,2178.600098,0.1025446206331253,0.5256137251853943,0.4743862748146057,0.5256137251853943,1,1,1
2024-03-09 00:00:00-05:00,2180.9133760082987,-0.3478849232196808,0.4138954281806946,0.5861045718193054,0.5861045718193054,0,1,0
2024-03-10 00:00:00-05:00,2183.2266540165974,0.40353596210479736,0.5995369553565979,0.4004630446434021,0.5995369553565979,1,1,1
2024-03-11 00:00:00-05:00,2185.539932024896,0.29885151982307434,0.57416170835495,0.42583829164505005,0.57416170835495,1,1,1
2024-03-12 00:00:00-05:00,2187.853210033195,0.36385202407836914,0.5899726152420044,0.4100273847579956,0.5899726152420044,1,1,1
2024-03-13 00:00:00-05:00,2190.1664880414937,1.3413063287734985,0.792704701423645,0.20729529857635498,0.792704701423645,1,1,1
2024-03-14 00:00:00-05:00,2192.4797660497925,1.2905490398406982,0.7842401266098022,0.21575987339019775,0.7842401266098022,1,1,1
2024-03-15 00:00:00-05:00,2194.7930440580917,1.366634726524353,0.7968358993530273,0.20316410064697266,0.7968358993530273,1,1,1
2024-03-16 00:00:00-05:00,2197.10632206639,1.4007766246795654,0.80230712890625,0.19769287109375,0.80230712890625,1,1,1
2024-03-17 00:00:00-05:00,2199.419600074689,1.3705129623413086,0.797463059425354,0.202536940574646,0.797463059425354,1,1,1
2024-03-18 00:00:00-05:00,2201.732878082988,1.4025957584381104,0.8025954365730286,0.19740456342697144,0.8025954365730286,1,1,1
2024-03-19 00:00:00-05:00,2204.0461560912863,1.4683468341827393,0.8128059506416321,0.18719404935836792,0.8128059506416321,1,1,1
2024-03-20 00:00:00-05:00,2206.359434099585,1.4280914068222046,0.806603729724884,0.19339627027511597,0.806603729724884,1,1,1
2024-03-21 00:00:00-05:00,2208.672712107884,1.3520092964172363,0.7944579124450684,0.20554208755493164,0.7944579124450684,1,1,1
2024-03-22 00:00:00-05:00,2210.9859901161826,1.4027494192123413,0.8026198148727417,0.1973801851272583,0.8026198148727417,1,1,1
2024-03-23 00:00:00-05:00,2213.2992681244814,1.3361221551895142,0.7918515205383301,0.20814847946166992,0.7918515205383301,1,1,1
2024-03-24 00:00:00-05:00,2215.61254613278,1.131295084953308,0.7560778260231018,0.2439221739768982,0.7560778260231018,1,1,1
2024-03-25 00:00:00-05:00,2217.925824141079,1.3464343547821045,0.7935460805892944,0.20645391941070557,0.7935460805892944,1,1,1
2024-03-26 00:00:00-05:00,2220.2391021493777,2.2108538150787354,0.9012200236320496,0.09877997636795044,0.9012200236320496,1,1,1
2024-03-27 00:00:00-05:00,2222.5523801576765,1.7994478940963745,0.8580817580223083,0.14191824197769165,0.8580817580223083,1,1,1
2024-03-28 00:00:00-05:00,2224.865658165975,2.2554163932800293,0.9051166772842407,0.09488332271575928,0.9051166772842407,1,1,1
2024-03-29 00:00:00-05:00,2227.178936174273,2.2554163932800293,0.9051166772842407,0.09488332271575928,0.9051166772842407,1,1,1
2024-03-30 00:00:00-05:00,2229.4922141825723,2.2554163932800293,0.9051166772842407,0.09488332271575928,0.9051166772842407,1,1,1
2024-03-31 00:00:00-05:00,2231.805492190871,2.181995153427124,0.8986209630966187,0.10137903690338135,0.8986209630966187,1,1,1
2024-04-01 00:00:00-05:00,2234.11877019917,2.181995153427124,0.8986209630966187,0.10137903690338135,0.8986209630966187,1,1,1
2024-04-02 00:00:00-05:00,2236.4320482074686,2.15855073928833,0.8964651226997375,0.10353487730026245,0.8964651226997375,1,1,1
2024-04-03 00:00:00-05:00,2238.745326215768,2.0439581871032715,0.8853356838226318,0.11466431617736816,0.8853356838226318,1,1,1
2024-04-04 00:00:00-05:00,2241.058604224066,2.0439581871032715,0.8853356838226318,0.11466431617736816,0.8853356838226318,1,1,1
2024-04-05 00:00:00-05:00,2243.371882232365,2.0439581871032715,0.8853356838226318,0.11466431617736816,0.8853356838226318,1,1,1
2024-04-06 00:00:00-05:00,2245.685160240664,2.0439581871032715,0.8853356838226318,0.11466431617736816,0.8853356838226318,1,1,1
2024-04-07 00:00:00-05:00,2247.9984382489624,2.0707578659057617,0.8880283832550049,0.11197161674499512,0.8880283832550049,1,1,1
2024-04-08 00:00:00-05:00,2250.311716257261,2.0751919746398926,0.8884684443473816,0.11153155565261841,0.8884684443473816,1,1,1
2024-04-09 00:00:00-05:00,2252.62499426556,2.0233216285705566,0.8832240700721741,0.11677592992782593,0.8832240700721741,1,1,1
2024-04-10 00:00:00-05:00,2254.9382722738587,2.0233216285705566,0.8832240700721741,0.11677592992782593,0.8832240700721741,1,1,1
2024-04-11 00:00:00-05:00,2257.251550282157,2.0233216285705566,0.8832240700721741,0.11677592992782593,0.8832240700721741,1,1,1
2024-04-12 00:00:00-05:00,2259.5648282904563,2.052753448486328,0.8862255811691284,0.11377441883087158,0.8862255811691284,1,1,1
2024-04-13 00:00:00-05:00,2261.878106298755,2.052753448486328,0.8862255811691284,0.11377441883087158,0.8862255811691284,1,1,1
2024-04-14 00:00:00-05:00,2264.191384307054,2.052753448486328,0.8862255811691284,0.11377441883087158,0.8862255811691284,1,1,1
2024-04-15 00:00:00-05:00,2266.504662315353,1.9551481008529663,0.8760069012641907,0.12399309873580933,0.8760069012641907,1,1,1
2024-04-16 00:00:00-05:00,2268.817940323652,1.9551481008529663,0.8760069012641907,0.12399309873580933,0.8760069012641907,1,1,1
2024-04-17 00:00:00-05:00,2271.13121833195,1.991529941558838,0.8799049258232117,0.12009507417678833,0.8799049258232117,1,1,1
2024-04-18 00:00:00-05:00,2273.444496340249,2.0467190742492676,0.8856156468391418,0.11438435316085815,0.8856156468391418,1,1,1
2024-04-19 00:00:00-05:00,2275.757774348548,2.0467190742492676,0.8856156468391418,0.11438435316085815,0.8856156468391418,1,1,1
2024-04-20 00:00:00-05:00,2278.0710523568464,2.0467190742492676,0.8856156468391418,0.11438435316085815,0.8856156468391418,1,1,1
2024-04-21 00:00:00-05:00,2280.384330365145,2.0467190742492676,0.8856156468391418,0.11438435316085815,0.8856156468391418,1,1,1
2024-04-22 00:00:00-05:00,2282.697608373444,2.0467190742492676,0.8856156468391418,0.11438435316085815,0.8856156468391418,1,1,1
2024-04-23 00:00:00-05:00,2285.0108863817427,2.0467190742492676,0.8856156468391418,0.11438435316085815,0.8856156468391418,1,1,1
2024-04-24 00:00:00-05:00,2287.324164390041,2.0467190742492676,0.8856156468391418,0.11438435316085815,0.8856156468391418,1,1,1
2024-04-25 00:00:00-05:00,2289.63744239834,2.06412935256958,0.8873674869537354,0.11263251304626465,0.8873674869537354,1,1,1
2024-04-26 00:00:00-05:00,2291.950720406639,2.06412935256958,0.8873674869537354,0.11263251304626465,0.8873674869537354,1,1,1
2024-04-27 00:00:00-05:00,2294.2639984149378,2.06412935256958,0.8873674869537354,0.11263251304626465,0.8873674869537354,1,1,1
2024-04-28 00:00:00-05:00,2296.5772764232365,2.070082664489746,0.8879611492156982,0.11203885078430176,0.8879611492156982,1,1,1
2024-04-29 00:00:00-05:00,2298.8905544315357,2.070082664489746,0.8879611492156982,0.11203885078430176,0.8879611492156982,1,1,1
2024-04-30 00:00:00-05:00,2301.203832439834,2.070082664489746,0.8879611492156982,0.11203885078430176,0.8879611492156982,1,1,1
2024-05-01 00:00:00-05:00,2303.517110448133,2.404660701751709,0.9171819686889648,0.08281803131103516,0.9171819686889648,1,1,1
2024-05-02 00:00:00-05:00,2305.830388456432,2.404660701751709,0.9171819686889648,0.08281803131103516,0.9171819686889648,1,1,1
2024-05-03 00:00:00-05:00,2308.1436664647304,2.378248453140259,0.9151535034179688,0.08484649658203125,0.9151535034179688,1,1,1
2024-05-04 00:00:00-05:00,2310.456944473029,2.4737701416015625,0.9222824573516846,0.07771754264831543,0.9222824573516846,1,1,1
2024-05-05 00:00:00-05:00,2312.770222481328,2.4737701416015625,0.9222824573516846,0.07771754264831543,0.9222824573516846,1,1,1
2024-05-06 00:00:00-05:00,2315.0835004896267,2.4737701416015625,0.9222824573516846,0.07771754264831543,0.9222824573516846,1,1,1
2024-05-07 00:00:00-05:00,2317.3967784979254,2.4737701416015625,0.9222824573516846,0.07771754264831543,0.9222824573516846,1,1,1
2024-05-08 00:00:00-05:00,2319.710056506224,2.4737701416015625,0.9222824573516846,0.07771754264831543,0.9222824573516846,1,1,1
2024-05-09 00:00:00-05:00,2322.0233345145225,2.5486230850219727,0.927480936050415,0.07251906394958496,0.927480936050415,1,1,1
2024-05-10 00:00:00-05:00,2324.3366125228213,2.670083999633789,0.9352381229400635,0.06476187705993652,0.9352381229400635,1,1,1
2024-05-11 00:00:00-05:00,2326.64989053112,2.670083999633789,0.9352381229400635,0.06476187705993652,0.9352381229400635,1,1,1
2024-05-12 00:00:00-05:00,2328.963168539419,2.670083999633789,0.9352381229400635,0.06476187705993652,0.9352381229400635,1,1,1
2024-05-13 00:00:00-05:00,2331.2764465477176,2.670083999633789,0.9352381229400635,0.06476187705993652,0.9352381229400635,1,1,1
2024-05-14 00:00:00-05:00,2333.5897245560163,2.670083999633789,0.9352381229400635,0.06476187705993652,0.9352381229400635,1,1,1
2024-05-15 00:00:00-05:00,2335.903002564315,2.6443493366241455,0.9336618185043335,0.0663381814956665,0.9336618185043335,1,1,1
2024-05-16 00:00:00-05:00,2338.216280572614,2.6443493366241455,0.9336618185043335,0.0663381814956665,0.9336618185043335,1,1,1
2024-05-17 00:00:00-05:00,2340.5295585809126,2.6443493366241455,0.9336618185043335,0.0663381814956665,0.9336618185043335,1,1,1
2024-05-18 00:00:00-05:00,2342.8428365892114,2.6443493366241455,0.9336618185043335,0.0663381814956665,0.9336618185043335,1,1,1
2024-05-19 00:00:00-05:00,2345.15611459751,2.6317529678344727,0.9328774213790894,0.06712257862091064,0.9328774213790894,1,1,1
2024-05-20 00:00:00-05:00,2347.469392605809,2.6039621829986572,0.9311161637306213,0.06888383626937866,0.9311161637306213,1,1,1
2024-05-21 00:00:00-05:00,2349.782670614108,2.6039621829986572,0.9311161637306213,0.06888383626937866,0.9311161637306213,1,1,1
2024-05-22 00:00:00-05:00,2352.0959486224065,2.5828278064727783,0.9297481179237366,0.07025188207626343,0.9297481179237366,1,1,1
2024-05-23 00:00:00-05:00,2354.409226630705,2.5828278064727783,0.9297481179237366,0.07025188207626343,0.9297481179237366,1,1,1
2024-05-24 00:00:00-05:00,2356.722504639004,2.5828278064727783,0.9297481179237366,0.07025188207626343,0.9297481179237366,1,1,1
2024-05-25 00:00:00-05:00,2359.0357826473028,2.5828278064727783,0.9297481179237366,0.07025188207626343,0.9297481179237366,1,1,1
2024-05-26 00:00:00-05:00,2361.349060655601,2.5828278064727783,0.9297481179237366,0.07025188207626343,0.9297481179237366,1,1,1
2024-05-27 00:00:00-05:00,2363.6623386639003,2.5828278064727783,0.9297481179237366,0.07025188207626343,0.9297481179237366,1,1,1
2024-05-28 00:00:00-05:00,2365.975616672199,2.5481529235839844,0.9274493455886841,0.07255065441131592,0.9274493455886841,1,1,1
2024-05-29 00:00:00-05:00,2368.288894680498,2.5481529235839844,0.9274493455886841,0.07255065441131592,0.9274493455886841,1,1,1
2024-05-30 00:00:00-05:00,2370.6021726887966,2.5481529235839844,0.9274493455886841,0.07255065441131592,0.9274493455886841,1,1,1
2024-05-31 00:00:00-05:00,2372.915450697096,2.5481529235839844,0.9274493455886841,0.07255065441131592,0.9274493455886841,1,1,1
2024-06-01 00:00:00-05:00,2375.228728705394,2.5062403678894043,0.9245781898498535,0.07542181015014648,0.9245781898498535,1,1,1
2024-06-02 00:00:00-05:00,2377.542006713693,2.5062403678894043,0.9245781898498535,0.07542181015014648,0.9245781898498535,1,1,1
2024-06-03 00:00:00-05:00,2379.855284721992,2.5062403678894043,0.9245781898498535,0.07542181015014648,0.9245781898498535,1,1,1
2024-06-04 00:00:00-05:00,2382.1685627302904,2.5062403678894043,0.9245781898498535,0.07542181015014648,0.9245781898498535,1,1,1
2024-06-05 00:00:00-05:00,2384.481840738589,2.4627792835235596,0.9214909672737122,0.07850903272628784,0.9214909672737122,1,1,1
2024-06-06 00:00:00-05:00,2386.795118746888,2.4627792835235596,0.9214909672737122,0.07850903272628784,0.9214909672737122,1,1,1
2024-06-07 00:00:00-05:00,2389.1083967551867,2.4627792835235596,0.9214909672737122,0.07850903272628784,0.9214909672737122,1,1,1
2024-06-08 00:00:00-05:00,2391.421674763485,2.4230074882507324,0.9185649752616882,0.08143502473831177,0.9185649752616882,1,1,1
2024-06-09 00:00:00-05:00,2393.7349527717843,2.4230074882507324,0.9185649752616882,0.08143502473831177,0.9185649752616882,1,1,1
2024-06-10 00:00:00-05:00,2396.048230780083,2.4230074882507324,0.9185649752616882,0.08143502473831177,0.9185649752616882,1,1,1
2024-06-11 00:00:00-05:00,2398.361508788382,2.4230074882507324,0.9185649752616882,0.08143502473831177,0.9185649752616882,1,1,1
2024-06-12 00:00:00-05:00,2400.674786796681,2.4230074882507324,0.9185649752616882,0.08143502473831177,0.9185649752616882,1,1,1
2024-06-13 00:00:00-05:00,2402.98806480498,2.4230074882507324,0.9185649752616882,0.08143502473831177,0.9185649752616882,1,1,1
2024-06-14 00:00:00-05:00,2405.301342813278,2.4230074882507324,0.9185649752616882,0.08143502473831177,0.9185649752616882,1,1,1
2024-06-15 00:00:00-05:00,2407.614620821577,2.4230074882507324,0.9185649752616882,0.08143502473831177,0.9185649752616882,1,1,1
2024-06-16 00:00:00-05:00,2409.927898829876,2.4230074882507324,0.9185649752616882,0.08143502473831177,0.9185649752616882,1,1,1
2024-06-17 00:00:00-05:00,2412.2411768381744,2.3846306800842285,0.9156477451324463,0.08435225486755371,0.9156477451324463,1,1,1
2024-06-18 00:00:00-05:00,2414.554454846473,2.3846306800842285,0.9156477451324463,0.08435225486755371,0.9156477451324463,1,1,1
2024-06-19 00:00:00-05:00,2416.867732854772,2.3846306800842285,0.9156477451324463,0.08435225486755371,0.9156477451324463,1,1,1
2024-06-20 00:00:00-05:00,2419.1810108630702,2.3846306800842285,0.9156477451324463,0.08435225486755371,0.9156477451324463,1,1,1
2024-06-21 00:00:00-05:00,2421.494288871369,2.3846306800842285,0.9156477451324463,0.08435225486755371,0.9156477451324463,1,1,1
2024-06-22 00:00:00-05:00,2423.807566879668,2.3846306800842285,0.9156477451324463,0.08435225486755371,0.9156477451324463,1,1,1
2024-06-23 00:00:00-05:00,2426.1208448879665,2.3846306800842285,0.9156477451324463,0.08435225486755371,0.9156477451324463,1,1,1
2024-06-24 00:00:00-05:00,2428.4341228962653,2.3846306800842285,0.9156477451324463,0.08435225486755371,0.9156477451324463,1,1,1
2024-06-25 00:00:00-05:00,2430.747400904564,2.3846306800842285,0.9156477451324463,0.08435225486755371,0.9156477451324463,1,1,1
2024-06-26 00:00:00-05:00,2433.060678912863,2.3846306800842285,0.9156477451324463,0.08435225486755371,0.9156477451324463,1,1,1
2024-06-27 00:00:00-05:00,2435.3739569211616,2.4664762020111084,0.9217579960823059,0.07824200391769409,0.9217579960823059,1,1,1
2024-06-28 00:00:00-05:00,2437.6872349294604,2.4664762020111084,0.9217579960823059,0.07824200391769409,0.9217579960823059,1,1,1
2024-06-29 00:00:00-05:00,2440.000512937759,2.4664762020111084,0.9217579960823059,0.07824200391769409,0.9217579960823059,1,1,1
2024-06-30 00:00:00-05:00,2442.313790946058,2.4664762020111084,0.9217579960823059,0.07824200391769409,0.9217579960823059,1,1,1
2024-07-01 00:00:00-05:00,2444.6270689543567,2.4362120628356934,0.9195473194122314,0.08045268058776855,0.9195473194122314,1,1,1
2024-07-02 00:00:00-05:00,2446.9403469626554,2.4362120628356934,0.9195473194122314,0.08045268058776855,0.9195473194122314,1,1,1
2024-07-03 00:00:00-05:00,2449.253624970954,2.4362120628356934,0.9195473194122314,0.08045268058776855,0.9195473194122314,1,1,1
2024-07-04 00:00:00-05:00,2451.566902979253,2.4362120628356934,0.9195473194122314,0.08045268058776855,0.9195473194122314,1,1,1
2024-07-05 00:00:00-05:00,2453.880180987552,2.4362120628356934,0.9195473194122314,0.08045268058776855,0.9195473194122314,1,1,1
2024-07-06 00:00:00-05:00,2456.1934589958505,2.4362120628356934,0.9195473194122314,0.08045268058776855,0.9195473194122314,1,1,1
2024-07-07 00:00:00-05:00,2458.5067370041493,2.4362120628356934,0.9195473194122314,0.08045268058776855,0.9195473194122314,1,1,1
2024-07-08 00:00:00-05:00,2460.820015012448,2.4362120628356934,0.9195473194122314,0.08045268058776855,0.9195473194122314,1,1,1
2024-07-09 00:00:00-05:00,2463.133293020747,2.4785115718841553,0.9226215481758118,0.07737845182418823,0.9226215481758118,1,1,1
2024-07-10 00:00:00-05:00,2465.4465710290456,2.4785115718841553,0.9226215481758118,0.07737845182418823,0.9226215481758118,1,1,1
2024-07-11 00:00:00-05:00,2467.7598490373443,2.4785115718841553,0.9226215481758118,0.07737845182418823,0.9226215481758118,1,1,1
2024-07-12 00:00:00-05:00,2470.073127045643,2.4785115718841553,0.9226215481758118,0.07737845182418823,0.9226215481758118,1,1,1
2024-07-13 00:00:00-05:00,2472.386405053942,2.4785115718841553,0.9226215481758118,0.07737845182418823,0.9226215481758118,1,1,1
2024-07-14 00:00:00-05:00,2474.6996830622406,2.4785115718841553,0.9226215481758118,0.07737845182418823,0.9226215481758118,1,1,1
2024-07-15 00:00:00-05:00,2477.0129610705394,2.4785115718841553,0.9226215481758118,0.07737845182418823,0.9226215481758118,1,1,1
2024-07-16 00:00:00-05:00,2479.326239078838,2.4785115718841553,0.9226215481758118,0.07737845182418823,0.9226215481758118,1,1,1
2024-07-17 00:00:00-05:00,2481.639517087137,2.4785115718841553,0.9226215481758118,0.07737845182418823,0.9226215481758118,1,1,1
2024-07-18 00:00:00-05:00,2483.952795095436,2.4785115718841553,0.9226215481758118,0.07737845182418823,0.9226215481758118,1,1,1
2024-07-19 00:00:00-05:00,2486.2660731037345,2.4785115718841553,0.9226215481758118,0.07737845182418823,0.9226215481758118,1,1,1
2024-07-20 00:00:00-05:00,2488.579351112033,2.4785115718841553,0.9226215481758118,0.07737845182418823,0.9226215481758118,1,1,1
2024-07-21 00:00:00-05:00,2490.892629120332,2.4785115718841553,0.9226215481758118,0.07737845182418823,0.9226215481758118,1,1,1
2024-07-22 00:00:00-05:00,2493.2059071286308,2.4785115718841553,0.9226215481758118,0.07737845182418823,0.9226215481758118,1,1,1
2024-07-23 00:00:00-05:00,2495.519185136929,2.4785115718841553,0.9226215481758118,0.07737845182418823,0.9226215481758118,1,1,1
2024-07-24 00:00:00-05:00,2497.8324631452283,2.4785115718841553,0.9226215481758118,0.07737845182418823,0.9226215481758118,1,1,1
2024-07-25 00:00:00-05:00,2500.145741153527,2.4785115718841553,0.9226215481758118,0.07737845182418823,0.9226215481758118,1,1,1
2024-07-26 00:00:00-05:00,2502.459019161826,2.4785115718841553,0.9226215481758118,0.07737845182418823,0.9226215481758118,1,1,1
2024-07-27 00:00:00-05:00,2504.772297170124,2.4785115718841553,0.9226215481758118,0.07737845182418823,0.9226215481758118,1,1,1
2024-07-28 00:00:00-05:00,2507.085575178423,2.4785115718841553,0.9226215481758118,0.07737845182418823,0.9226215481758118,1,1,1
2024-07-29 00:00:00-05:00,2509.3988531867217,2.4785115718841553,0.9226215481758118,0.07737845182418823,0.9226215481758118,1,1,1
2024-07-30 00:00:00-05:00,2511.7121311950204,2.4785115718841553,0.9226215481758118,0.07737845182418823,0.9226215481758118,1,1,1
2024-07-31 00:00:00-05:00,2514.025409203319,2.4785115718841553,0.9226215481758118,0.07737845182418823,0.9226215481758118,1,1,1
2024-08-01 00:00:00-05:00,2516.338687211618,2.4785115718841553,0.9226215481758118,0.07737845182418823,0.9226215481758118,1,1,1
2024-08-02 00:00:00-05:00,2518.6519652199167,2.4785115718841553,0.9226215481758118,0.07737845182418823,0.9226215481758118,1,1,1
2024-08-03 00:00:00-05:00,2520.9652432282155,2.4785115718841553,0.9226215481758118,0.07737845182418823,0.9226215481758118,1,1,1
2024-08-04 00:00:00-05:00,2523.2785212365143,2.4785115718841553,0.9226215481758118,0.07737845182418823,0.9226215481758118,1,1,1
2024-08-05 00:00:00-05:00,2525.591799244813,2.548041820526123,0.9274418950080872,0.07255810499191284,0.9274418950080872,1,1,1
2024-08-06 00:00:00-05:00,2527.905077253112,2.548041820526123,0.9274418950080872,0.07255810499191284,0.9274418950080872,1,1,1
2024-08-07 00:00:00-05:00,2530.2183552614106,2.548041820526123,0.9274418950080872,0.07255810499191284,0.9274418950080872,1,1,1
2024-08-08 00:00:00-05:00,2532.5316332697093,2.548041820526123,0.9274418950080872,0.07255810499191284,0.9274418950080872,1,1,1
2024-08-09 00:00:00-05:00,2534.844911278008,2.548041820526123,0.9274418950080872,0.07255810499191284,0.9274418950080872,1,1,1
2024-08-10 00:00:00-05:00,2537.158189286307,2.548041820526123,0.9274418950080872,0.07255810499191284,0.9274418950080872,1,1,1
2024-08-11 00:00:00-05:00,2539.4714672946056,2.548041820526123,0.9274418950080872,0.07255810499191284,0.9274418950080872,1,1,1
2024-08-12 00:00:00-05:00,2541.7847453029044,2.548041820526123,0.9274418950080872,0.07255810499191284,0.9274418950080872,1,1,1
2024-08-13 00:00:00-05:00,2544.098023311203,2.548041820526123,0.9274418950080872,0.07255810499191284,0.9274418950080872,1,1,1
2024-08-14 00:00:00-05:00,2546.411301319502,2.548041820526123,0.9274418950080872,0.07255810499191284,0.9274418950080872,1,1,1
2024-08-15 00:00:00-05:00,2548.7245793278007,2.548041820526123,0.9274418950080872,0.07255810499191284,0.9274418950080872,1,1,1
2024-08-16 00:00:00-05:00,2551.0378573360995,2.548041820526123,0.9274418950080872,0.07255810499191284,0.9274418950080872,1,1,1
2024-08-17 00:00:00-05:00,2553.3511353443982,2.548041820526123,0.9274418950080872,0.07255810499191284,0.9274418950080872,1,1,1
2024-08-18 00:00:00-05:00,2555.664413352697,2.548041820526123,0.9274418950080872,0.07255810499191284,0.9274418950080872,1,1,1
2024-08-19 00:00:00-05:00,2557.977691360996,2.548041820526123,0.9274418950080872,0.07255810499191284,0.9274418950080872,1,1,1
2024-08-20 00:00:00-05:00,2560.2909693692945,2.548041820526123,0.9274418950080872,0.07255810499191284,0.9274418950080872,1,1,1
2024-08-21 00:00:00-05:00,2562.6042473775933,2.548041820526123,0.9274418950080872,0.07255810499191284,0.9274418950080872,1,1,1
2024-08-22 00:00:00-05:00,2564.917525385892,2.548041820526123,0.9274418950080872,0.07255810499191284,0.9274418950080872,1,1,1
2024-08-23 00:00:00-05:00,2567.230803394191,2.548041820526123,0.9274418950080872,0.07255810499191284,0.9274418950080872,1,1,1
2024-08-24 00:00:00-05:00,2569.5440814024896,2.563671350479126,0.9284865856170654,0.07151341438293457,0.9284865856170654,1,1,1
2024-08-25 00:00:00-05:00,2571.8573594107884,2.563671350479126,0.9284865856170654,0.07151341438293457,0.9284865856170654,1,1,1
2024-08-26 00:00:00-05:00,2574.170637419087,2.563671350479126,0.9284865856170654,0.07151341438293457,0.9284865856170654,1,1,1
2024-08-27 00:00:00-05:00,2576.483915427386,2.563671350479126,0.9284865856170654,0.07151341438293457,0.9284865856170654,1,1,1
2024-08-28 00:00:00-05:00,2578.7971934356847,2.563671350479126,0.9284865856170654,0.07151341438293457,0.9284865856170654,1,1,1
2024-08-29 00:00:00-05:00,2581.1104714439834,2.563671350479126,0.9284865856170654,0.07151341438293457,0.9284865856170654,1,1,1
2024-08-30 00:00:00-05:00,2583.423749452282,2.563671350479126,0.9284865856170654,0.07151341438293457,0.9284865856170654,1,1,1
2024-08-31 00:00:00-05:00,2585.737027460581,2.563671350479126,0.9284865856170654,0.07151341438293457,0.9284865856170654,1,1,1
2024-09-01 00:00:00-05:00,2588.05030546888,2.563671350479126,0.9284865856170654,0.07151341438293457,0.9284865856170654,1,1,1
2024-09-02 00:00:00-05:00,2590.3635834771785,2.563671350479126,0.9284865856170654,0.07151341438293457,0.9284865856170654,1,1,1
2024-09-03 00:00:00-05:00,2592.6768614854773,2.563671350479126,0.9284865856170654,0.07151341438293457,0.9284865856170654,1,1,1
2024-09-04 00:00:00-05:00,2594.990139493776,2.563671350479126,0.9284865856170654,0.07151341438293457,0.9284865856170654,1,1,1
2024-09-05 00:00:00-05:00,2597.303417502075,2.563671350479126,0.9284865856170654,0.07151341438293457,0.9284865856170654,1,1,1
2024-09-06 00:00:00-05:00,2599.6166955103736,2.563671350479126,0.9284865856170654,0.07151341438293457,0.9284865856170654,1,1,1
2024-09-07 00:00:00-05:00,2601.9299735186723,2.563671350479126,0.9284865856170654,0.07151341438293457,0.9284865856170654,1,1,1
2024-09-08 00:00:00-05:00,2604.243251526971,2.563671350479126,0.9284865856170654,0.07151341438293457,0.9284865856170654,1,1,1
2024-09-09 00:00:00-05:00,2606.55652953527,2.563671350479126,0.9284865856170654,0.07151341438293457,0.9284865856170654,1,1,1
2024-09-10 00:00:00-05:00,2608.8698075435686,2.563671350479126,0.9284865856170654,0.07151341438293457,0.9284865856170654,1,1,1
2024-09-11 00:00:00-05:00,2611.183085551867,2.563671350479126,0.9284865856170654,0.07151341438293457,0.9284865856170654,1,1,1
2024-09-12 00:00:00-05:00,2613.4963635601657,2.563671350479126,0.9284865856170654,0.07151341438293457,0.9284865856170654,1,1,1
2024-09-13 00:00:00-05:00,2615.8096415684645,2.563671350479126,0.9284865856170654,0.07151341438293457,0.9284865856170654,1,1,1
2024-09-14 00:00:00-05:00,2618.1229195767637,2.563671350479126,0.9284865856170654,0.07151341438293457,0.9284865856170654,1,1,1
2024-09-15 00:00:00-05:00,2620.436197585062,2.563671350479126,0.9284865856170654,0.07151341438293457,0.9284865856170654,1,1,1
2024-09-16 00:00:00-05:00,2622.749475593361,2.563671350479126,0.9284865856170654,0.07151341438293457,0.9284865856170654,1,1,1
2024-09-17 00:00:00-05:00,2625.06275360166,2.5357182025909424,0.9266082048416138,0.07339179515838623,0.9266082048416138,1,1,1
2024-09-18 00:00:00-05:00,2627.3760316099583,2.5357182025909424,0.9266082048416138,0.07339179515838623,0.9266082048416138,1,1,1
2024-09-19 00:00:00-05:00,2629.689309618257,2.5357182025909424,0.9266082048416138,0.07339179515838623,0.9266082048416138,1,1,1
2024-09-20 00:00:00-05:00,2632.002587626556,2.5357182025909424,0.9266082048416138,0.07339179515838623,0.9266082048416138,1,1,1
2024-09-21 00:00:00-05:00,2634.3158656348546,2.5357182025909424,0.9266082048416138,0.07339179515838623,0.9266082048416138,1,1,1
2024-09-22 00:00:00-05:00,2636.6291436431534,2.5357182025909424,0.9266082048416138,0.07339179515838623,0.9266082048416138,1,1,1
2024-09-23 00:00:00-05:00,2638.942421651452,2.5357182025909424,0.9266082048416138,0.07339179515838623,0.9266082048416138,1,1,1
2024-09-24 00:00:00-05:00,2641.255699659751,2.5357182025909424,0.9266082048416138,0.07339179515838623,0.9266082048416138,1,1,1
2024-09-25 00:00:00-05:00,2643.5689776680497,2.5357182025909424,0.9266082048416138,0.07339179515838623,0.9266082048416138,1,1,1
2024-09-26 00:00:00-05:00,2645.8822556763484,2.5357182025909424,0.9266082048416138,0.07339179515838623,0.9266082048416138,1,1,1
2024-09-27 00:00:00-05:00,2648.195533684647,2.5357182025909424,0.9266082048416138,0.07339179515838623,0.9266082048416138,1,1,1
2024-09-28 00:00:00-05:00,2650.508811692946,2.5357182025909424,0.9266082048416138,0.07339179515838623,0.9266082048416138,1,1,1
2024-09-29 00:00:00-05:00,2652.8220897012447,2.5357182025909424,0.9266082048416138,0.07339179515838623,0.9266082048416138,1,1,1
2024-09-30 00:00:00-05:00,2655.1353677095435,2.5357182025909424,0.9266082048416138,0.07339179515838623,0.9266082048416138,1,1,1
2024-10-01 00:00:00-05:00,2657.4486457178423,2.5357182025909424,0.9266082048416138,0.07339179515838623,0.9266082048416138,1,1,1
2024-10-02 00:00:00-05:00,2659.761923726141,2.5357182025909424,0.9266082048416138,0.07339179515838623,0.9266082048416138,1,1,1
2024-10-03 00:00:00-05:00,2662.07520173444,2.5357182025909424,0.9266082048416138,0.07339179515838623,0.9266082048416138,1,1,1
2024-10-04 00:00:00-05:00,2664.3884797427386,2.5357182025909424,0.9266082048416138,0.07339179515838623,0.9266082048416138,1,1,1
2024-10-05 00:00:00-05:00,2666.7017577510373,2.5357182025909424,0.9266082048416138,0.07339179515838623,0.9266082048416138,1,1,1
2024-10-06 00:00:00-05:00,2669.015035759336,2.5357182025909424,0.9266082048416138,0.07339179515838623,0.9266082048416138,1,1,1
2024-10-07 00:00:00-05:00,2671.328313767635,2.5357182025909424,0.9266082048416138,0.07339179515838623,0.9266082048416138,1,1,1
2024-10-08 00:00:00-05:00,2673.6415917759336,2.5357182025909424,0.9266082048416138,0.07339179515838623,0.9266082048416138,1,1,1
2024-10-09 00:00:00-05:00,2675.9548697842324,2.5357182025909424,0.9266082048416138,0.07339179515838623,0.9266082048416138,1,1,1
2024-10-10 00:00:00-05:00,2678.268147792531,2.5357182025909424,0.9266082048416138,0.07339179515838623,0.9266082048416138,1,1,1
2024-10-11 00:00:00-05:00,2680.58142580083,2.5357182025909424,0.9266082048416138,0.07339179515838623,0.9266082048416138,1,1,1
2024-10-12 00:00:00-05:00,2682.8947038091287,2.5357182025909424,0.9266082048416138,0.07339179515838623,0.9266082048416138,1,1,1
2024-10-13 00:00:00-05:00,2685.2079818174275,2.5357182025909424,0.9266082048416138,0.07339179515838623,0.9266082048416138,1,1,1
2024-10-14 00:00:00-05:00,2687.5212598257262,2.5357182025909424,0.9266082048416138,0.07339179515838623,0.9266082048416138,1,1,1
2024-10-15 00:00:00-05:00,2689.834537834025,2.5357182025909424,0.9266082048416138,0.07339179515838623,0.9266082048416138,1,1,1
2024-10-16 00:00:00-05:00,2692.147815842324,2.5357182025909424,0.9266082048416138,0.07339179515838623,0.9266082048416138,1,1,1
2024-10-17 00:00:00-05:00,2694.461093850622,2.5793468952178955,0.9295204877853394,0.07047951221466064,0.9295204877853394,1,1,1
2024-10-18 00:00:00-05:00,2696.774371858921,2.5793468952178955,0.9295204877853394,0.07047951221466064,0.9295204877853394,1,1,1
2024-10-19 00:00:00-05:00,2699.08764986722,2.5793468952178955,0.9295204877853394,0.07047951221466064,0.9295204877853394,1,1,1
2024-10-20 00:00:00-05:00,2701.4009278755184,2.5793468952178955,0.9295204877853394,0.07047951221466064,0.9295204877853394,1,1,1
2024-10-21 00:00:00-05:00,2703.714205883817,2.5793468952178955,0.9295204877853394,0.07047951221466064,0.9295204877853394,1,1,1
2024-10-22 00:00:00-05:00,2706.027483892116,2.6619136333465576,0.9347415566444397,0.0652584433555603,0.9347415566444397,1,1,1
2024-10-23 00:00:00-05:00,2708.3407619004147,2.6619136333465576,0.9347415566444397,0.0652584433555603,0.9347415566444397,1,1,1
2024-10-24 00:00:00-05:00,2710.654039908713,2.6619136333465576,0.9347415566444397,0.0652584433555603,0.9347415566444397,1,1,1
2024-10-25 00:00:00-05:00,2712.967317917012,2.6619136333465576,0.9347415566444397,0.0652584433555603,0.9347415566444397,1,1,1
2024-10-26 00:00:00-05:00,2715.280595925311,2.6619136333465576,0.9347415566444397,0.0652584433555603,0.9347415566444397,1,1,1
2024-10-27 00:00:00-05:00,2717.5938739336098,2.6619136333465576,0.9347415566444397,0.0652584433555603,0.9347415566444397,1,1,1
2024-10-28 00:00:00-05:00,2719.9071519419085,2.6816537380218506,0.935935378074646,0.064064621925354,0.935935378074646,1,1,1
2024-10-29 00:00:00-05:00,2722.2204299502077,2.6816537380218506,0.935935378074646,0.064064621925354,0.935935378074646,1,1,1
2024-10-30 00:00:00-05:00,2724.533707958506,2.6816537380218506,0.935935378074646,0.064064621925354,0.935935378074646,1,1,1
2024-10-31 00:00:00-05:00,2726.846985966805,2.6816537380218506,0.935935378074646,0.064064621925354,0.935935378074646,1,1,1
2024-11-01 00:00:00-05:00,2729.160263975104,2.6816537380218506,0.935935378074646,0.064064621925354,0.935935378074646,1,1,1
2024-11-02 00:00:00-05:00,2731.4735419834024,2.6816537380218506,0.935935378074646,0.064064621925354,0.935935378074646,1,1,1
2024-11-03 00:00:00-05:00,2733.786819991701,2.6816537380218506,0.935935378074646,0.064064621925354,0.935935378074646,1,1,1
2024-11-04 00:00:00-05:00,2736.100098,2.6816537380218506,0.935935378074646,0.064064621925354,0.935935378074646,1,1,1
2024-11-05 00:00:00-05:00,2740.300049,2.2655129432678223,0.9059802293777466,0.09401977062225342,0.9059802293777466,1,0,0
2024-11-06 00:00:00-05:00,2667.600098,0.28377407789230347,0.5704712271690369,0.42952877283096313,0.5704712271690369,1,1,1
2024-11-07 00:00:00-05:00,2698.399902,-0.30513742566108704,0.4243020713329315,0.5756979286670685,0.5756979286670685,0,0,1
2024-11-08 00:00:00-05:00,2687.5,-0.47296497225761414,0.3839147090911865,0.6160852909088135,0.6160852909088135,0,0,1
2024-11-09 00:00:00-05:00,2662.066650333333,-0.7120540738105774,0.3291451334953308,0.6708548665046692,0.6708548665046692,0,0,1
2024-11-10 00:00:00-05:00,2636.633300666667,-0.7055618762969971,0.3305802345275879,0.6694197654724121,0.6694197654724121,0,0,1
2024-11-11 00:00:00-05:00,2611.199951,-0.25604772567749023,0.4363355338573456,0.5636644661426544,0.5636644661426544,0,0,1
2024-11-12 00:00:00-05:00,2600.0,-0.46256473660469055,0.38637757301330566,0.6136224269866943,0.6136224269866943,0,0,1
2024-11-13 00:00:00-05:00,2580.800049,-0.41271939873695374,0.398260235786438,0.601739764213562,0.601739764213562,0,0,1
2024-11-14 00:00:00-05:00,2568.199951,-0.05447413772344589,0.4863848090171814,0.5136151909828186,0.5136151909828186,0,0,1
2024-11-15 00:00:00-05:00,2565.699951,-0.2368791401386261,0.441055566072464,0.558944433927536,0.558944433927536,0,1,0
2024-11-16 00:00:00-05:00,2580.6666666666665,-0.40350037813186646,0.40047162771224976,0.5995283722877502,0.5995283722877502,0,1,0
2024-11-17 00:00:00-05:00,2595.633382333333,-0.3719824254512787,0.40806207060813904,0.591937929391861,0.591937929391861,0,1,0
2024-11-18 00:00:00-05:00,2610.600098,-0.2195887416601181,0.44532233476638794,0.5546776652336121,0.5546776652336121,0,1,0
2024-11-19 00:00:00-05:00,2627.100098,-0.07789835333824158,0.48053526878356934,0.5194647312164307,0.5194647312164307,0,1,0
2024-11-20 00:00:00-05:00,2648.199951,-0.3847506046295166,0.4049816131591797,0.5950183868408203,0.5950183868408203,0,1,0
2024-11-21 00:00:00-05:00,2672.100098,-0.385418564081192,0.40482065081596375,0.5951793491840363,0.5951793491840363,0,1,0
2024-11-22 00:00:00-05:00,2709.899902,-0.4034946858882904,0.4004729688167572,0.5995270311832428,0.5995270311832428,0,0,1
2024-11-23 00:00:00-05:00,2678.8666176666666,-0.34443849325180054,0.4147317409515381,0.5852682590484619,0.5852682590484619,0,0,1
2024-11-24 00:00:00-05:00,2647.833333333333,-0.16895948350429535,0.4578603506088257,0.5421396493911743,0.5421396493911743,0,0,1
2024-11-25 00:00:00-05:00,2616.800049,-0.43936583399772644,0.39189207553863525,0.6081079244613647,0.6081079244613647,0,1,0
2024-11-26 00:00:00-05:00,2620.300049,-0.928746223449707,0.2831791341304779,0.7168208658695221,0.7168208658695221,0,1,0
2024-11-27 00:00:00-05:00,2639.899902,-0.14175854623317719,0.46461957693099976,0.5353804230690002,0.5353804230690002,0,1,0
2024-11-28 00:00:00-05:00,2648.449951,-0.8304612636566162,0.30354753136634827,0.6964524686336517,0.6964524686336517,0,1,0
2024-11-29 00:00:00-05:00,2657.0,0.37333008646965027,0.592263400554657,0.407736599445343,0.592263400554657,1,0,0
2024-11-30 00:00:00-05:00,2649.633300666667,0.2319525182247162,0.5577295422554016,0.4422704577445984,0.5577295422554016,1,0,0
2024-12-01 00:00:00-05:00,2642.2666013333333,-0.7738393545150757,0.315649151802063,0.684350848197937,0.684350848197937,0,0,1
2024-12-02 00:00:00-05:00,2634.899902,-0.4286583662033081,0.3944467604160309,0.6055532395839691,0.6055532395839691,0,1,0
2024-12-03 00:00:00-05:00,2644.699951,-0.4195898175239563,0.3966148793697357,0.6033851206302643,0.6033851206302643,0,1,0
2024-12-04 00:00:00-05:00,2653.800049,-0.39422470331192017,0.4027006924152374,0.5972993075847626,0.5972993075847626,0,0,1
2024-12-05 00:00:00-05:00,2626.600098,-0.2314484566450119,0.44239479303359985,0.5576052069664001,0.5576052069664001,0,1,0
2024-12-06 00:00:00-05:00,2638.600098,-0.6475513577461243,0.34354153275489807,0.6564584672451019,0.6564584672451019,0,1,0
2024-12-07 00:00:00-05:00,2647.366699333333,-0.15885965526103973,0.46036839485168457,0.5396316051483154,0.5396316051483154,0,1,0
2024-12-08 00:00:00-05:00,2656.133300666667,-0.36945751309394836,0.4086720943450928,0.5913279056549072,0.5913279056549072,0,1,0
2024-12-09 00:00:00-05:00,2664.899902,-0.08156394213438034,0.4796203076839447,0.5203796923160553,0.5203796923160553,0,1,0
2024-12-10 00:00:00-05:00,2697.600098,-0.4591865539550781,0.38717880845069885,0.6128211915493011,0.6128211915493011,0,1,0
2024-12-11 00:00:00-05:00,2733.800049,-0.2687118351459503,0.4332233667373657,0.5667766332626343,0.5667766332626343,0,0,1
2024-12-12 00:00:00-05:00,2687.5,-0.08162456005811691,0.47960522770881653,0.5203947722911835,0.5203947722911835,0,0,1
2024-12-13 00:00:00-05:00,2656.0,-0.1571664810180664,0.4607890844345093,0.5392109155654907,0.5392109155654907,0,0,1
2024-12-14 00:00:00-05:00,2654.466634,-0.4125087559223175,0.39831072092056274,0.6016892790794373,0.6016892790794373,0,0,1
2024-12-15 00:00:00-05:00,2652.933268,-1.128993272781372,0.24434693157672882,0.7556530684232712,0.7556530684232712,0,0,1
2024-12-16 00:00:00-05:00,2651.399902,-1.1946659088134766,0.2324254959821701,0.7675745040178299,0.7675745040178299,0,0,1
2024-12-17 00:00:00-05:00,2644.399902,-0.7841628789901733,0.31342336535453796,0.686576634645462,0.686576634645462,0,0,1
2024-12-18 00:00:00-05:00,2636.5,-0.47234901785850525,0.38406044244766235,0.6159395575523376,0.6159395575523376,0,0,1
2024-12-19 00:00:00-05:00,2592.199951,-0.21825280785560608,0.4456523656845093,0.5543476343154907,0.5543476343154907,0,1,0
2024-12-20 00:00:00-05:00,2628.699951,0.17758949100971222,0.5442810654640198,0.4557189345359802,0.5442810654640198,1,0,0
2024-12-21 00:00:00-05:00,2623.233317,-0.09021936357021332,0.47746047377586365,0.5225395262241364,0.5225395262241364,0,0,1
2024-12-22 00:00:00-05:00,2617.766683,-0.6679325699806213,0.3389599323272705,0.6610400676727295,0.6610400676727295,0,0,1
2024-12-23 00:00:00-05:00,2612.300049,-0.7507085800170898,0.3206669092178345,0.6793330907821655,0.6793330907821655,0,1,0
2024-12-24 00:00:00-05:00,2620.0,-0.5129870176315308,0.3744935691356659,0.6255064308643341,0.6255064308643341,0,1,0
2024-12-25 00:00:00-05:00,2629.4000245,0.21241699159145355,0.5529054999351501,0.44709450006484985,0.5529054999351501,1,1,1
2024-12-26 00:00:00-05:00,2638.800049,-0.02141720987856388,0.4946459233760834,0.5053540766239166,0.5053540766239166,0,0,1
2024-12-27 00:00:00-05:00,2617.199951,-0.4577219784259796,0.38752636313438416,0.6124736368656158,0.6124736368656158,0,0,1
2024-12-28 00:00:00-05:00,2613.5,-1.020890712738037,0.26485392451286316,0.7351460754871368,0.7351460754871368,0,0,1
2024-12-29 00:00:00-05:00,2609.800049,-1.439031958580017,0.19169530272483826,0.8083046972751617,0.8083046972751617,0,0,1
2024-12-30 00:00:00-05:00,2606.100098,-1.0092337131500244,0.2671298384666443,0.7328701615333557,0.7328701615333557,0,1,0
2024-12-31 00:00:00-05:00,2629.199951,-0.6592477560043335,0.34090861678123474,0.6590913832187653,0.6590913832187653,0,1,0
2025-01-01 00:00:00-05:00,2644.0499265,-0.49407675862312317,0.3789336681365967,0.6210663318634033,0.6210663318634033,0,1,0
2025-01-02 00:00:00-05:00,2658.899902,-0.6373071074485779,0.3458555042743683,0.6541444957256317,0.6541444957256317,0,0,1
2025-01-03 00:00:00-05:00,2645.0,-0.7609883546829224,0.3184317350387573,0.6815682649612427,0.6815682649612427,0,0,1
2025-01-04 00:00:00-05:00,2642.7999673333334,-0.9061172604560852,0.2877950370311737,0.7122049629688263,0.7122049629688263,0,0,1
2025-01-05 00:00:00-05:00,2640.5999346666667,-1.6519317626953125,0.16084803640842438,0.8391519635915756,0.8391519635915756,0,0,1
2025-01-06 00:00:00-05:00,2638.399902,-1.4523043632507324,0.18964716792106628,0.8103528320789337,0.8103528320789337,0,1,0
2025-01-07 00:00:00-05:00,2656.699951,-1.2959649562835693,0.21484488248825073,0.7851551175117493,0.7851551175117493,0,1,0
2025-01-08 00:00:00-05:00,2664.5,-0.2970081865787506,0.42628905177116394,0.5737109482288361,0.5737109482288361,0,1,0
2025-01-09 00:00:00-05:00,2683.800049,0.04393986240029335,0.5109832286834717,0.4890167713165283,0.5109832286834717,1,1,1
2025-01-10 00:00:00-05:00,2708.5,0.5693722367286682,0.6386183500289917,0.3613816499710083,0.6386183500289917,1,0,0
2025-01-11 00:00:00-05:00,2696.833333333333,-0.18335092067718506,0.4542902708053589,0.5457097291946411,0.5457097291946411,0,0,1
2025-01-12 00:00:00-05:00,2685.1666666666665,-0.4664751887321472,0.3854508697986603,0.6145491302013397,0.6145491302013397,0,0,1
2025-01-13 00:00:00-05:00,2673.5,-0.6907752156257629,0.3338606357574463,0.6661393642425537,0.6661393642425537,0,1,0
2025-01-14 00:00:00-05:00,2677.5,-0.3122446835041046,0.4225669503211975,0.5774330496788025,0.5774330496788025,0,1,0
2025-01-15 00:00:00-05:00,2712.5,0.40403181314468384,0.5996559858322144,0.40034401416778564,0.5996559858322144,1,1,1
2025-01-16 00:00:00-05:00,2746.399902,-0.29002636671066284,0.4279974102973938,0.5720025897026062,0.5720025897026062,0,0,1
2025-01-17 00:00:00-05:00,2744.300049,-0.6482871770858765,0.34337562322616577,0.6566243767738342,0.6566243767738342,0,1,0
2025-01-18 00:00:00-05:00,2746.97503675,-1.4371109008789062,0.1919931322336197,0.8080068677663803,0.8080068677663803,0,1,0
2025-01-19 00:00:00-05:00,2749.6500245,0.5729588270187378,0.6394456028938293,0.36055439710617065,0.6394456028938293,1,1,1
2025-01-20 00:00:00-05:00,2752.32501225,0.9448019862174988,0.720068633556366,0.27993136644363403,0.720068633556366,1,1,1
2025-01-21 00:00:00-05:00,2755.0,0.3782278299331665,0.5934456586837769,0.40655434131622314,0.5934456586837769,1,1,1
2025-01-22 00:00:00-05:00,2767.600098,0.23309563100337982,0.5580114722251892,0.4419885277748108,0.5580114722251892,1,0,0
2025-01-23 00:00:00-05:00,2763.100098,-0.2820380926132202,0.4299541711807251,0.5700458288192749,0.5700458288192749,0,1,0
2025-01-24 00:00:00-05:00,2777.300049,-0.8764058351516724,0.29392313957214355,0.7060768604278564,0.7060768604278564,0,0,1
2025-01-25 00:00:00-05:00,2764.033366,0.06965972483158112,0.5174078941345215,0.4825921058654785,0.5174078941345215,1,0,0
2025-01-26 00:00:00-05:00,2750.766683,-0.11233499646186829,0.47194573283195496,0.528054267168045,0.528054267168045,0,0,1
2025-01-27 00:00:00-05:00,2737.5,-0.22742022573947906,0.4433887302875519,0.5566112697124481,0.5566112697124481,0,1,0
2025-01-28 00:00:00-05:00,2766.800049,-0.1663805991411209,0.4585005044937134,0.5414994955062866,0.5414994955062866,0,1,0
2025-01-29 00:00:00-05:00,2769.100098,-0.4779587388038635,0.3827342689037323,0.6172657310962677,0.6172657310962677,0,1,0
2025-01-30 00:00:00-05:00,2823.0,0.5129616260528564,0.6255004405975342,0.3744995594024658,0.6255004405975342,1,0,0
2025-01-31 00:00:00-05:00,2812.5,-0.3540657162666321,0.4123968482017517,0.5876031517982483,0.5876031517982483,0,1,0
2025-02-01 00:00:00-05:00,2819.633300666667,-0.6949431300163269,0.33293434977531433,0.6670656502246857,0.6670656502246857,0,1,0
2025-02-02 00:00:00-05:00,2826.7666013333333,0.34767234325408936,0.5860530138015747,0.4139469861984253,0.5860530138015747,1,1,1
2025-02-03 00:00:00-05:00,2833.899902,0.2885158658027649,0.5716327428817749,0.4283672571182251,0.5716327428817749,1,1,1
2025-02-04 00:00:00-05:00,2853.300049,0.2895883023738861,0.5718953609466553,0.4281046390533447,0.5718953609466553,1,1,1
2025-02-05 00:00:00-05:00,2871.600098,-0.37566331028938293,0.4071732759475708,0.5928267240524292,0.5928267240524292,0,0,1
2025-02-06 00:00:00-05:00,2856.0,-0.1679200530052185,0.45811834931373596,0.541881650686264,0.541881650686264,0,1,0
2025-02-07 00:00:00-05:00,2867.300049,-0.6830461621284485,0.33558177947998047,0.6644182205200195,0.6644182205200195,0,1,0
2025-02-08 00:00:00-05:00,2882.9667156666665,-0.3342178463935852,0.4172147512435913,0.5827852487564087,0.5827852487564087,0,1,0
2025-02-09 00:00:00-05:00,2898.633382333333,-0.2505106031894684,0.43769779801368713,0.5623022019863129,0.5623022019863129,0,1,0
2025-02-10 00:00:00-05:00,2914.300049,-0.3545243740081787,0.4122856855392456,0.5877143144607544,0.5877143144607544,0,0,1
2025-02-11 00:00:00-05:00,2912.5,-0.4103066623210907,0.398838609457016,0.601161390542984,0.601161390542984,0,0,1
2025-02-12 00:00:00-05:00,2909.0,-1.3768011331558228,0.20152324438095093,0.7984767556190491,0.7984767556190491,0,1,0
2025-02-13 00:00:00-05:00,2925.899902,-1.5483849048614502,0.17531965672969818,0.8246803432703018,0.8246803432703018,0,0,1
2025-02-14 00:00:00-05:00,2883.600098,-0.2980165481567383,0.4260424077510834,0.5739575922489166,0.5739575922489166,0,1,0
2025-02-15 00:00:00-05:00,2895.600098,-0.28737831115722656,0.4286458194255829,0.5713541805744171,0.5713541805744171,0,1,0
2025-02-16 00:00:00-05:00,2907.600098,-0.3730180263519287,0.4078119695186615,0.5921880304813385,0.5921880304813385,0,1,0
2025-02-17 00:00:00-05:00,2919.600098,0.40981391072273254,0.6010432243347168,0.3989567756652832,0.6010432243347168,1,1,1
2025-02-18 00:00:00-05:00,2931.600098,-0.22323176264762878,0.4444226920604706,0.5555773079395294,0.5555773079395294,0,0,1
2025-02-19 00:00:00-05:00,2919.399902,-0.14518427848815918,0.46376755833625793,0.5362324416637421,0.5362324416637421,0,1,0
2025-02-20 00:00:00-05:00,2940.0,-0.6173220872879028,0.3503907322883606,0.6496092677116394,0.6496092677116394,0,0,1
2025-02-21 00:00:00-05:00,2937.600098,-0.31325870752334595,0.42231953144073486,0.5776804685592651,0.5776804685592651,0,1,0
2025-02-22 00:00:00-05:00,2941.033366,-1.122497797012329,0.24554824829101562,0.7544517517089844,0.7544517517089844,0,1,0
2025-02-23 00:00:00-05:00,2944.466634,0.47656887769699097,0.6169373393058777,0.3830626606941223,0.6169373393058777,1,1,1
2025-02-24 00:00:00-05:00,2947.899902,0.5329166054725647,0.6301631331443787,0.36983686685562134,0.6301631331443787,1,0,0
2025-02-25 00:00:00-05:00,2904.5,0.39960426092147827,0.5985925793647766,0.4014074206352234,0.5985925793647766,1,1,1
2025-02-26 00:00:00-05:00,2916.800049,-0.8080191016197205,0.3083127737045288,0.6916872262954712,0.6916872262954712,0,0,1
2025-02-27 00:00:00-05:00,2883.199951,-0.15512715280056,0.46129581332206726,0.5387041866779327,0.5387041866779327,0,0,1
2025-02-28 00:00:00-05:00,2836.800049,-0.39930984377861023,0.4014781415462494,0.5985218584537506,0.5985218584537506,0,1,0
2025-03-01 00:00:00-05:00,2854.6000163333333,-0.5946380496025085,0.3555713891983032,0.6444286108016968,0.6444286108016968,0,1,0
2025-03-02 00:00:00-05:00,2872.3999836666667,-0.08544214814901352,0.4786524474620819,0.5213475525379181,0.5213475525379181,0,1,0
2025-03-03 00:00:00-05:00,2890.199951,-0.18479937314987183,0.45393115282058716,0.5460688471794128,0.5460688471794128,0,1,0
2025-03-04 00:00:00-05:00,2909.600098,0.10161354392766953,0.5253815650939941,0.47461843490600586,0.5253815650939941,1,1,1
2025-03-05 00:00:00-05:00,2915.300049,-0.23510108888149261,0.441493958234787,0.558506041765213,0.558506041765213,0,1,0
2025-03-06 00:00:00-05:00,2916.600098,0.5823787450790405,0.641614556312561,0.35838544368743896,0.641614556312561,1,0,0
2025-03-07 00:00:00-05:00,2904.699951,0.9575989246368408,0.7226408123970032,0.2773591876029968,0.7226408123970032,1,1,1
2025-03-08 00:00:00-05:00,2909.2460094979256,-0.4593042731285095,0.3871508836746216,0.6128491163253784,0.6128491163253784,0,1,0
2025-03-09 00:00:00-05:00,2913.79206799585,0.9134429097175598,0.7137042284011841,0.2862957715988159,0.7137042284011841,1,1,1
2025-03-10 00:00:00-05:00,2918.338126493776,0.964326798915863,0.7239872813224792,0.27601271867752075,0.7239872813224792,1,1,1
2025-03-11 00:00:00-05:00,2922.884184991701,0.869397759437561,0.704620361328125,0.295379638671875,0.704620361328125,1,1,1
2025-03-12 00:00:00-05:00,2927.4302434896267,0.8914894461631775,0.709197461605072,0.290802538394928,0.709197461605072,1,1,1
2025-03-13 00:00:00-05:00,2931.976301987552,0.844566285610199,0.6994260549545288,0.3005739450454712,0.6994260549545288,1,1,1
2025-03-14 00:00:00-05:00,2936.5223604854773,1.444219708442688,0.80910724401474,0.19089275598526,0.80910724401474,1,1,1
2025-03-15 00:00:00-05:00,2941.0684189834024,1.444219708442688,0.80910724401474,0.19089275598526,0.80910724401474,1,1,1
2025-03-16 00:00:00-05:00,2945.614477481328,1.415591835975647,0.8046464323997498,0.19535356760025024,0.8046464323997498,1,1,1
2025-03-17 00:00:00-05:00,2950.1605359792534,1.300615668296814,0.7859386205673218,0.21406137943267822,0.7859386205673218,1,1,1
2025-03-18 00:00:00-05:00,2954.7065944771784,1.2131309509277344,0.7708525061607361,0.22914749383926392,0.7708525061607361,1,1,1
2025-03-19 00:00:00-05:00,2959.252652975104,0.9905703663825989,0.729200541973114,0.270799458026886,0.729200541973114,1,1,1
2025-03-20 00:00:00-05:00,2963.798711473029,0.3078880310058594,0.5763696432113647,0.42363035678863525,0.5763696432113647,1,1,1
2025-03-21 00:00:00-05:00,2968.3447699709545,1.8280518054962158,0.8615294694900513,0.13847053050994873,0.8615294694900513,1,1,1
2025-03-22 00:00:00-05:00,2972.89082846888,1.7205784320831299,0.8482033610343933,0.1517966389656067,0.8482033610343933,1,1,1
2025-03-23 00:00:00-05:00,2977.436886966805,1.7205784320831299,0.8482033610343933,0.1517966389656067,0.8482033610343933,1,1,1
2025-03-24 00:00:00-05:00,2981.98294546473,1.6018236875534058,0.8322731256484985,0.16772687435150146,0.8322731256484985,1,1,1
2025-03-25 00:00:00-05:00,2986.529003962656,1.6612492799758911,0.8404056429862976,0.1595943570137024,0.8404056429862976,1,1,1
2025-03-26 00:00:00-05:00,2991.0750624605807,1.9400675296783447,0.8743595480918884,0.12564045190811157,0.8743595480918884,1,1,1
2025-03-27 00:00:00-05:00,2995.6211209585063,1.8620270490646362,0.8655330538749695,0.13446694612503052,0.8655330538749695,1,1,1
2025-03-28 00:00:00-05:00,3000.167179456432,1.8620270490646362,0.8655330538749695,0.13446694612503052,0.8655330538749695,1,1,1
2025-03-29 00:00:00-05:00,3004.713237954357,1.8620270490646362,0.8655330538749695,0.13446694612503052,0.8655330538749695,1,1,1
2025-03-30 00:00:00-05:00,3009.2592964522823,1.8620270490646362,0.8655330538749695,0.13446694612503052,0.8655330538749695,1,1,1
2025-03-31 00:00:00-05:00,3013.8053549502074,1.9100747108459473,0.8710274696350098,0.12897253036499023,0.8710274696350098,1,1,1
2025-04-01 00:00:00-05:00,3018.351413448133,1.87844717502594,0.8674326539039612,0.13256734609603882,0.8674326539039612,1,1,1
2025-04-02 00:00:00-05:00,3022.897471946058,1.9180116653442383,0.8719165325164795,0.1280834674835205,0.8719165325164795,1,1,1
2025-04-03 00:00:00-05:00,3027.4435304439835,2.0882208347320557,0.889752984046936,0.11024701595306396,0.889752984046936,1,1,1
2025-04-04 00:00:00-05:00,3031.989588941909,2.102565288543701,0.8911522626876831,0.1088477373123169,0.8911522626876831,1,1,1
2025-04-05 00:00:00-05:00,3036.535647439834,2.102565288543701,0.8911522626876831,0.1088477373123169,0.8911522626876831,1,1,1
2025-04-06 00:00:00-05:00,3041.08170593776,2.102565288543701,0.8911522626876831,0.1088477373123169,0.8911522626876831,1,1,1
2025-04-07 00:00:00-05:00,3045.6277644356846,2.1320788860321045,0.8939822316169739,0.10601776838302612,0.8939822316169739,1,1,1
2025-04-08 00:00:00-05:00,3050.17382293361,2.0675289630889893,0.8877068758010864,0.11229312419891357,0.8877068758010864,1,1,1
2025-04-09 00:00:00-05:00,3054.719881431535,2.077540636062622,0.8887010216712952,0.11129897832870483,0.8887010216712952,1,1,1
2025-04-10 00:00:00-05:00,3059.2659399294607,2.077540636062622,0.8887010216712952,0.11129897832870483,0.8887010216712952,1,1,1
2025-04-11 00:00:00-05:00,3063.811998427386,2.1038968563079834,0.8912813067436218,0.10871869325637817,0.8912813067436218,1,1,1
2025-04-12 00:00:00-05:00,3068.3580569253118,2.072873115539551,0.8882384896278381,0.11176151037216187,0.8882384896278381,1,1,1
2025-04-13 00:00:00-05:00,3072.9041154232364,2.072873115539551,0.8882384896278381,0.11176151037216187,0.8882384896278381,1,1,1
2025-04-14 00:00:00-05:00,3077.450173921162,2.072873115539551,0.8882384896278381,0.11176151037216187,0.8882384896278381,1,1,1
2025-04-15 00:00:00-05:00,3081.9962324190874,2.072873115539551,0.8882384896278381,0.11176151037216187,0.8882384896278381,1,1,1
2025-04-16 00:00:00-05:00,3086.5422909170125,2.072873115539551,0.8882384896278381,0.11176151037216187,0.8882384896278381,1,1,1
2025-04-17 00:00:00-05:00,3091.088349414938,2.072873115539551,0.8882384896278381,0.11176151037216187,0.8882384896278381,1,1,1
2025-04-18 00:00:00-05:00,3095.634407912863,2.072873115539551,0.8882384896278381,0.11176151037216187,0.8882384896278381,1,1,1
2025-04-19 00:00:00-05:00,3100.1804664107885,2.072873115539551,0.8882384896278381,0.11176151037216187,0.8882384896278381,1,1,1
2025-04-20 00:00:00-05:00,3104.7265249087136,2.072873115539551,0.8882384896278381,0.11176151037216187,0.8882384896278381,1,1,1
2025-04-21 00:00:00-05:00,3109.272583406639,2.072873115539551,0.8882384896278381,0.11176151037216187,0.8882384896278381,1,1,1
2025-04-22 00:00:00-05:00,3113.818641904564,2.072873115539551,0.8882384896278381,0.11176151037216187,0.8882384896278381,1,1,1
2025-04-23 00:00:00-05:00,3118.3647004024897,2.072873115539551,0.8882384896278381,0.11176151037216187,0.8882384896278381,1,1,1
2025-04-24 00:00:00-05:00,3122.910758900415,2.107024669647217,0.8915840983390808,0.10841590166091919,0.8915840983390808,1,1,1
2025-04-25 00:00:00-05:00,3127.4568173983403,2.107024669647217,0.8915840983390808,0.10841590166091919,0.8915840983390808,1,1,1
2025-04-26 00:00:00-05:00,3132.002875896266,2.107024669647217,0.8915840983390808,0.10841590166091919,0.8915840983390808,1,1,1
2025-04-27 00:00:00-05:00,3136.548934394191,2.107024669647217,0.8915840983390808,0.10841590166091919,0.8915840983390808,1,1,1
2025-04-28 00:00:00-05:00,3141.0949928921164,2.107024669647217,0.8915840983390808,0.10841590166091919,0.8915840983390808,1,1,1
2025-04-29 00:00:00-05:00,3145.6410513900414,2.107024669647217,0.8915840983390808,0.10841590166091919,0.8915840983390808,1,1,1
2025-04-30 00:00:00-05:00,3150.187109887967,2.107024669647217,0.8915840983390808,0.10841590166091919,0.8915840983390808,1,1,1
2025-05-01 00:00:00-05:00,3154.733168385892,2.107024669647217,0.8915840983390808,0.10841590166091919,0.8915840983390808,1,1,1
2025-05-02 00:00:00-05:00,3159.279226883817,2.107024669647217,0.8915840983390808,0.10841590166091919,0.8915840983390808,1,1,1
2025-05-03 00:00:00-05:00,3163.825285381743,2.107024669647217,0.8915840983390808,0.10841590166091919,0.8915840983390808,1,1,1
2025-05-04 00:00:00-05:00,3168.371343879668,2.107024669647217,0.8915840983390808,0.10841590166091919,0.8915840983390808,1,1,1
2025-05-05 00:00:00-05:00,3172.9174023775936,2.107024669647217,0.8915840983390808,0.10841590166091919,0.8915840983390808,1,1,1
2025-05-06 00:00:00-05:00,3177.463460875518,2.1395978927612305,0.8946927785873413,0.10530722141265869,0.8946927785873413,1,1,1
2025-05-07 00:00:00-05:00,3182.009519373444,2.1395978927612305,0.8946927785873413,0.10530722141265869,0.8946927785873413,1,1,1
2025-05-08 00:00:00-05:00,3186.555577871369,2.1395978927612305,0.8946927785873413,0.10530722141265869,0.8946927785873413,1,1,1
2025-05-09 00:00:00-05:00,3191.1016363692947,2.1395978927612305,0.8946927785873413,0.10530722141265869,0.8946927785873413,1,1,1
2025-05-10 00:00:00-05:00,3195.64769486722,2.1395978927612305,0.8946927785873413,0.10530722141265869,0.8946927785873413,1,1,1
2025-05-11 00:00:00-05:00,3200.1937533651453,2.1395978927612305,0.8946927785873413,0.10530722141265869,0.8946927785873413,1,1,1
2025-05-12 00:00:00-05:00,3204.739811863071,2.156944751739502,0.8963159918785095,0.10368400812149048,0.8963159918785095,1,1,1
2025-05-13 00:00:00-05:00,3209.285870360996,2.1820154190063477,0.8986228108406067,0.10137718915939331,0.8986228108406067,1,1,1
2025-05-14 00:00:00-05:00,3213.8319288589214,2.1820154190063477,0.8986228108406067,0.10137718915939331,0.8986228108406067,1,1,1
2025-05-15 00:00:00-05:00,3218.3779873568465,2.1820154190063477,0.8986228108406067,0.10137718915939331,0.8986228108406067,1,1,1
2025-05-16 00:00:00-05:00,3222.924045854772,2.1820154190063477,0.8986228108406067,0.10137718915939331,0.8986228108406067,1,1,1
2025-05-17 00:00:00-05:00,3227.470104352697,2.1820154190063477,0.8986228108406067,0.10137718915939331,0.8986228108406067,1,1,1
2025-05-18 00:00:00-05:00,3232.0161628506225,2.1820154190063477,0.8986228108406067,0.10137718915939331,0.8986228108406067,1,1,1
2025-05-19 00:00:00-05:00,3236.562221348548,2.1820154190063477,0.8986228108406067,0.10137718915939331,0.8986228108406067,1,1,1
2025-05-20 00:00:00-05:00,3241.108279846473,2.1820154190063477,0.8986228108406067,0.10137718915939331,0.8986228108406067,1,1,1
2025-05-21 00:00:00-05:00,3245.654338344398,2.162773847579956,0.8968563675880432,0.10314363241195679,0.8968563675880432,1,1,1
2025-05-22 00:00:00-05:00,3250.200396842324,2.207630157470703,0.9009326100349426,0.09906738996505737,0.9009326100349426,1,1,1
2025-05-23 00:00:00-05:00,3254.7464553402488,2.207630157470703,0.9009326100349426,0.09906738996505737,0.9009326100349426,1,1,1
2025-05-24 00:00:00-05:00,3259.2925138381743,2.207630157470703,0.9009326100349426,0.09906738996505737,0.9009326100349426,1,1,1
2025-05-25 00:00:00-05:00,3263.8385723361,2.207630157470703,0.9009326100349426,0.09906738996505737,0.9009326100349426,1,1,1
2025-05-26 00:00:00-05:00,3268.384630834025,2.207630157470703,0.9009326100349426,0.09906738996505737,0.9009326100349426,1,1,1
2025-05-27 00:00:00-05:00,3272.9306893319504,2.207630157470703,0.9009326100349426,0.09906738996505737,0.9009326100349426,1,1,1
2025-05-28 00:00:00-05:00,3277.4767478298754,2.188732624053955,0.8992331624031067,0.10076683759689331,0.8992331624031067,1,1,1
2025-05-29 00:00:00-05:00,3282.022806327801,2.188732624053955,0.8992331624031067,0.10076683759689331,0.8992331624031067,1,1,1
2025-05-30 00:00:00-05:00,3286.568864825726,2.188732624053955,0.8992331624031067,0.10076683759689331,0.8992331624031067,1,1,1
2025-05-31 00:00:00-05:00,3291.1149233236515,2.0753536224365234,0.888484537601471,0.11151546239852905,0.888484537601471,1,1,1
2025-06-01 00:00:00-05:00,3295.660981821577,2.0753536224365234,0.888484537601471,0.11151546239852905,0.888484537601471,1,1,1
2025-06-02 00:00:00-05:00,3300.207040319502,2.0753536224365234,0.888484537601471,0.11151546239852905,0.888484537601471,1,1,1
2025-06-03 00:00:00-05:00,3304.753098817428,2.0753536224365234,0.888484537601471,0.11151546239852905,0.888484537601471,1,1,1
2025-06-04 00:00:00-05:00,3309.2991573153527,2.0753536224365234,0.888484537601471,0.11151546239852905,0.888484537601471,1,1,1
2025-06-05 00:00:00-05:00,3313.845215813278,2.0753536224365234,0.888484537601471,0.11151546239852905,0.888484537601471,1,1,1
2025-06-06 00:00:00-05:00,3318.3912743112032,2.0753536224365234,0.888484537601471,0.11151546239852905,0.888484537601471,1,1,1
2025-06-07 00:00:00-05:00,3322.9373328091287,2.0753536224365234,0.888484537601471,0.11151546239852905,0.888484537601471,1,1,1
2025-06-08 00:00:00-05:00,3327.483391307054,2.0753536224365234,0.888484537601471,0.11151546239852905,0.888484537601471,1,1,1
2025-06-09 00:00:00-05:00,3332.02944980498,2.0753536224365234,0.888484537601471,0.11151546239852905,0.888484537601471,1,1,1
2025-06-10 00:00:00-05:00,3336.5755083029044,2.0753536224365234,0.888484537601471,0.11151546239852905,0.888484537601471,1,1,1
2025-06-11 00:00:00-05:00,3341.12156680083,2.0753536224365234,0.888484537601471,0.11151546239852905,0.888484537601471,1,1,1
2025-06-12 00:00:00-05:00,3345.6676252987554,2.0753536224365234,0.888484537601471,0.11151546239852905,0.888484537601471,1,1,1
2025-06-13 00:00:00-05:00,3350.2136837966805,2.0753536224365234,0.888484537601471,0.11151546239852905,0.888484537601471,1,1,1
2025-06-14 00:00:00-05:00,3354.759742294606,2.0753536224365234,0.888484537601471,0.11151546239852905,0.888484537601471,1,1,1
2025-06-15 00:00:00-05:00,3359.305800792531,2.0753536224365234,0.888484537601471,0.11151546239852905,0.888484537601471,1,1,1
2025-06-16 00:00:00-05:00,3363.851859290457,2.0753536224365234,0.888484537601471,0.11151546239852905,0.888484537601471,1,1,1
2025-06-17 00:00:00-05:00,3368.3979177883816,2.0753536224365234,0.888484537601471,0.11151546239852905,0.888484537601471,1,1,1
2025-06-18 00:00:00-05:00,3372.943976286307,2.0753536224365234,0.888484537601471,0.11151546239852905,0.888484537601471,1,1,1
2025-06-19 00:00:00-05:00,3377.490034784232,2.0753536224365234,0.888484537601471,0.11151546239852905,0.888484537601471,1,1,1
2025-06-20 00:00:00-05:00,3382.0360932821577,2.0753536224365234,0.888484537601471,0.11151546239852905,0.888484537601471,1,1,1
2025-06-21 00:00:00-05:00,3386.582151780083,2.0753536224365234,0.888484537601471,0.11151546239852905,0.888484537601471,1,1,1
2025-06-22 00:00:00-05:00,3391.1282102780083,2.0753536224365234,0.888484537601471,0.11151546239852905,0.888484537601471,1,1,1
2025-06-23 00:00:00-05:00,3395.674268775934,2.0753536224365234,0.888484537601471,0.11151546239852905,0.888484537601471,1,1,1
2025-06-24 00:00:00-05:00,3400.220327273859,2.0753536224365234,0.888484537601471,0.11151546239852905,0.888484537601471,1,1,1
2025-06-25 00:00:00-05:00,3404.7663857717844,2.0753536224365234,0.888484537601471,0.11151546239852905,0.888484537601471,1,1,1
2025-06-26 00:00:00-05:00,3409.312444269709,2.0753536224365234,0.888484537601471,0.11151546239852905,0.888484537601471,1,1,1
2025-06-27 00:00:00-05:00,3413.858502767635,2.0753536224365234,0.888484537601471,0.11151546239852905,0.888484537601471,1,1,1
2025-06-28 00:00:00-05:00,3418.40456126556,2.0753536224365234,0.888484537601471,0.11151546239852905,0.888484537601471,1,1,1
2025-06-29 00:00:00-05:00,3422.950619763485,2.0753536224365234,0.888484537601471,0.11151546239852905,0.888484537601471,1,1,1
2025-06-30 00:00:00-05:00,3427.496678261411,2.0753536224365234,0.888484537601471,0.11151546239852905,0.888484537601471,1,1,1
2025-07-01 00:00:00-05:00,3432.042736759336,2.0753536224365234,0.888484537601471,0.11151546239852905,0.888484537601471,1,1,1
2025-07-02 00:00:00-05:00,3436.5887952572616,2.0753536224365234,0.888484537601471,0.11151546239852905,0.888484537601471,1,1,1
2025-07-03 00:00:00-05:00,3441.1348537551867,2.0753536224365234,0.888484537601471,0.11151546239852905,0.888484537601471,1,1,1
2025-07-04 00:00:00-05:00,3445.680912253112,2.0753536224365234,0.888484537601471,0.11151546239852905,0.888484537601471,1,1,1
2025-07-05 00:00:00-05:00,3450.226970751037,2.0753536224365234,0.888484537601471,0.11151546239852905,0.888484537601471,1,1,1
2025-07-06 00:00:00-05:00,3454.7730292489628,2.0753536224365234,0.888484537601471,0.11151546239852905,0.888484537601471,1,1,1
2025-07-07 00:00:00-05:00,3459.319087746888,2.0753536224365234,0.888484537601471,0.11151546239852905,0.888484537601471,1,1,1
2025-07-08 00:00:00-05:00,3463.8651462448133,2.0753536224365234,0.888484537601471,0.11151546239852905,0.888484537601471,1,1,1
2025-07-09 00:00:00-05:00,3468.411204742739,2.0753536224365234,0.888484537601471,0.11151546239852905,0.888484537601471,1,1,1
2025-07-10 00:00:00-05:00,3472.957263240664,2.0753536224365234,0.888484537601471,0.11151546239852905,0.888484537601471,1,1,1
2025-07-11 00:00:00-05:00,3477.5033217385894,2.0753536224365234,0.888484537601471,0.11151546239852905,0.888484537601471,1,1,1
2025-07-12 00:00:00-05:00,3482.0493802365145,2.0753536224365234,0.888484537601471,0.11151546239852905,0.888484537601471,1,1,1
2025-07-13 00:00:00-05:00,3486.59543873444,2.0753536224365234,0.888484537601471,0.11151546239852905,0.888484537601471,1,1,1
2025-07-14 00:00:00-05:00,3491.141497232365,2.0753536224365234,0.888484537601471,0.11151546239852905,0.888484537601471,1,1,1
2025-07-15 00:00:00-05:00,3495.6875557302906,2.0753536224365234,0.888484537601471,0.11151546239852905,0.888484537601471,1,1,1
2025-07-16 00:00:00-05:00,3500.233614228216,2.0753536224365234,0.888484537601471,0.11151546239852905,0.888484537601471,1,1,1
2025-07-17 00:00:00-05:00,3504.779672726141,2.0753536224365234,0.888484537601471,0.11151546239852905,0.888484537601471,1,1,1
2025-07-18 00:00:00-05:00,3509.3257312240667,2.0753536224365234,0.888484537601471,0.11151546239852905,0.888484537601471,1,1,1
2025-07-19 00:00:00-05:00,3513.871789721992,2.0753536224365234,0.888484537601471,0.11151546239852905,0.888484537601471,1,1,1
2025-07-20 00:00:00-05:00,3518.417848219917,2.0753536224365234,0.888484537601471,0.11151546239852905,0.888484537601471,1,1,1
2025-07-21 00:00:00-05:00,3522.9639067178423,2.0753536224365234,0.888484537601471,0.11151546239852905,0.888484537601471,1,1,1
2025-07-22 00:00:00-05:00,3527.509965215768,2.0753536224365234,0.888484537601471,0.11151546239852905,0.888484537601471,1,1,1
2025-07-23 00:00:00-05:00,3532.056023713693,2.0753536224365234,0.888484537601471,0.11151546239852905,0.888484537601471,1,1,1
2025-07-24 00:00:00-05:00,3536.6020822116184,2.0753536224365234,0.888484537601471,0.11151546239852905,0.888484537601471,1,1,1
2025-07-25 00:00:00-05:00,3541.1481407095434,2.053903102874756,0.886341392993927,0.113658607006073,0.886341392993927,1,1,1
2025-07-26 00:00:00-05:00,3545.694199207469,2.053903102874756,0.886341392993927,0.113658607006073,0.886341392993927,1,1,1
2025-07-27 00:00:00-05:00,3550.2402577053945,2.053903102874756,0.886341392993927,0.113658607006073,0.886341392993927,1,1,1
2025-07-28 00:00:00-05:00,3554.7863162033195,2.053903102874756,0.886341392993927,0.113658607006073,0.886341392993927,1,1,1
2025-07-29 00:00:00-05:00,3559.3323747012446,2.053903102874756,0.886341392993927,0.113658607006073,0.886341392993927,1,1,1
2025-07-30 00:00:00-05:00,3563.87843319917,2.053903102874756,0.886341392993927,0.113658607006073,0.886341392993927,1,1,1
2025-07-31 00:00:00-05:00,3568.424491697096,2.053903102874756,0.886341392993927,0.113658607006073,0.886341392993927,1,1,1
2025-08-01 00:00:00-05:00,3572.9705501950207,2.053903102874756,0.886341392993927,0.113658607006073,0.886341392993927,1,1,1
2025-08-02 00:00:00-05:00,3577.516608692946,2.053903102874756,0.886341392993927,0.113658607006073,0.886341392993927,1,1,1
2025-08-03 00:00:00-05:00,3582.0626671908717,2.053903102874756,0.886341392993927,0.113658607006073,0.886341392993927,1,1,1
2025-08-04 00:00:00-05:00,3586.6087256887968,2.053903102874756,0.886341392993927,0.113658607006073,0.886341392993927,1,1,1
2025-08-05 00:00:00-05:00,3591.1547841867223,2.053903102874756,0.886341392993927,0.113658607006073,0.886341392993927,1,1,1
2025-08-06 00:00:00-05:00,3595.700842684648,2.053903102874756,0.886341392993927,0.113658607006073,0.886341392993927,1,1,1
2025-08-07 00:00:00-05:00,3600.2469011825724,2.053903102874756,0.886341392993927,0.113658607006073,0.886341392993927,1,1,1
2025-08-08 00:00:00-05:00,3604.792959680498,2.053903102874756,0.886341392993927,0.113658607006073,0.886341392993927,1,1,1
2025-08-09 00:00:00-05:00,3609.339018178424,2.053903102874756,0.886341392993927,0.113658607006073,0.886341392993927,1,1,1
2025-08-10 00:00:00-05:00,3613.885076676349,2.053903102874756,0.886341392993927,0.113658607006073,0.886341392993927,1,1,1
2025-08-11 00:00:00-05:00,3618.431135174274,2.053903102874756,0.886341392993927,0.113658607006073,0.886341392993927,1,1,1
2025-08-12 00:00:00-05:00,3622.977193672199,2.053903102874756,0.886341392993927,0.113658607006073,0.886341392993927,1,1,1
2025-08-13 00:00:00-05:00,3627.5232521701246,2.053903102874756,0.886341392993927,0.113658607006073,0.886341392993927,1,1,1
2025-08-14 00:00:00-05:00,3632.06931066805,2.053903102874756,0.886341392993927,0.113658607006073,0.886341392993927,1,1,1
2025-08-15 00:00:00-05:00,3636.615369165975,2.053903102874756,0.886341392993927,0.113658607006073,0.886341392993927,1,1,1
2025-08-16 00:00:00-05:00,3641.1614276639,2.053903102874756,0.886341392993927,0.113658607006073,0.886341392993927,1,1,1
2025-08-17 00:00:00-05:00,3645.7074861618257,2.053903102874756,0.886341392993927,0.113658607006073,0.886341392993927,1,1,1
2025-08-18 00:00:00-05:00,3650.2535446597512,2.053903102874756,0.886341392993927,0.113658607006073,0.886341392993927,1,1,1
2025-08-19 00:00:00-05:00,3654.799603157676,2.053903102874756,0.886341392993927,0.113658607006073,0.886341392993927,1,1,1
2025-08-20 00:00:00-05:00,3659.345661655602,2.017543315887451,0.8826267123222351,0.11737328767776489,0.8826267123222351,1,1,1
2025-08-21 00:00:00-05:00,3663.891720153527,2.017543315887451,0.8826267123222351,0.11737328767776489,0.8826267123222351,1,1,1
2025-08-22 00:00:00-05:00,3668.437778651453,2.017543315887451,0.8826267123222351,0.11737328767776489,0.8826267123222351,1,1,1
2025-08-23 00:00:00-05:00,3672.983837149378,2.017543315887451,0.8826267123222351,0.11737328767776489,0.8826267123222351,1,1,1
2025-08-24 00:00:00-05:00,3677.529895647303,2.017543315887451,0.8826267123222351,0.11737328767776489,0.8826267123222351,1,1,1
2025-08-25 00:00:00-05:00,3682.075954145228,2.017543315887451,0.8826267123222351,0.11737328767776489,0.8826267123222351,1,1,1
2025-08-26 00:00:00-05:00,3686.6220126431535,2.017543315887451,0.8826267123222351,0.11737328767776489,0.8826267123222351,1,1,1
2025-08-27 00:00:00-05:00,3691.168071141079,2.017543315887451,0.8826267123222351,0.11737328767776489,0.8826267123222351,1,1,1
2025-08-28 00:00:00-05:00,3695.714129639004,2.017543315887451,0.8826267123222351,0.11737328767776489,0.8826267123222351,1,1,1
2025-08-29 00:00:00-05:00,3700.2601881369296,2.017543315887451,0.8826267123222351,0.11737328767776489,0.8826267123222351,1,1,1
2025-08-30 00:00:00-05:00,3704.806246634855,2.017543315887451,0.8826267123222351,0.11737328767776489,0.8826267123222351,1,1,1
2025-08-31 00:00:00-05:00,3709.35230513278,2.017543315887451,0.8826267123222351,0.11737328767776489,0.8826267123222351,1,1,1
2025-09-01 00:00:00-05:00,3713.8983636307057,2.017543315887451,0.8826267123222351,0.11737328767776489,0.8826267123222351,1,1,1
2025-09-02 00:00:00-05:00,3718.444422128631,2.017543315887451,0.8826267123222351,0.11737328767776489,0.8826267123222351,1,1,1
2025-09-03 00:00:00-05:00,3722.990480626556,2.017543315887451,0.8826267123222351,0.11737328767776489,0.8826267123222351,1,1,1
2025-09-04 00:00:00-05:00,3727.536539124482,2.017543315887451,0.8826267123222351,0.11737328767776489,0.8826267123222351,1,1,1
2025-09-05 00:00:00-05:00,3732.082597622407,2.017543315887451,0.8826267123222351,0.11737328767776489,0.8826267123222351,1,1,1
2025-09-06 00:00:00-05:00,3736.628656120332,2.017543315887451,0.8826267123222351,0.11737328767776489,0.8826267123222351,1,1,1
2025-09-07 00:00:00-05:00,3741.1747146182574,2.017543315887451,0.8826267123222351,0.11737328767776489,0.8826267123222351,1,1,1
2025-09-08 00:00:00-05:00,3745.7207731161834,2.017543315887451,0.8826267123222351,0.11737328767776489,0.8826267123222351,1,1,1
2025-09-09 00:00:00-05:00,3750.266831614108,2.017543315887451,0.8826267123222351,0.11737328767776489,0.8826267123222351,1,1,1
2025-09-10 00:00:00-05:00,3754.812890112033,2.017543315887451,0.8826267123222351,0.11737328767776489,0.8826267123222351,1,1,1
2025-09-11 00:00:00-05:00,3759.358948609959,2.017543315887451,0.8826267123222351,0.11737328767776489,0.8826267123222351,1,1,1
2025-09-12 00:00:00-05:00,3763.905007107884,2.017543315887451,0.8826267123222351,0.11737328767776489,0.8826267123222351,1,1,1
2025-09-13 00:00:00-05:00,3768.451065605809,2.017543315887451,0.8826267123222351,0.11737328767776489,0.8826267123222351,1,1,1
2025-09-14 00:00:00-05:00,3772.997124103735,2.017543315887451,0.8826267123222351,0.11737328767776489,0.8826267123222351,1,1,1
2025-09-15 00:00:00-05:00,3777.54318260166,2.017543315887451,0.8826267123222351,0.11737328767776489,0.8826267123222351,1,1,1
2025-09-16 00:00:00-05:00,3782.089241099585,2.048567056655884,0.8858027458190918,0.1141972541809082,0.8858027458190918,1,1,1
2025-09-17 00:00:00-05:00,3786.6352995975103,2.048567056655884,0.8858027458190918,0.1141972541809082,0.8858027458190918,1,1,1
2025-09-18 00:00:00-05:00,3791.181358095436,2.048567056655884,0.8858027458190918,0.1141972541809082,0.8858027458190918,1,1,1
2025-09-19 00:00:00-05:00,3795.727416593361,2.048567056655884,0.8858027458190918,0.1141972541809082,0.8858027458190918,1,1,1
2025-09-20 00:00:00-05:00,3800.273475091286,2.048567056655884,0.8858027458190918,0.1141972541809082,0.8858027458190918,1,1,1
2025-09-21 00:00:00-05:00,3804.819533589212,2.048567056655884,0.8858027458190918,0.1141972541809082,0.8858027458190918,1,1,1
2025-09-22 00:00:00-05:00,3809.3655920871374,2.048567056655884,0.8858027458190918,0.1141972541809082,0.8858027458190918,1,1,1
2025-09-23 00:00:00-05:00,3813.9116505850634,2.048567056655884,0.8858027458190918,0.1141972541809082,0.8858027458190918,1,1,1
2025-09-24 00:00:00-05:00,3818.457709082987,2.048567056655884,0.8858027458190918,0.1141972541809082,0.8858027458190918,1,1,1
2025-09-25 00:00:00-05:00,3823.003767580913,2.048567056655884,0.8858027458190918,0.1141972541809082,0.8858027458190918,1,1,1
2025-09-26 00:00:00-05:00,3827.549826078839,2.048567056655884,0.8858027458190918,0.1141972541809082,0.8858027458190918,1,1,1
2025-09-27 00:00:00-05:00,3832.095884576764,2.004331111907959,0.8812510967254639,0.11874890327453613,0.8812510967254639,1,1,1
2025-09-28 00:00:00-05:00,3836.6419430746887,2.004331111907959,0.8812510967254639,0.11874890327453613,0.8812510967254639,1,1,1
2025-09-29 00:00:00-05:00,3841.188001572614,2.004331111907959,0.8812510967254639,0.11874890327453613,0.8812510967254639,1,1,1
2025-09-30 00:00:00-05:00,3845.7340600705393,2.0949957370758057,0.8904159069061279,0.10958409309387207,0.8904159069061279,1,1,1
2025-10-01 00:00:00-05:00,3850.280118568465,2.0599660873413086,0.8869507312774658,0.11304926872253418,0.8869507312774658,1,1,1
2025-10-02 00:00:00-05:00,3854.82617706639,2.0599660873413086,0.8869507312774658,0.11304926872253418,0.8869507312774658,1,1,1
2025-10-03 00:00:00-05:00,3859.372235564316,2.0599660873413086,0.8869507312774658,0.11304926872253418,0.8869507312774658,1,1,1
2025-10-04 00:00:00-05:00,3863.91829406224,2.0599660873413086,0.8869507312774658,0.11304926872253418,0.8869507312774658,1,1,1
2025-10-05 00:00:00-05:00,3868.4643525601664,2.3345067501068115,0.9116948246955872,0.08830517530441284,0.9116948246955872,1,1,1
2025-10-06 00:00:00-05:00,3873.010411058091,2.3345067501068115,0.9116948246955872,0.08830517530441284,0.9116948246955872,1,1,1
2025-10-07 00:00:00-05:00,3877.556469556016,2.3345067501068115,0.9116948246955872,0.08830517530441284,0.9116948246955872,1,1,1
2025-10-08 00:00:00-05:00,3882.102528053942,2.3345067501068115,0.9116948246955872,0.08830517530441284,0.9116948246955872,1,1,1
2025-10-09 00:00:00-05:00,3886.648586551867,2.3345067501068115,0.9116948246955872,0.08830517530441284,0.9116948246955872,1,1,1
2025-10-10 00:00:00-05:00,3891.1946450497926,2.3345067501068115,0.9116948246955872,0.08830517530441284,0.9116948246955872,1,1,1
2025-10-11 00:00:00-05:00,3895.7407035477177,2.3345067501068115,0.9116948246955872,0.08830517530441284,0.9116948246955872,1,1,1
2025-10-12 00:00:00-05:00,3900.286762045643,2.3345067501068115,0.9116948246955872,0.08830517530441284,0.9116948246955872,1,1,1
2025-10-13 00:00:00-05:00,3904.832820543569,2.3345067501068115,0.9116948246955872,0.08830517530441284,0.9116948246955872,1,1,1
2025-10-14 00:00:00-05:00,3909.3788790414937,2.3345067501068115,0.9116948246955872,0.08830517530441284,0.9116948246955872,1,1,1
2025-10-15 00:00:00-05:00,3913.924937539419,2.3345067501068115,0.9116948246955872,0.08830517530441284,0.9116948246955872,1,1,1
2025-10-16 00:00:00-05:00,3918.470996037345,2.3345067501068115,0.9116948246955872,0.08830517530441284,0.9116948246955872,1,1,1
2025-10-17 00:00:00-05:00,3923.017054535269,2.3345067501068115,0.9116948246955872,0.08830517530441284,0.9116948246955872,1,1,1
2025-10-18 00:00:00-05:00,3927.5631130331953,2.3345067501068115,0.9116948246955872,0.08830517530441284,0.9116948246955872,1,1,1
2025-10-19 00:00:00-05:00,3932.109171531121,2.3345067501068115,0.9116948246955872,0.08830517530441284,0.9116948246955872,1,1,1
2025-10-20 00:00:00-05:00,3936.655230029046,2.3345067501068115,0.9116948246955872,0.08830517530441284,0.9116948246955872,1,1,1
2025-10-21 00:00:00-05:00,3941.201288526971,2.3345067501068115,0.9116948246955872,0.08830517530441284,0.9116948246955872,1,1,1
2025-10-22 00:00:00-05:00,3945.747347024897,2.6520140171051025,0.9341350197792053,0.06586498022079468,0.9341350197792053,1,1,1
2025-10-23 00:00:00-05:00,3950.2934055228216,2.6520140171051025,0.9341350197792053,0.06586498022079468,0.9341350197792053,1,1,1
2025-10-24 00:00:00-05:00,3954.8394640207466,2.6520140171051025,0.9341350197792053,0.06586498022079468,0.9341350197792053,1,1,1
2025-10-25 00:00:00-05:00,3959.385522518672,2.6520140171051025,0.9341350197792053,0.06586498022079468,0.9341350197792053,1,1,1
2025-10-26 00:00:00-05:00,3963.931581016598,2.660240650177002,0.9346393942832947,0.06536060571670532,0.9346393942832947,1,1,1
2025-10-27 00:00:00-05:00,3968.4776395145223,2.5417401790618896,0.9270166754722595,0.07298332452774048,0.9270166754722595,1,1,1
2025-10-28 00:00:00-05:00,3973.023698012448,2.374819278717041,0.9148868918418884,0.08511310815811157,0.9148868918418884,1,1,1
2025-10-29 00:00:00-05:00,3977.5697565103737,2.374819278717041,0.9148868918418884,0.08511310815811157,0.9148868918418884,1,1,1
2025-10-30 00:00:00-05:00,3982.1158150082974,2.286048412322998,0.9077149629592896,0.09228503704071045,0.9077149629592896,1,1,1
2025-10-31 00:00:00-05:00,3986.661873506224,2.186507225036621,0.8990312814712524,0.10096871852874756,0.8990312814712524,1,1,1
2025-11-01 00:00:00-05:00,3991.207932004149,1.9743918180465698,0.8780820965766907,0.12191790342330933,0.8780820965766907,1,0,0
2025-11-02 00:00:00-05:00,3984.32475920249,0.08114782720804214,0.5202758312225342,0.4797241687774658,0.5202758312225342,1,0,0
2025-11-03 00:00:00-05:00,3983.052394301245,-0.7352955341339111,0.3240337371826172,0.6759662628173828,0.6759662628173828,0,0,1
2025-11-04 00:00:00-05:00,3980.790788300416,-1.2020021677017212,0.23111924529075623,0.7688807547092438,0.7688807547092438,0,1,0
2025-11-05 00:00:00-05:00,3981.5199706,-1.380266785621643,0.20096616446971893,0.7990338355302811,0.7990338355302811,0,1,0
2025-11-06 00:00:00-05:00,3988.8332680666663,0.776869535446167,0.6850050091743469,0.3149949908256531,0.6850050091743469,1,1,1
2025-11-07 00:00:00-05:00,4014.159912,0.5876968502998352,0.6428365111351013,0.3571634888648987,0.6428365111351013,1,1,1
2025-11-08 00:00:00-05:00,4040.4598631999993,-0.2778743803501129,0.43097496032714844,0.5690250396728516,0.5690250396728516,0,1,0
2025-11-09 00:00:00-05:00,4065.8398438,-1.1785197257995605,0.23531846702098846,0.7646815329790115,0.7646815329790115,0,1,0
2025-11-10 00:00:00-05:00,4106.8398438,-0.36463892459869385,0.40983709692955017,0.5901629030704498,0.5901629030704498,0,1,0
2025-11-11 00:00:00-05:00,4136.846516933334,-0.6671554446220398,0.3391340970993042,0.6608659029006958,0.6608659029006958,0,1,0
2025-11-12 00:00:00-05:00,4139.4999024,-0.3040435016155243,0.424569308757782,0.575430691242218,0.575430691242218,0,0,1
2025-11-13 00:00:00-05:00,4133.373291066667,0.7033154964447021,0.668922483921051,0.331077516078949,0.668922483921051,1,0,0
2025-11-14 00:00:00-05:00,4126.9600098,-1.0555826425552368,0.2581545412540436,0.7418454587459564,0.7418454587459564,0,0,1
2025-11-15 00:00:00-05:00,4099.7400392,-1.0084158182144165,0.26728999614715576,0.7327100038528442,0.7327100038528442,0,0,1
2025-11-16 00:00:00-05:00,4074.6200686,-0.1911233514547348,0.45236408710479736,0.5476359128952026,0.5476359128952026,0,0,1
2025-11-17 00:00:00-05:00,4072.6400392,-0.408490926027298,0.3992740213871002,0.6007259786128998,0.6007259786128998,0,0,1
2025-11-18 00:00:00-05:00,4067.7066895333337,-0.9509715437889099,0.2786894738674164,0.7213105261325836,0.7213105261325836,0,1,0
2025-11-19 00:00:00-05:00,4068.1,-0.6926528811454773,0.33344319462776184,0.6665568053722382,0.6665568053722382,0,1,0
2025-11-20 00:00:00-05:00,4070.7933104666654,1.2843292951583862,0.7831858396530151,0.21681416034698486,0.7831858396530151,1,1,1
2025-11-21 00:00:00-05:00,4075.899951,1.079548716545105,0.7464085221290588,0.25359147787094116,0.7464085221290588,1,1,1
2025-11-22 00:00:00-05:00,4078.7399412,0.8692821264266968,0.7045962810516357,0.29540371894836426,0.7045962810516357,1,1,1
2025-11-23 00:00:00-05:00,4095.2799802,0.6547991037368774,0.6580910682678223,0.34190893173217773,0.6580910682678223,1,1,1
2025-11-24 00:00:00-05:00,4112.980029,0.09485995024442673,0.5236971974372864,0.4763028025627136,0.5236971974372864,1,1,1
2025-11-25 00:00:00-05:00,4134.976708733334,-0.6185925602912903,0.3501015901565552,0.6498984098434448,0.6498984098434448,0,1,0
2025-11-26 00:00:00-05:00,4161.2700194,-1.0938581228256226,0.2508924603462219,0.7491075396537781,0.7491075396537781,0,1,0
2025-11-27 00:00:00-05:00,4187.95,-0.8723243474960327,0.29477086663246155,0.7052291333675385,0.7052291333675385,0,1,0
2025-11-28 00:00:00-05:00,4206.569922,-0.8800736665725708,0.2931625247001648,0.7068374752998352,0.7068374752998352,0,1,0
2025-11-29 00:00:00-05:00,4221.389843999999,0.11239810287952423,0.5280699729919434,0.47193002700805664,0.5280699729919434,1,0,0
2025-11-30 00:00:00-05:00,4220.3598636,0.49855750799179077,0.6221203207969666,0.37787967920303345,0.6221203207969666,1,0,0
2025-12-01 00:00:00-05:00,4216.5598636,-0.7327248454093933,0.3245970606803894,0.6754029393196106,0.6754029393196106,0,0,1
2025-12-02 00:00:00-05:00,4213.8598636,-0.7526548504829407,0.32024309039115906,0.6797569096088409,0.6797569096088409,0,0,1
2025-12-03 00:00:00-05:00,4209.979882999999,0.21087166666984558,0.5525234341621399,0.4474765658378601,0.5525234341621399,1,0,0
2025-12-04 00:00:00-05:00,4202.9865886,-0.27316585183143616,0.4321300685405731,0.5678699314594269,0.5678699314594269,0,1,0
2025-12-05 00:00:00-05:00,4204.8199218,-0.5518326759338379,0.3654392957687378,0.6345607042312622,0.6345607042312622,0,0,1
2025-12-06 00:00:00-05:00,4202.3999998,0.4116706848144531,0.6014884114265442,0.3985115885734558,0.6014884114265442,1,0,0
2025-12-07 00:00:00-05:00,4201.3800778,-1.2258353233337402,0.22691115736961365,0.7730888426303864,0.7730888426303864,0,0,1
2025-12-08 00:00:00-05:00,4198.0800778,-1.346803903579712,0.20639337599277496,0.793606624007225,0.793606624007225,0,1,0
2025-12-09 00:00:00-05:00,4214.3134112,-0.7392058968544006,0.3231778144836426,0.6768221855163574,0.6768221855163574,0,1,0
2025-12-10 00:00:00-05:00,4235.180077999999,0.13378480076789856,0.5333964228630066,0.4666035771369934,0.5333964228630066,1,1,1
2025-12-11 00:00:00-05:00,4258.200065066666,0.04744851589202881,0.5118598937988281,0.4881401062011719,0.5118598937988281,1,1,1
2025-12-12 00:00:00-05:00,4277.7600586,0.28980791568756104,0.5719490647315979,0.4280509352684021,0.5719490647315979,1,1,1
2025-12-13 00:00:00-05:00,4299.8201172,0.30400577187538147,0.5754214525222778,0.42457854747772217,0.5754214525222778,1,1,1
2025-12-14 00:00:00-05:00,4303.6201172,-0.005399344488978386,0.4986501634120941,0.5013498365879059,0.5013498365879059,0,1,0
2025-12-15 00:00:00-05:00,4313.1000976000005,0.8536121249198914,0.7013242840766907,0.2986757159233093,0.7013242840766907,1,1,1
2025-12-16 00:00:00-05:00,4320.5400715333335,0.10918521881103516,0.527269184589386,0.472730815410614,0.527269184589386,1,1,1
2025-12-17 00:00:00-05:00,4331.9200194000005,-0.17674694955348969,0.45592793822288513,0.5440720617771149,0.5440720617771149,0,1,0
2025-12-18 00:00:00-05:00,4348.406640533333,0.07349789887666702,0.5183661580085754,0.48163384199142456,0.5183661580085754,1,1,1
2025-12-19 00:00:00-05:00,4370.8799804,0.04383645951747894,0.5109573602676392,0.48904263973236084,0.5109573602676392,1,1,1
2025-12-20 00:00:00-05:00,4390.3,-0.33465853333473206,0.41710758209228516,0.5828924179077148,0.5828924179077148,0,1,0
2025-12-21 00:00:00-05:00,4418.959961,0.18698905408382416,0.5466115474700928,0.4533884525299072,0.5466115474700928,1,1,1
2025-12-22 00:00:00-05:00,4442.8000002,1.3892369270324707,0.8004704117774963,0.19952958822250366,0.8004704117774963,1,1,1
2025-12-23 00:00:00-05:00,4465.943359666667,0.6895471215248108,0.6658661961555481,0.3341338038444519,0.6658661961555481,1,1,1
2025-12-24 00:00:00-05:00,4488.390039399999,0.9933807849884033,0.729755163192749,0.270244836807251,0.729755163192749,1,1,1
2025-12-25 00:00:00-05:00,4491.6900394,1.3217387199401855,0.7894708514213562,0.2105291485786438,0.7894708514213562,1,0,0
2025-12-26 00:00:00-05:00,4473.750098,0.5914961695671082,0.643708348274231,0.35629165172576904,0.643708348274231,1,0,0
2025-12-27 00:00:00-05:00,4442.650098,-0.9196131825447083,0.28503671288490295,0.714963287115097,0.714963287115097,0,0,1
2025-12-28 00:00:00-05:00,4415.700097999999,-0.9543028473854065,0.27802032232284546,0.7219796776771545,0.7219796776771545,0,0,1
2025-12-29 00:00:00-05:00,4415.700097999999,-0.7595781087875366,0.31873786449432373,0.6812621355056763,0.6812621355056763,0,0,1
