Date,Open,High,Low,Close,Volume,Open_Interest
2015-01-02 00:00:00-05:00,1184.0,1194.5,1169.5,1186.0,138.0,0.0
2015-01-03 00:00:00-05:00,1182.766683,1198.6333413333334,1173.0333253333333,1191.9666746666667,248.66666666666669,0.0
2015-01-04 00:00:00-05:00,1181.533366,1202.7666826666666,1176.5666506666666,1197.9333493333334,359.33333333333337,0.0
2015-01-05 00:00:00-05:00,1180.300049,1206.900024,1180.099976,1203.900024,470.0,0.0
2015-01-06 00:00:00-05:00,1203.5,1220.0,1203.5,1219.300049,97.0,0.0
2015-01-07 00:00:00-05:00,1219.199951,1219.199951,1210.599976,1210.599976,29.0,0.0
2015-01-08 00:00:00-05:00,1207.0,1215.699951,1206.300049,1208.400024,92.0,0.0
2015-01-09 00:00:00-05:00,1211.099976,1220.199951,1210.300049,1216.0,43.0,0.0
2015-01-10 00:00:00-05:00,1215.4666343333333,1224.9333086666668,1213.233358,1221.5666503333334,62.0,0.0
2015-01-11 00:00:00-05:00,1219.8332926666667,1229.6666663333333,1216.166667,1227.1333006666666,81.0,0.0
2015-01-12 00:00:00-05:00,1224.199951,1234.400024,1219.099976,1232.699951,100.0,0.0
2015-01-13 00:00:00-05:00,1239.199951,1239.300049,1230.300049,1234.300049,20.0,0.0
2015-01-14 00:00:00-05:00,1229.599976,1243.800049,1225.599976,1234.400024,21.0,0.0
2015-01-15 00:00:00-05:00,1231.5,1265.0,1227.300049,1264.699951,130.0,0.0
2015-01-16 00:00:00-05:00,1256.099976,1279.699951,1256.099976,1276.900024,44.0,0.0
2015-01-17 00:00:00-05:00,1261.799988,1284.0999755,1260.52499425,1281.22500575,72.25,0.0
2015-01-18 00:00:00-05:00,1267.5,1288.5,1264.9500125,1285.5499875,100.5,0.0
2015-01-19 00:00:00-05:00,1273.200012,1292.9000245,1269.37503075,1289.87496925,128.75,0.0
2015-01-20 00:00:00-05:00,1278.900024,1297.300049,1273.800049,1294.199951,157.0,0.0
2015-01-21 00:00:00-05:00,1295.199951,1303.5,1286.699951,1293.699951,78.0,0.0
2015-01-22 00:00:00-05:00,1293.199951,1302.099976,1283.5,1300.699951,131.0,0.0
2015-01-23 00:00:00-05:00,1299.800049,1299.800049,1292.599976,1292.599976,23.0,0.0
2015-01-24 00:00:00-05:00,1296.3666993333334,1296.733358,1288.199992,1288.199992,24.0,0.0
2015-01-25 00:00:00-05:00,1292.9333496666666,1293.666667,1283.800008,1283.800008,25.0,0.0
2015-01-26 00:00:00-05:00,1289.5,1290.599976,1279.400024,1279.400024,26.0,0.0
2015-01-27 00:00:00-05:00,1277.199951,1291.699951,1277.199951,1291.699951,20.0,0.0
2015-01-28 00:00:00-05:00,1285.900024,1286.800049,1285.900024,1285.900024,51408.4,0.0
2015-01-29 00:00:00-05:00,1283.300049,1285.400024,1251.0,1254.599976,52663.6,0.0
2015-01-30 00:00:00-05:00,1258.0,1284.300049,1257.0,1278.5,8626.0,0.0
2015-01-31 00:00:00-05:00,1266.699992,1284.233358,1260.0,1277.733317,6302.0,0.0
2015-02-01 00:00:00-05:00,1275.399984,1284.166667,1263.0,1276.966634,3978.0,0.0
2015-02-02 00:00:00-05:00,1284.099976,1284.099976,1266.0,1276.199951,1654.0,0.0
2015-02-03 00:00:00-05:00,1273.5,1284.699951,1255.300049,1259.699951,2380.0,0.0
2015-02-04 00:00:00-05:00,1262.0,1271.599976,1256.800049,1263.800049,668.0,0.0
2015-02-05 00:00:00-05:00,1271.800049,1272.599976,1257.800049,1262.0,133.0,0.0
2015-02-06 00:00:00-05:00,1265.0,1267.599976,1228.0,1233.900024,432.0,0.0
2015-02-07 00:00:00-05:00,1255.8333333333333,1259.166667,1230.4666746666667,1236.2000323333334,394.3333333333333,0.0
2015-02-08 00:00:00-05:00,1246.6666666666667,1250.733358,1232.9333493333334,1238.5000406666666,356.6666666666667,0.0
2015-02-09 00:00:00-05:00,1237.5,1242.300049,1235.400024,1240.800049,319.0,0.0
2015-02-10 00:00:00-05:00,1237.5,1245.0,1231.199951,1231.599976,231.0,0.0
2015-02-11 00:00:00-05:00,1233.300049,1237.400024,1219.0,1219.0,102.0,0.0
2015-02-12 00:00:00-05:00,1217.900024,1229.800049,1217.900024,1220.099976,99.0,0.0
2015-02-13 00:00:00-05:00,1222.199951,1232.800049,1222.199951,1226.5,65.0,0.0
2015-02-14 00:00:00-05:00,1223.574951,1233.10003675,1217.39996325,1221.8999939999999,99.75,0.0
2015-02-15 00:00:00-05:00,1224.949951,1233.4000245,1212.5999755,1217.299988,134.5,0.0
2015-02-16 00:00:00-05:00,1226.324951,1233.7000122499999,1207.7999877500001,1212.699982,169.25,0.0
2015-02-17 00:00:00-05:00,1227.699951,1234.0,1203.0,1208.099976,204.0,0.0
2015-02-18 00:00:00-05:00,1207.099976,1210.199951,1197.800049,1199.699951,147.0,0.0
2015-02-19 00:00:00-05:00,1216.5,1220.0,1205.0,1207.099976,65.0,0.0
2015-02-20 00:00:00-05:00,1206.5,1213.099976,1199.099976,1204.400024,51.0,0.0
2015-02-21 00:00:00-05:00,1204.766683,1209.8333336666667,1196.599976,1203.0333656666667,123.33333333333333,0.0
2015-02-22 00:00:00-05:00,1203.033366,1206.5666913333332,1194.099976,1201.6667073333333,195.66666666666666,0.0
2015-02-23 00:00:00-05:00,1201.300049,1203.300049,1191.599976,1200.300049,268.0,0.0
2015-02-24 00:00:00-05:00,1203.400024,1203.5,1193.800049,1196.900024,151.0,0.0
2015-02-25 00:00:00-05:00,1204.300049,1204.599976,1201.0,1201.0,570.0,0.0
2015-02-26 00:00:00-05:00,1204.800049,1219.0,1204.800049,1209.599976,560.0,0.0
2015-02-27 00:00:00-05:00,1207.699951,1217.800049,1204.5,1212.599976,195.0,0.0
2015-02-28 00:00:00-05:00,1209.8999836666667,1219.4333496666666,1204.6333413333334,1210.9666343333333,171.33333333333334,0.0
2015-03-01 00:00:00-05:00,1212.1000163333333,1221.0666503333334,1204.7666826666666,1209.3332926666667,147.66666666666666,0.0
2015-03-02 00:00:00-05:00,1214.300049,1222.699951,1204.900024,1207.699951,124.0,0.0
2015-03-03 00:00:00-05:00,1201.5,1212.0,1195.0,1204.0,51.0,0.0
2015-03-04 00:00:00-05:00,1204.800049,1206.900024,1198.0,1200.599976,27.0,0.0
2015-03-05 00:00:00-05:00,1201.699951,1205.400024,1195.900024,1195.900024,29.0,0.0
2015-03-06 00:00:00-05:00,1195.0,1195.699951,1163.699951,1164.099976,168.0,0.0
2015-03-07 00:00:00-05:00,1194.7630706390041,1195.4634364771784,1163.570905460581,1163.9825489170123,168.04979253112035,0.0
2015-03-08 00:00:00-05:00,1194.5261412780083,1195.2269219543568,1163.441859921162,1163.8651218340249,168.09958506224066,0.0
2015-03-09 00:00:00-05:00,1194.2892119170124,1194.9904074315352,1163.3128143817428,1163.7476947510372,168.149377593361,0.0
2015-03-10 00:00:00-05:00,1194.0522825560165,1194.7538929087139,1163.1837688423236,1163.6302676680498,168.19917012448133,0.0
2015-03-11 00:00:00-05:00,1193.8153531950206,1194.5173783858922,1163.0547233029047,1163.5128405850621,168.24896265560167,0.0
2015-03-12 00:00:00-05:00,1193.578423834025,1194.2808638630706,1162.9256777634855,1163.3954135020747,168.298755186722,0.0
2015-03-13 00:00:00-05:00,1193.3414944730291,1194.044349340249,1162.7966322240663,1163.277986419087,168.34854771784234,0.0
2015-03-14 00:00:00-05:00,1193.1045651120332,1193.8078348174274,1162.6675866846474,1163.1605593360996,168.39834024896265,0.0
2015-03-15 00:00:00-05:00,1192.8676357510374,1193.5713202946058,1162.5385411452282,1163.043132253112,168.448132780083,0.0
2015-03-16 00:00:00-05:00,1192.6307063900415,1193.3348057717842,1162.409495605809,1162.9257051701245,168.49792531120332,0.0
2015-03-17 00:00:00-05:00,1192.3937770290456,1193.0982912489628,1162.2804500663901,1162.8082780871368,168.54771784232366,0.0
2015-03-18 00:00:00-05:00,1192.1568476680497,1192.8617767261412,1162.151404526971,1162.6908510041494,168.59751037344398,0.0
2015-03-19 00:00:00-05:00,1191.9199183070539,1192.6252622033196,1162.022358987552,1162.5734239211617,168.64730290456433,0.0
2015-03-20 00:00:00-05:00,1191.682988946058,1192.388747680498,1161.8933134481329,1162.4559968381743,168.69709543568464,0.0
2015-03-21 00:00:00-05:00,1191.4460595850621,1192.1522331576764,1161.7642679087137,1162.3385697551867,168.746887966805,0.0
2015-03-22 00:00:00-05:00,1191.2091302240665,1191.9157186348548,1161.6352223692948,1162.2211426721992,168.7966804979253,0.0
2015-03-23 00:00:00-05:00,1190.9722008630706,1191.6792041120332,1161.5061768298756,1162.1037155892116,168.84647302904565,0.0
2015-03-24 00:00:00-05:00,1190.7352715020747,1191.4426895892116,1161.3771312904564,1161.9862885062241,168.89626556016597,0.0
2015-03-25 00:00:00-05:00,1190.4983421410789,1191.2061750663902,1161.2480857510375,1161.8688614232365,168.94605809128632,0.0
2015-03-26 00:00:00-05:00,1190.261412780083,1190.9696605435686,1161.1190402116183,1161.751434340249,168.99585062240664,0.0
2015-03-27 00:00:00-05:00,1190.0244834190871,1190.733146020747,1160.9899946721991,1161.6340072572614,169.04564315352698,0.0
2015-03-28 00:00:00-05:00,1189.7875540580912,1190.4966314979254,1160.8609491327802,1161.5165801742737,169.0954356846473,0.0
2015-03-29 00:00:00-05:00,1189.5506246970954,1190.2601169751038,1160.731903593361,1161.3991530912863,169.14522821576764,0.0
2015-03-30 00:00:00-05:00,1189.3136953360995,1190.0236024522821,1160.6028580539419,1161.2817260082986,169.19502074688796,0.0
2015-03-31 00:00:00-05:00,1189.0767659751036,1189.7870879294605,1160.473812514523,1161.1642989253112,169.2448132780083,0.0
2015-04-01 00:00:00-05:00,1188.839836614108,1189.5505734066392,1160.3447669751038,1161.0468718423235,169.29460580912863,0.0
2015-04-02 00:00:00-05:00,1188.602907253112,1189.3140588838176,1160.2157214356846,1160.929444759336,169.34439834024897,0.0
2015-04-03 00:00:00-05:00,1188.3659778921162,1189.077544360996,1160.0866758962657,1160.8120176763484,169.3941908713693,0.0
2015-04-04 00:00:00-05:00,1188.1290485311204,1188.8410298381743,1159.9576303568465,1160.694590593361,169.44398340248964,0.0
2015-04-05 00:00:00-05:00,1187.8921191701245,1188.6045153153527,1159.8285848174273,1160.5771635103733,169.49377593360995,0.0
2015-04-06 00:00:00-05:00,1187.6551898091286,1188.3680007925311,1159.6995392780084,1160.459736427386,169.5435684647303,0.0
2015-04-07 00:00:00-05:00,1187.4182604481327,1188.1314862697095,1159.5704937385892,1160.3423093443982,169.59336099585062,0.0
2015-04-08 00:00:00-05:00,1187.1813310871369,1187.8949717468881,1159.4414481991703,1160.2248822614108,169.64315352697096,0.0
2015-04-09 00:00:00-05:00,1186.944401726141,1187.6584572240665,1159.3124026597511,1160.1074551784232,169.69294605809128,0.0
2015-04-10 00:00:00-05:00,1186.7074723651451,1187.421942701245,1159.183357120332,1159.9900280954357,169.74273858921163,0.0
2015-04-11 00:00:00-05:00,1186.4705430041495,1187.1854281784233,1159.054311580913,1159.872601012448,169.79253112033194,0.0
2015-04-12 00:00:00-05:00,1186.2336136431536,1186.9489136556017,1158.9252660414938,1159.7551739294606,169.8423236514523,0.0
2015-04-13 00:00:00-05:00,1185.9966842821577,1186.71239913278,1158.7962205020747,1159.637746846473,169.8921161825726,0.0
2015-04-14 00:00:00-05:00,1185.7597549211619,1186.4758846099585,1158.6671749626557,1159.5203197634855,169.94190871369295,0.0
2015-04-15 00:00:00-05:00,1185.522825560166,1186.2393700871369,1158.5381294232366,1159.4028926804979,169.99170124481327,0.0
2015-04-16 00:00:00-05:00,1185.28589619917,1186.0028555643155,1158.4090838838174,1159.2854655975104,170.04149377593362,0.0
2015-04-17 00:00:00-05:00,1185.0489668381742,1185.766341041494,1158.2800383443985,1159.1680385145228,170.09128630705393,0.0
2015-04-18 00:00:00-05:00,1184.8120374771784,1185.5298265186723,1158.1509928049793,1159.0506114315353,170.14107883817428,0.0
2015-04-19 00:00:00-05:00,1184.5751081161825,1185.2933119958507,1158.0219472655601,1158.9331843485477,170.1908713692946,0.0
2015-04-20 00:00:00-05:00,1184.3381787551866,1185.056797473029,1157.8929017261412,1158.81575726556,170.24066390041494,0.0
2015-04-21 00:00:00-05:00,1184.101249394191,1184.8202829502075,1157.763856186722,1158.6983301825726,170.29045643153526,0.0
2015-04-22 00:00:00-05:00,1183.864320033195,1184.5837684273858,1157.6348106473029,1158.580903099585,170.3402489626556,0.0
2015-04-23 00:00:00-05:00,1183.6273906721992,1184.3472539045645,1157.505765107884,1158.4634760165975,170.39004149377593,0.0
2015-04-24 00:00:00-05:00,1183.3904613112034,1184.1107393817429,1157.3767195684648,1158.3460489336098,170.43983402489627,0.0
2015-04-25 00:00:00-05:00,1183.1535319502075,1183.8742248589213,1157.2476740290456,1158.2286218506224,170.4896265560166,0.0
2015-04-26 00:00:00-05:00,1182.9166025892116,1183.6377103360996,1157.1186284896266,1158.1111947676347,170.53941908713693,0.0
2015-04-27 00:00:00-05:00,1182.6796732282157,1183.401195813278,1156.9895829502075,1157.9937676846473,170.58921161825725,0.0
2015-04-28 00:00:00-05:00,1182.4427438672199,1183.1646812904564,1156.8605374107883,1157.8763406016596,170.6390041493776,0.0
2015-04-29 00:00:00-05:00,1182.205814506224,1182.9281667676348,1156.7314918713694,1157.7589135186722,170.68879668049792,0.0
2015-04-30 00:00:00-05:00,1181.9688851452281,1182.6916522448134,1156.6024463319502,1157.6414864356846,170.73858921161826,0.0
2015-05-01 00:00:00-05:00,1181.7319557842325,1182.4551377219918,1156.4734007925313,1157.5240593526971,170.78838174273858,0.0
2015-05-02 00:00:00-05:00,1181.4950264232366,1182.2186231991702,1156.344355253112,1157.4066322697095,170.83817427385893,0.0
2015-05-03 00:00:00-05:00,1181.2580970622407,1181.9821086763486,1156.215309713693,1157.289205186722,170.88796680497924,0.0
2015-05-04 00:00:00-05:00,1181.0211677012448,1181.745594153527,1156.086264174274,1157.1717781037344,170.9377593360996,0.0
2015-05-05 00:00:00-05:00,1180.784238340249,1181.5090796307054,1155.9572186348548,1157.054351020747,170.9875518672199,0.0
2015-05-06 00:00:00-05:00,1180.547308979253,1181.2725651078838,1155.8281730954357,1156.9369239377593,171.03734439834025,0.0
2015-05-07 00:00:00-05:00,1180.3103796182572,1181.0360505850622,1155.6991275560167,1156.8194968547718,171.08713692946057,0.0
2015-05-08 00:00:00-05:00,1180.0734502572614,1180.7995360622408,1155.5700820165976,1156.7020697717842,171.13692946058092,0.0
2015-05-09 00:00:00-05:00,1179.8365208962655,1180.5630215394192,1155.4410364771784,1156.5846426887967,171.18672199170123,0.0
2015-05-10 00:00:00-05:00,1179.5995915352696,1180.3265070165976,1155.3119909377594,1156.467215605809,171.23651452282158,0.0
2015-05-11 00:00:00-05:00,1179.362662174274,1180.089992493776,1155.1829453983403,1156.3497885228214,171.2863070539419,0.0
2015-05-12 00:00:00-05:00,1179.125732813278,1179.8534779709544,1155.053899858921,1156.232361439834,171.33609958506224,0.0
2015-05-13 00:00:00-05:00,1178.8888034522822,1179.6169634481328,1154.9248543195022,1156.1149343568463,171.38589211618256,0.0
2015-05-14 00:00:00-05:00,1178.6518740912863,1179.3804489253112,1154.795808780083,1155.997507273859,171.4356846473029,0.0
2015-05-15 00:00:00-05:00,1178.4149447302905,1179.1439344024898,1154.6667632406638,1155.8800801908712,171.48547717842322,0.0
2015-05-16 00:00:00-05:00,1178.1780153692946,1178.9074198796682,1154.537717701245,1155.7626531078838,171.53526970954357,0.0
2015-05-17 00:00:00-05:00,1177.9410860082987,1178.6709053568466,1154.4086721618257,1155.6452260248961,171.5850622406639,0.0
2015-05-18 00:00:00-05:00,1177.7041566473029,1178.434390834025,1154.2796266224066,1155.5277989419087,171.63485477178423,0.0
2015-05-19 00:00:00-05:00,1177.467227286307,1178.1978763112033,1154.1505810829876,1155.410371858921,171.68464730290455,0.0
2015-05-20 00:00:00-05:00,1177.230297925311,1177.9613617883817,1154.0215355435685,1155.2929447759336,171.7344398340249,0.0
2015-05-21 00:00:00-05:00,1176.9933685643155,1177.7248472655601,1153.8924900041493,1155.175517692946,171.78423236514521,0.0
2015-05-22 00:00:00-05:00,1176.7564392033196,1177.4883327427387,1153.7634444647304,1155.0580906099585,171.83402489626556,0.0
2015-05-23 00:00:00-05:00,1176.5195098423237,1177.2518182199171,1153.6343989253112,1154.9406635269709,171.88381742738588,0.0
2015-05-24 00:00:00-05:00,1176.2825804813278,1177.0153036970955,1153.5053533858922,1154.8232364439834,171.93360995850622,0.0
2015-05-25 00:00:00-05:00,1176.045651120332,1176.778789174274,1153.376307846473,1154.7058093609958,171.98340248962654,0.0
2015-05-26 00:00:00-05:00,1175.808721759336,1176.5422746514523,1153.247262307054,1154.5883822780083,172.0331950207469,0.0
2015-05-27 00:00:00-05:00,1175.5717923983402,1176.3057601286307,1153.118216767635,1154.4709551950207,172.08298755186723,0.0
2015-05-28 00:00:00-05:00,1175.3348630373443,1176.069245605809,1152.9891712282158,1154.3535281120332,172.13278008298755,0.0
2015-05-29 00:00:00-05:00,1175.0979336763485,1175.8327310829877,1152.8601256887966,1154.2361010290456,172.18257261410787,0.0
2015-05-30 00:00:00-05:00,1174.8610043153526,1175.596216560166,1152.7310801493777,1154.1186739460582,172.23236514522821,0.0
2015-05-31 00:00:00-05:00,1174.624074954357,1175.3597020373445,1152.6020346099585,1154.0012468630705,172.28215767634856,0.0
2015-06-01 00:00:00-05:00,1174.387145593361,1175.123187514523,1152.4729890705394,1153.883819780083,172.33195020746888,0.0
2015-06-02 00:00:00-05:00,1174.1502162323652,1174.8866729917013,1152.3439435311204,1153.7663926970954,172.38174273858922,0.0
2015-06-03 00:00:00-05:00,1173.9132868713693,1174.6501584688797,1152.2148979917013,1153.6489656141077,172.43153526970954,0.0
2015-06-04 00:00:00-05:00,1173.6763575103735,1174.413643946058,1152.085852452282,1153.5315385311203,172.4813278008299,0.0
2015-06-05 00:00:00-05:00,1173.4394281493776,1174.1771294232365,1151.9568069128632,1153.4141114481326,172.5311203319502,0.0
2015-06-06 00:00:00-05:00,1173.2024987883817,1173.940614900415,1151.827761373444,1153.2966843651452,172.58091286307055,0.0
2015-06-07 00:00:00-05:00,1172.9655694273858,1173.7041003775935,1151.6987158340248,1153.1792572821576,172.63070539419087,0.0
2015-06-08 00:00:00-05:00,1172.72864006639,1173.4675858547719,1151.5696702946059,1153.0618301991701,172.68049792531122,0.0
2015-06-09 00:00:00-05:00,1172.491710705394,1173.2310713319503,1151.4406247551867,1152.9444031161825,172.73029045643153,0.0
2015-06-10 00:00:00-05:00,1172.2547813443985,1172.9945568091287,1151.3115792157676,1152.826976033195,172.78008298755188,0.0
2015-06-11 00:00:00-05:00,1172.0178519834026,1172.758042286307,1151.1825336763486,1152.7095489502074,172.8298755186722,0.0
2015-06-12 00:00:00-05:00,1171.7809226224067,1172.5215277634854,1151.0534881369294,1152.59212186722,172.87966804979254,0.0
2015-06-13 00:00:00-05:00,1171.5439932614108,1172.285013240664,1150.9244425975103,1152.4746947842323,172.92946058091286,0.0
2015-06-14 00:00:00-05:00,1171.307063900415,1172.0484987178424,1150.7953970580913,1152.3572677012448,172.9792531120332,0.0
2015-06-15 00:00:00-05:00,1171.070134539419,1171.8119841950208,1150.6663515186722,1152.2398406182572,173.02904564315352,0.0
2015-06-16 00:00:00-05:00,1170.8332051784232,1171.5754696721992,1150.5373059792532,1152.1224135352697,173.07883817427387,0.0
2015-06-17 00:00:00-05:00,1170.5962758174273,1171.3389551493776,1150.408260439834,1152.004986452282,173.1286307053942,0.0
2015-06-18 00:00:00-05:00,1170.3593464564315,1171.102440626556,1150.279214900415,1151.8875593692946,173.17842323651453,0.0
2015-06-19 00:00:00-05:00,1170.1224170954356,1170.8659261037344,1150.150169360996,1151.770132286307,173.22821576763485,0.0
2015-06-20 00:00:00-05:00,1169.88548773444,1170.629411580913,1150.0211238215768,1151.6527052033196,173.2780082987552,0.0
2015-06-21 00:00:00-05:00,1169.648558373444,1170.3928970580914,1149.8920782821576,1151.535278120332,173.3278008298755,0.0
2015-06-22 00:00:00-05:00,1169.4116290124482,1170.1563825352698,1149.7630327427387,1151.4178510373445,173.37759336099586,0.0
2015-06-23 00:00:00-05:00,1169.1746996514523,1169.9198680124482,1149.6339872033195,1151.3004239543568,173.42738589211618,0.0
2015-06-24 00:00:00-05:00,1168.9377702904565,1169.6833534896266,1149.5049416639004,1151.1829968713691,173.47717842323652,0.0
2015-06-25 00:00:00-05:00,1168.7008409294606,1169.446838966805,1149.3758961244814,1151.0655697883817,173.52697095435684,0.0
2015-06-26 00:00:00-05:00,1168.4639115684647,1169.2103244439834,1149.2468505850622,1150.948142705394,173.5767634854772,0.0
2015-06-27 00:00:00-05:00,1168.2269822074688,1168.9738099211618,1149.117805045643,1150.8307156224066,173.6265560165975,0.0
2015-06-28 00:00:00-05:00,1167.990052846473,1168.7372953983404,1148.9887595062241,1150.713288539419,173.67634854771785,0.0
2015-06-29 00:00:00-05:00,1167.753123485477,1168.5007808755188,1148.859713966805,1150.5958614564315,173.72614107883817,0.0
2015-06-30 00:00:00-05:00,1167.5161941244814,1168.2642663526972,1148.7306684273858,1150.4784343734439,173.7759336099585,0.0
2015-07-01 00:00:00-05:00,1167.2792647634856,1168.0277518298756,1148.6016228879669,1150.3610072904564,173.82572614107883,0.0
2015-07-02 00:00:00-05:00,1167.0423354024897,1167.791237307054,1148.4725773485477,1150.2435802074688,173.87551867219918,0.0
2015-07-03 00:00:00-05:00,1166.8054060414938,1167.5547227842324,1148.3435318091285,1150.1261531244813,173.9253112033195,0.0
2015-07-04 00:00:00-05:00,1166.568476680498,1167.3182082614107,1148.2144862697096,1150.0087260414937,173.97510373443984,0.0
2015-07-05 00:00:00-05:00,1166.331547319502,1167.0816937385894,1148.0854407302904,1149.8912989585062,174.02489626556016,0.0
2015-07-06 00:00:00-05:00,1166.0946179585062,1166.8451792157678,1147.9563951908715,1149.7738718755186,174.0746887966805,0.0
2015-07-07 00:00:00-05:00,1165.8576885975103,1166.6086646929461,1147.8273496514523,1149.6564447925311,174.12448132780082,0.0
2015-07-08 00:00:00-05:00,1165.6207592365145,1166.3721501701245,1147.6983041120332,1149.5390177095435,174.17427385892117,0.0
2015-07-09 00:00:00-05:00,1165.3838298755186,1166.135635647303,1147.5692585726142,1149.421590626556,174.2240663900415,0.0
2015-07-10 00:00:00-05:00,1165.146900514523,1165.8991211244813,1147.440213033195,1149.3041635435684,174.27385892116183,0.0
2015-07-11 00:00:00-05:00,1164.909971153527,1165.6626066016597,1147.3111674937759,1149.186736460581,174.32365145228215,0.0
2015-07-12 00:00:00-05:00,1164.6730417925312,1165.4260920788383,1147.182121954357,1149.0693093775933,174.3734439834025,0.0
2015-07-13 00:00:00-05:00,1164.4361124315353,1165.1895775560167,1147.0530764149378,1148.9518822946059,174.4232365145228,0.0
2015-07-14 00:00:00-05:00,1164.1991830705394,1164.9530630331951,1146.9240308755186,1148.8344552116182,174.47302904564316,0.0
2015-07-15 00:00:00-05:00,1163.9622537095436,1164.7165485103735,1146.7949853360997,1148.7170281286308,174.52282157676348,0.0
2015-07-16 00:00:00-05:00,1163.7253243485477,1164.480033987552,1146.6659397966805,1148.599601045643,174.57261410788382,0.0
2015-07-17 00:00:00-05:00,1163.4883949875518,1164.2435194647303,1146.5368942572613,1148.4821739626555,174.62240663900414,0.0
2015-07-18 00:00:00-05:00,1163.251465626556,1164.0070049419087,1146.4078487178424,1148.364746879668,174.6721991701245,0.0
2015-07-19 00:00:00-05:00,1163.01453626556,1163.770490419087,1146.2788031784232,1148.2473197966804,174.7219917012448,0.0
2015-07-20 00:00:00-05:00,1162.7776069045644,1163.5339758962657,1146.149757639004,1148.129892713693,174.77178423236515,0.0
2015-07-21 00:00:00-05:00,1162.5406775435686,1163.297461373444,1146.0207120995851,1148.0124656307053,174.82157676348547,0.0
2015-07-22 00:00:00-05:00,1162.3037481825727,1163.0609468506225,1145.891666560166,1147.8950385477178,174.8713692946058,0.0
2015-07-23 00:00:00-05:00,1162.0668188215768,1162.8244323278009,1145.7626210207468,1147.7776114647302,174.92116182572613,0.0
2015-07-24 00:00:00-05:00,1161.829889460581,1162.5879178049793,1145.6335754813279,1147.6601843817427,174.97095435684648,0.0
2015-07-25 00:00:00-05:00,1161.592960099585,1162.3514032821577,1145.5045299419087,1147.542757298755,175.0207468879668,0.0
2015-07-26 00:00:00-05:00,1161.3560307385892,1162.114888759336,1145.3754844024895,1147.4253302157676,175.07053941908714,0.0
2015-07-27 00:00:00-05:00,1161.1191013775933,1161.8783742365147,1145.2464388630706,1147.30790313278,175.12033195020746,0.0
2015-07-28 00:00:00-05:00,1160.8821720165975,1161.641859713693,1145.1173933236514,1147.1904760497926,175.1701244813278,0.0
2015-07-29 00:00:00-05:00,1160.6452426556016,1161.4053451908715,1144.9883477842325,1147.073048966805,175.21991701244812,0.0
2015-07-30 00:00:00-05:00,1160.408313294606,1161.1688306680498,1144.8593022448133,1146.9556218838175,175.26970954356847,0.0
2015-07-31 00:00:00-05:00,1160.17138393361,1160.9323161452282,1144.7302567053941,1146.8381948008298,175.31950207468878,0.0
2015-08-01 00:00:00-05:00,1159.9344545726142,1160.6958016224066,1144.6012111659752,1146.7207677178424,175.36929460580913,0.0
2015-08-02 00:00:00-05:00,1159.6975252116183,1160.459287099585,1144.472165626556,1146.6033406348547,175.41908713692945,0.0
2015-08-03 00:00:00-05:00,1159.4605958506224,1160.2227725767636,1144.3431200871369,1146.4859135518673,175.4688796680498,0.0
2015-08-04 00:00:00-05:00,1159.2236664896266,1159.986258053942,1144.214074547718,1146.3684864688796,175.5186721991701,0.0
2015-08-05 00:00:00-05:00,1158.9867371286307,1159.7497435311204,1144.0850290082988,1146.2510593858922,175.56846473029046,0.0
2015-08-06 00:00:00-05:00,1158.7498077676348,1159.5132290082988,1143.9559834688796,1146.1336323029045,175.61825726141078,0.0
2015-08-07 00:00:00-05:00,1158.512878406639,1159.2767144854772,1143.8269379294607,1146.0162052199169,175.66804979253112,0.0
2015-08-08 00:00:00-05:00,1158.275949045643,1159.0401999626556,1143.6978923900415,1145.8987781369294,175.71784232365144,0.0
2015-08-09 00:00:00-05:00,1158.0390196846474,1158.803685439834,1143.5688468506223,1145.7813510539418,175.76763485477179,0.0
2015-08-10 00:00:00-05:00,1157.8020903236516,1158.5671709170124,1143.4398013112034,1145.6639239709543,175.8174273858921,0.0
2015-08-11 00:00:00-05:00,1157.5651609626557,1158.330656394191,1143.3107557717842,1145.5464968879667,175.86721991701245,0.0
2015-08-12 00:00:00-05:00,1157.3282316016598,1158.0941418713694,1143.181710232365,1145.4290698049792,175.91701244813277,0.0
2015-08-13 00:00:00-05:00,1157.091302240664,1157.8576273485478,1143.052664692946,1145.3116427219916,175.9668049792531,0.0
2015-08-14 00:00:00-05:00,1156.854372879668,1157.6211128257262,1142.923619153527,1145.1942156390041,176.01659751037346,0.0
2015-08-15 00:00:00-05:00,1156.6174435186722,1157.3845983029046,1142.7945736141078,1145.0767885560165,176.06639004149378,0.0
2015-08-16 00:00:00-05:00,1156.3805141576763,1157.148083780083,1142.6655280746888,1144.959361473029,176.1161825726141,0.0
2015-08-17 00:00:00-05:00,1156.1435847966804,1156.9115692572614,1142.5364825352697,1144.8419343900414,176.16597510373444,0.0
2015-08-18 00:00:00-05:00,1155.9066554356846,1156.67505473444,1142.4074369958507,1144.724507307054,176.21576763485479,0.0
2015-08-19 00:00:00-05:00,1155.669726074689,1156.4385402116184,1142.2783914564316,1144.6070802240663,176.2655601659751,0.0
2015-08-20 00:00:00-05:00,1155.432796713693,1156.2020256887968,1142.1493459170124,1144.4896531410789,176.31535269709542,0.0
2015-08-21 00:00:00-05:00,1155.1958673526972,1155.9655111659752,1142.0203003775935,1144.3722260580912,176.36514522821577,0.0
2015-08-22 00:00:00-05:00,1154.9589379917013,1155.7289966431536,1141.8912548381743,1144.2547989751038,176.4149377593361,0.0
2015-08-23 00:00:00-05:00,1154.7220086307054,1155.492482120332,1141.7622092987551,1144.137371892116,176.46473029045643,0.0
2015-08-24 00:00:00-05:00,1154.4850792697096,1155.2559675975103,1141.6331637593362,1144.0199448091287,176.51452282157678,0.0
2015-08-25 00:00:00-05:00,1154.2481499087137,1155.019453074689,1141.504118219917,1143.902517726141,176.5643153526971,0.0
2015-08-26 00:00:00-05:00,1154.0112205477178,1154.7829385518673,1141.3750726804979,1143.7850906431536,176.61410788381744,0.0
2015-08-27 00:00:00-05:00,1153.774291186722,1154.5464240290457,1141.246027141079,1143.667663560166,176.66390041493776,0.0
2015-08-28 00:00:00-05:00,1153.537361825726,1154.3099095062241,1141.1169816016597,1143.5502364771783,176.7136929460581,0.0
2015-08-29 00:00:00-05:00,1153.3004324647304,1154.0733949834025,1140.9879360622406,1143.4328093941908,176.76348547717842,0.0
2015-08-30 00:00:00-05:00,1153.0635031037345,1153.836880460581,1140.8588905228216,1143.3153823112032,176.81327800829877,0.0
2015-08-31 00:00:00-05:00,1152.8265737427387,1153.6003659377593,1140.7298449834025,1143.1979552282157,176.86307053941908,0.0
2015-09-01 00:00:00-05:00,1152.5896443817428,1153.363851414938,1140.6007994439833,1143.080528145228,176.91286307053943,0.0
2015-09-02 00:00:00-05:00,1152.352715020747,1153.1273368921163,1140.4717539045644,1142.9631010622406,176.96265560165975,0.0
2015-09-03 00:00:00-05:00,1152.115785659751,1152.8908223692947,1140.3427083651452,1142.845673979253,177.0124481327801,0.0
2015-09-04 00:00:00-05:00,1151.8788562987552,1152.654307846473,1140.213662825726,1142.7282468962655,177.0622406639004,0.0
2015-09-05 00:00:00-05:00,1151.6419269377593,1152.4177933236515,1140.084617286307,1142.6108198132779,177.11203319502076,0.0
2015-09-06 00:00:00-05:00,1151.4049975767634,1152.18127880083,1139.955571746888,1142.4933927302905,177.16182572614107,0.0
2015-09-07 00:00:00-05:00,1151.1680682157676,1151.9447642780083,1139.8265262074688,1142.3759656473028,177.21161825726142,0.0
2015-09-08 00:00:00-05:00,1150.931138854772,1151.7082497551867,1139.6974806680498,1142.2585385643154,177.26141078838174,0.0
2015-09-09 00:00:00-05:00,1150.694209493776,1151.4717352323653,1139.5684351286307,1142.1411114813277,177.31120331950208,0.0
2015-09-10 00:00:00-05:00,1150.4572801327802,1151.2352207095437,1139.4393895892117,1142.0236843983403,177.3609958506224,0.0
2015-09-11 00:00:00-05:00,1150.2203507717843,1150.998706186722,1139.3103440497925,1141.9062573153526,177.41078838174275,0.0
2015-09-12 00:00:00-05:00,1149.9834214107884,1150.7621916639005,1139.1812985103734,1141.7888302323652,177.46058091286307,0.0
2015-09-13 00:00:00-05:00,1149.7464920497926,1150.5256771410789,1139.0522529709544,1141.6714031493775,177.5103734439834,0.0
2015-09-14 00:00:00-05:00,1149.5095626887967,1150.2891626182573,1138.9232074315353,1141.55397606639,177.56016597510373,0.0
2015-09-15 00:00:00-05:00,1149.2726333278008,1150.0526480954356,1138.794161892116,1141.4365489834024,177.60995850622407,0.0
2015-09-16 00:00:00-05:00,1149.035703966805,1149.8161335726143,1138.6651163526972,1141.319121900415,177.6597510373444,0.0
2015-09-17 00:00:00-05:00,1148.798774605809,1149.5796190497927,1138.536070813278,1141.2016948174273,177.70954356846474,0.0
2015-09-18 00:00:00-05:00,1148.5618452448134,1149.343104526971,1138.4070252738588,1141.08426773444,177.75933609958506,0.0
2015-09-19 00:00:00-05:00,1148.3249158838175,1149.1065900041494,1138.27797973444,1140.9668406514522,177.8091286307054,0.0
2015-09-20 00:00:00-05:00,1148.0879865228217,1148.8700754813278,1138.1489341950207,1140.8494135684646,177.85892116182572,0.0
2015-09-21 00:00:00-05:00,1147.8510571618258,1148.6335609585062,1138.0198886556016,1140.7319864854771,177.90871369294607,0.0
2015-09-22 00:00:00-05:00,1147.61412780083,1148.3970464356846,1137.8908431161826,1140.6145594024895,177.95850622406638,0.0
2015-09-23 00:00:00-05:00,1147.377198439834,1148.1605319128632,1137.7617975767635,1140.497132319502,178.00829875518673,0.0
2015-09-24 00:00:00-05:00,1147.1402690788382,1147.9240173900416,1137.6327520373443,1140.3797052365144,178.05809128630705,0.0
2015-09-25 00:00:00-05:00,1146.9033397178423,1147.68750286722,1137.5037064979254,1140.262278153527,178.1078838174274,0.0
2015-09-26 00:00:00-05:00,1146.6664103568464,1147.4509883443984,1137.3746609585062,1140.1448510705393,178.1576763485477,0.0
2015-09-27 00:00:00-05:00,1146.4294809958506,1147.2144738215768,1137.245615419087,1140.0274239875519,178.20746887966806,0.0
2015-09-28 00:00:00-05:00,1146.192551634855,1146.9779592987552,1137.116569879668,1139.9099969045642,178.25726141078837,0.0
2015-09-29 00:00:00-05:00,1145.955622273859,1146.7414447759336,1136.987524340249,1139.7925698215768,178.30705394190872,0.0
2015-09-30 00:00:00-05:00,1145.7186929128632,1146.504930253112,1136.8584788008297,1139.675142738589,178.35684647302904,0.0
2015-10-01 00:00:00-05:00,1145.4817635518673,1146.2684157302906,1136.7294332614108,1139.5577156556017,178.40663900414938,0.0
2015-10-02 00:00:00-05:00,1145.2448341908714,1146.031901207469,1136.6003877219916,1139.440288572614,178.4564315352697,0.0
2015-10-03 00:00:00-05:00,1145.0079048298755,1145.7953866846474,1136.4713421825727,1139.3228614896266,178.50622406639005,0.0
2015-10-04 00:00:00-05:00,1144.7709754688797,1145.5588721618258,1136.3422966431535,1139.205434406639,178.55601659751036,0.0
2015-10-05 00:00:00-05:00,1144.5340461078838,1145.3223576390042,1136.2132511037344,1139.0880073236515,178.6058091286307,0.0
2015-10-06 00:00:00-05:00,1144.297116746888,1145.0858431161826,1136.0842055643154,1138.9705802406638,178.65560165975103,0.0
2015-10-07 00:00:00-05:00,1144.060187385892,1144.849328593361,1135.9551600248963,1138.8531531576764,178.70539419087137,0.0
2015-10-08 00:00:00-05:00,1143.8232580248964,1144.6128140705396,1135.826114485477,1138.7357260746887,178.7551867219917,0.0
2015-10-09 00:00:00-05:00,1143.5863286639005,1144.376299547718,1135.6970689460582,1138.6182989917013,178.80497925311204,0.0
2015-10-10 00:00:00-05:00,1143.3493993029047,1144.1397850248964,1135.568023406639,1138.5008719087136,178.85477178423236,0.0
2015-10-11 00:00:00-05:00,1143.1124699419088,1143.9032705020747,1135.4389778672198,1138.3834448257262,178.9045643153527,0.0
2015-10-12 00:00:00-05:00,1142.875540580913,1143.6667559792531,1135.3099323278009,1138.2660177427385,178.95435684647302,0.0
2015-10-13 00:00:00-05:00,1142.638611219917,1143.4302414564315,1135.1808867883817,1138.1485906597509,179.00414937759336,0.0
2015-10-14 00:00:00-05:00,1142.4016818589212,1143.19372693361,1135.0518412489625,1138.0311635767634,179.05394190871368,0.0
2015-10-15 00:00:00-05:00,1142.1647524979253,1142.9572124107885,1134.9227957095436,1137.9137364937758,179.10373443983403,0.0
2015-10-16 00:00:00-05:00,1141.9278231369294,1142.720697887967,1134.7937501701244,1137.7963094107884,179.15352697095435,0.0
2015-10-17 00:00:00-05:00,1141.6908937759335,1142.4841833651453,1134.6647046307053,1137.6788823278007,179.2033195020747,0.0
2015-10-18 00:00:00-05:00,1141.4539644149377,1142.2476688423237,1134.5356590912863,1137.5614552448133,179.253112033195,0.0
2015-10-19 00:00:00-05:00,1141.217035053942,1142.011154319502,1134.4066135518672,1137.4440281618256,179.30290456431536,0.0
2015-10-20 00:00:00-05:00,1140.9801056929462,1141.7746397966805,1134.277568012448,1137.3266010788382,179.35269709543567,0.0
2015-10-21 00:00:00-05:00,1140.7431763319503,1141.538125273859,1134.148522473029,1137.2091739958505,179.40248962655602,0.0
2015-10-22 00:00:00-05:00,1140.5062469709544,1141.3016107510375,1134.01947693361,1137.091746912863,179.45228215767634,0.0
2015-10-23 00:00:00-05:00,1140.2693176099585,1141.065096228216,1133.8904313941907,1136.9743198298754,179.50207468879668,0.0
2015-10-24 00:00:00-05:00,1140.0323882489627,1140.8285817053943,1133.7613858547718,1136.856892746888,179.551867219917,0.0
2015-10-25 00:00:00-05:00,1139.7954588879668,1140.5920671825727,1133.6323403153526,1136.7394656639003,179.60165975103735,0.0
2015-10-26 00:00:00-05:00,1139.558529526971,1140.355552659751,1133.5032947759337,1136.6220385809129,179.65145228215766,0.0
2015-10-27 00:00:00-05:00,1139.321600165975,1140.1190381369295,1133.3742492365145,1136.5046114979252,179.701244813278,0.0
2015-10-28 00:00:00-05:00,1139.0846708049794,1139.8825236141079,1133.2452036970953,1136.3871844149378,179.75103734439833,0.0
2015-10-29 00:00:00-05:00,1138.8477414439835,1139.6460090912863,1133.1161581576764,1136.2697573319501,179.80082987551867,0.0
2015-10-30 00:00:00-05:00,1138.6108120829876,1139.4094945684649,1132.9871126182572,1136.1523302489627,179.850622406639,0.0
2015-10-31 00:00:00-05:00,1138.3738827219918,1139.1729800456433,1132.858067078838,1136.034903165975,179.90041493775934,0.0
2015-11-01 00:00:00-05:00,1138.136953360996,1138.9364655228217,1132.7290215394191,1135.9174760829876,179.95020746887965,0.0
2015-11-02 00:00:00-05:00,1137.900024,1138.699951,1132.599976,1135.800049,180.0,0.0
2015-11-03 00:00:00-05:00,1133.300049,1134.699951,1114.199951,1114.199951,185.0,0.0
2015-11-04 00:00:00-05:00,1119.0,1121.900024,1106.5,1106.5,141.0,0.0
2015-11-05 00:00:00-05:00,1107.900024,1110.699951,1104.400024,1104.400024,84.0,0.0
2015-11-06 00:00:00-05:00,1105.199951,1109.5,1084.800049,1087.599976,78.0,0.0
2015-11-07 00:00:00-05:00,1099.666626,1102.5333253333333,1085.833374,1087.699992,53.66666666666667,0.0
2015-11-08 00:00:00-05:00,1094.133301,1095.5666506666666,1086.866699,1087.800008,29.333333333333336,0.0
2015-11-09 00:00:00-05:00,1088.599976,1088.599976,1087.900024,1087.900024,5.0,0.0
2015-11-10 00:00:00-05:00,1090.099976,1091.300049,1085.0,1088.199951,18.0,0.0
2015-11-11 00:00:00-05:00,1091.400024,1091.400024,1084.199951,1084.699951,15.0,0.0
2015-11-12 00:00:00-05:00,1086.0,1086.599976,1080.800049,1080.800049,4.0,0.0
2015-11-13 00:00:00-05:00,1083.099976,1085.900024,1080.800049,1080.800049,23.0,0.0
2015-11-14 00:00:00-05:00,1086.0666506666666,1088.0666906666668,1081.766683,1081.766683,19.0,0.0
2015-11-15 00:00:00-05:00,1089.0333253333333,1090.2333573333333,1082.733317,1082.733317,15.0,0.0
2015-11-16 00:00:00-05:00,1092.0,1092.400024,1083.699951,1083.699951,11.0,0.0
2015-11-17 00:00:00-05:00,1075.5,1075.800049,1065.099976,1068.699951,6.0,0.0
2015-11-18 00:00:00-05:00,1064.0,1071.900024,1064.0,1068.800049,5.0,0.0
2015-11-19 00:00:00-05:00,1077.400024,1082.400024,1077.400024,1078.0,10.0,0.0
2015-11-20 00:00:00-05:00,1082.900024,1082.900024,1076.400024,1076.400024,5.0,0.0
2015-11-21 00:00:00-05:00,1078.600016,1079.100016,1073.2000323333334,1073.2000323333334,22.333333333333332,0.0
2015-11-22 00:00:00-05:00,1074.300008,1075.300008,1070.0000406666666,1070.0000406666666,39.666666666666664,0.0
2015-11-23 00:00:00-05:00,1070.0,1071.5,1066.800049,1066.800049,57.0,0.0
2015-11-24 00:00:00-05:00,1073.199951,1079.400024,1073.199951,1074.300049,222.0,0.0
2015-11-25 00:00:00-05:00,1070.199951,1072.0,1068.5,1070.5,60294.3,0.0
2015-11-26 00:00:00-05:00,1070.449951,1073.0999755,1059.799988,1063.3499755,67540.7,0.0
2015-11-27 00:00:00-05:00,1070.699951,1074.199951,1051.099976,1056.199951,52133.0,0.0
2015-11-28 00:00:00-05:00,1065.966634,1072.266642,1051.4333093333332,1059.3999836666667,36289.0,0.0
2015-11-29 00:00:00-05:00,1061.233317,1070.333333,1051.7666426666667,1062.6000163333333,20445.0,0.0
2015-11-30 00:00:00-05:00,1056.5,1068.400024,1052.099976,1065.800049,4601.0,0.0
2015-12-01 00:00:00-05:00,1064.599976,1074.599976,1063.400024,1063.800049,3441.0,0.0
2015-12-02 00:00:00-05:00,1068.699951,1069.5,1049.599976,1054.199951,503.0,0.0
2015-12-03 00:00:00-05:00,1054.400024,1064.599976,1046.199951,1061.699951,1161.0,0.0
2015-12-04 00:00:00-05:00,1063.0,1088.800049,1058.699951,1084.5,889.0,0.0
2015-12-05 00:00:00-05:00,1070.300008,1088.033366,1061.5999753333333,1081.800008,811.3333333333334,0.0
2015-12-06 00:00:00-05:00,1077.600016,1087.266683,1064.4999996666668,1079.100016,733.6666666666666,0.0
2015-12-07 00:00:00-05:00,1084.900024,1086.5,1067.400024,1076.400024,656.0,0.0
2015-12-08 00:00:00-05:00,1071.0,1078.400024,1069.599976,1076.300049,306.0,0.0
2015-12-09 00:00:00-05:00,1075.099976,1086.0,1070.599976,1077.599976,386.0,0.0
2015-12-10 00:00:00-05:00,1073.0,1076.300049,1071.699951,1073.099976,226.0,0.0
2015-12-11 00:00:00-05:00,1067.800049,1079.400024,1064.400024,1076.900024,410.0,0.0
2015-12-12 00:00:00-05:00,1069.8666993333334,1078.4999996666668,1062.9333493333334,1072.833333,443.0,0.0
2015-12-13 00:00:00-05:00,1071.9333496666666,1077.5999753333333,1061.4666746666667,1068.766642,476.0,0.0
2015-12-14 00:00:00-05:00,1074.0,1076.699951,1060.0,1064.699951,509.0,0.0
2015-12-15 00:00:00-05:00,1064.599976,1066.199951,1061.800049,1062.900024,220.0,0.0
2015-12-16 00:00:00-05:00,1064.800049,1078.699951,1064.300049,1078.0,81.0,0.0
2015-12-17 00:00:00-05:00,1072.599976,1072.599976,1050.5,1050.800049,56.0,0.0
2015-12-18 00:00:00-05:00,1053.699951,1070.300049,1052.699951,1066.199951,253.0,0.0
2015-12-19 00:00:00-05:00,1059.199951,1074.1667073333333,1058.5332843333333,1071.4333086666668,177.33333333333331,0.0
2015-12-20 00:00:00-05:00,1064.699951,1078.0333656666667,1064.3666176666668,1076.6666663333333,101.66666666666666,0.0
2015-12-21 00:00:00-05:00,1070.199951,1081.900024,1070.199951,1081.900024,26.0,0.0
2015-12-22 00:00:00-05:00,1078.599976,1078.599976,1073.800049,1074.800049,106.0,0.0
2015-12-23 00:00:00-05:00,1074.5,1074.800049,1069.400024,1069.400024,202.0,0.0
2015-12-24 00:00:00-05:00,1074.300049,1077.800049,1073.5,1077.199951,24.0,0.0
2015-12-25 00:00:00-05:00,1075.20004275,1083.050049,1072.75,1075.52496325,108.25,0.0
2015-12-26 00:00:00-05:00,1076.1000365,1088.300049,1072.0,1073.8499755,192.5,0.0
2015-12-27 00:00:00-05:00,1077.00003025,1093.550049,1071.25,1072.1749877500001,276.75,0.0
2015-12-28 00:00:00-05:00,1077.900024,1098.800049,1070.5,1070.5,361.0,0.0
2015-12-29 00:00:00-05:00,1079.099976,1079.699951,1077.5,1077.5,252.0,0.0
2015-12-30 00:00:00-05:00,1068.599976,1070.199951,1059.699951,1060.099976,71.0,0.0
2015-12-31 00:00:00-05:00,1061.900024,1062.0,1058.5,1060.300049,10.0,0.0
2016-01-01 00:00:00-05:00,1062.275024,1067.125,1059.6749877500001,1064.00003075,43.25,0.0
2016-01-02 00:00:00-05:00,1062.650024,1072.25,1060.8499755,1067.7000125,76.5,0.0
2016-01-03 00:00:00-05:00,1063.025024,1077.375,1062.02496325,1071.39999425,109.75,0.0
2016-01-04 00:00:00-05:00,1063.400024,1082.5,1063.199951,1075.099976,143.0,0.0
2016-01-05 00:00:00-05:00,1075.599976,1081.5,1075.300049,1078.400024,82.0,0.0
2016-01-06 00:00:00-05:00,1081.599976,1093.699951,1081.599976,1091.900024,52.0,0.0
2016-01-07 00:00:00-05:00,1091.599976,1109.400024,1091.599976,1107.699951,122.0,0.0
2016-01-08 00:00:00-05:00,1111.099976,1111.099976,1093.0,1097.800049,98.0,0.0
2016-01-09 00:00:00-05:00,1109.2999676666666,1110.0333253333333,1094.1666666666667,1097.3666993333334,79.66666666666667,0.0
2016-01-10 00:00:00-05:00,1107.4999593333334,1108.9666746666667,1095.3333333333333,1096.9333496666666,61.333333333333336,0.0
2016-01-11 00:00:00-05:00,1105.699951,1107.900024,1096.5,1096.5,43.0,0.0
2016-01-12 00:00:00-05:00,1093.800049,1098.5,1084.0,1085.599976,87.0,0.0
2016-01-13 00:00:00-05:00,1081.5,1093.900024,1081.5,1087.5,50.0,0.0
2016-01-14 00:00:00-05:00,1091.5,1091.5,1073.699951,1073.900024,59.0,0.0
2016-01-15 00:00:00-05:00,1085.0,1095.800049,1081.800049,1091.5,44.0,0.0
2016-01-16 00:00:00-05:00,1086.2000122499999,1095.45004275,1082.57504275,1091.1000060000001,37.25,0.0
2016-01-17 00:00:00-05:00,1087.4000245,1095.1000365,1083.3500365,1090.700012,30.5,0.0
2016-01-18 00:00:00-05:00,1088.60003675,1094.75003025,1084.12503025,1090.300018,23.75,0.0
2016-01-19 00:00:00-05:00,1089.800049,1094.400024,1084.900024,1089.900024,17.0,0.0
2016-01-20 00:00:00-05:00,1099.800049,1109.800049,1099.800049,1107.099976,30.0,0.0
2016-01-21 00:00:00-05:00,1103.599976,1103.599976,1094.099976,1099.099976,16.0,0.0
2016-01-22 00:00:00-05:00,1098.0,1103.199951,1097.199951,1097.199951,4.0,0.0
2016-01-23 00:00:00-05:00,1098.4333496666666,1105.233317,1097.8999836666667,1100.199951,5.333333333333333,0.0
2016-01-24 00:00:00-05:00,1098.8666993333334,1107.266683,1098.6000163333333,1103.199951,6.666666666666666,0.0
2016-01-25 00:00:00-05:00,1099.300049,1109.300049,1099.300049,1106.199951,8.0,0.0
2016-01-26 00:00:00-05:00,1115.099976,1121.699951,1114.300049,1121.699951,181.0,0.0
2016-01-27 00:00:00-05:00,1117.800049,1117.800049,1115.800049,1116.099976,45742.2,0.0
2016-01-28 00:00:00-05:00,1125.400024,1125.699951,1109.800049,1115.599976,52861.0,0.0
2016-01-29 00:00:00-05:00,1114.400024,1118.599976,1108.800049,1116.400024,6955.0,0.0
2016-01-30 00:00:00-05:00,1115.1666663333333,1122.399984,1110.9667156666667,1120.2333573333333,5197.333333333333,0.0
2016-01-31 00:00:00-05:00,1115.9333086666668,1126.199992,1113.1333823333332,1124.0666906666668,3439.6666666666665,0.0
2016-02-01 00:00:00-05:00,1116.699951,1130.0,1115.300049,1127.900024,1682.0,0.0
2016-02-02 00:00:00-05:00,1128.300049,1131.400024,1123.0,1127.300049,1230.0,0.0
2016-02-03 00:00:00-05:00,1128.5,1146.0,1125.0,1141.300049,1630.0,0.0
2016-02-04 00:00:00-05:00,1142.5,1157.599976,1141.0,1157.599976,771.0,0.0
2016-02-05 00:00:00-05:00,1155.599976,1174.800049,1146.0,1157.800049,877.0,0.0
2016-02-06 00:00:00-05:00,1161.5666506666666,1183.333374,1152.3333333333333,1171.1667073333333,895.0,0.0
2016-02-07 00:00:00-05:00,1167.5333253333333,1191.866699,1158.6666666666667,1184.5333656666667,913.0,0.0
2016-02-08 00:00:00-05:00,1173.5,1200.400024,1165.0,1197.900024,931.0,0.0
2016-02-09 00:00:00-05:00,1188.699951,1199.199951,1186.699951,1198.699951,700.0,0.0
2016-02-10 00:00:00-05:00,1189.800049,1197.699951,1182.099976,1194.699951,671.0,0.0
2016-02-11 00:00:00-05:00,1205.599976,1260.800049,1204.599976,1247.900024,995.0,0.0
2016-02-12 00:00:00-05:00,1247.800049,1247.800049,1233.5,1239.099976,250.0,0.0
2016-02-13 00:00:00-05:00,1244.12503075,1244.25003075,1223.5249939999999,1231.299988,293.0,0.0
2016-02-14 00:00:00-05:00,1240.4500125,1240.7000125,1213.549988,1223.5,336.0,0.0
2016-02-15 00:00:00-05:00,1236.77499425,1237.14999425,1203.574982,1215.700012,379.0,0.0
2016-02-16 00:00:00-05:00,1233.099976,1233.599976,1193.599976,1207.900024,422.0,0.0
2016-02-17 00:00:00-05:00,1196.5,1212.900024,1196.5,1211.099976,53.0,0.0
2016-02-18 00:00:00-05:00,1209.599976,1239.199951,1201.599976,1226.099976,315.0,0.0
2016-02-19 00:00:00-05:00,1230.800049,1232.800049,1221.800049,1230.400024,76.0,0.0
2016-02-20 00:00:00-05:00,1229.233358,1230.5666913333332,1215.533366,1223.4333493333334,144.0,0.0
2016-02-21 00:00:00-05:00,1227.666667,1228.3333336666667,1209.266683,1216.4666746666667,212.0,0.0
2016-02-22 00:00:00-05:00,1226.099976,1226.099976,1203.0,1209.5,280.0,0.0
2016-02-23 00:00:00-05:00,1207.400024,1226.099976,1207.400024,1222.300049,351.0,0.0
2016-02-24 00:00:00-05:00,1230.0,1250.099976,1230.0,1238.699951,111.0,0.0
2016-02-25 00:00:00-05:00,1239.400024,1241.5,1235.0,1238.199951,1349.0,0.0
2016-02-26 00:00:00-05:00,1232.400024,1239.099976,1212.199951,1219.800049,656.0,0.0
2016-02-27 00:00:00-05:00,1227.800008,1239.7333173333334,1214.3332926666667,1224.5000406666666,630.6666666666666,0.0
2016-02-28 00:00:00-05:00,1223.199992,1240.3666586666666,1216.4666343333333,1229.2000323333334,605.3333333333334,0.0
2016-02-29 00:00:00-05:00,1218.599976,1241.0,1218.599976,1233.900024,580.0,0.0
2016-03-01 00:00:00-05:00,1240.5,1248.400024,1229.0,1230.300049,477.0,0.0
2016-03-02 00:00:00-05:00,1232.800049,1242.599976,1226.0,1241.099976,267.0,0.0
2016-03-03 00:00:00-05:00,1238.400024,1267.900024,1238.0,1257.400024,123.0,0.0
2016-03-04 00:00:00-05:00,1263.0,1279.900024,1250.900024,1269.900024,268.0,0.0
2016-03-05 00:00:00-05:00,1261.9333496666666,1277.366699,1253.833333,1267.6666663333333,201.0,0.0
2016-03-06 00:00:00-05:00,1260.8666993333334,1274.833374,1256.766642,1265.4333086666668,134.0,0.0
2016-03-07 00:00:00-05:00,1259.800049,1272.300049,1259.699951,1263.199951,67.0,0.0
2016-03-08 00:00:00-05:00,1268.699951,1276.300049,1261.0,1262.099976,43.0,0.0
2016-03-09 00:00:00-05:00,1254.5,1260.0,1244.800049,1256.599976,79.0,0.0
2016-03-10 00:00:00-05:00,1250.0,1273.0,1237.5,1272.0,119.0,0.0
2016-03-11 00:00:00-05:00,1270.0,1280.699951,1249.400024,1258.699951,87.0,0.0
2016-03-12 00:00:00-05:00,1270.091286307054,1280.7572126141079,1249.5199411161825,1258.781279207469,86.78008298755186,0.0
2016-03-13 00:00:00-05:00,1270.1825726141078,1280.8144742282159,1249.6398582323652,1258.8626074149379,86.56016597510373,0.0
2016-03-14 00:00:00-05:00,1270.2738589211617,1280.8717358423237,1249.7597753485477,1258.9439356224068,86.34024896265561,0.0
2016-03-15 00:00:00-05:00,1270.3651452282159,1280.9289974564315,1249.8796924647304,1259.0252638298755,86.12033195020747,0.0
2016-03-16 00:00:00-05:00,1270.4564315352698,1280.9862590705395,1249.9996095809129,1259.1065920373444,85.90041493775934,0.0
2016-03-17 00:00:00-05:00,1270.5477178423237,1281.0435206846473,1250.1195266970954,1259.1879202448133,85.6804979253112,0.0
2016-03-18 00:00:00-05:00,1270.6390041493776,1281.1007822987553,1250.239443813278,1259.2692484522822,85.46058091286307,0.0
2016-03-19 00:00:00-05:00,1270.7302904564315,1281.1580439128631,1250.3593609294605,1259.3505766597511,85.24066390041494,0.0
2016-03-20 00:00:00-05:00,1270.8215767634854,1281.215305526971,1250.4792780456432,1259.43190486722,85.02074688796681,0.0
2016-03-21 00:00:00-05:00,1270.9128630705395,1281.272567141079,1250.5991951618257,1259.5132330746887,84.80082987551867,0.0
2016-03-22 00:00:00-05:00,1271.0041493775934,1281.3298287551868,1250.7191122780084,1259.5945612821577,84.58091286307054,0.0
2016-03-23 00:00:00-05:00,1271.0954356846473,1281.3870903692946,1250.839029394191,1259.6758894896266,84.3609958506224,0.0
2016-03-24 00:00:00-05:00,1271.1867219917012,1281.4443519834026,1250.9589465103734,1259.7572176970955,84.14107883817428,0.0
2016-03-25 00:00:00-05:00,1271.2780082987551,1281.5016135975104,1251.078863626556,1259.8385459045644,83.92116182572614,0.0
2016-03-26 00:00:00-05:00,1271.369294605809,1281.5588752116182,1251.1987807427386,1259.9198741120333,83.70124481327801,0.0
2016-03-27 00:00:00-05:00,1271.4605809128632,1281.6161368257262,1251.3186978589213,1260.0012023195022,83.48132780082987,0.0
2016-03-28 00:00:00-05:00,1271.551867219917,1281.673398439834,1251.4386149751037,1260.082530526971,83.26141078838174,0.0
2016-03-29 00:00:00-05:00,1271.643153526971,1281.7306600539418,1251.5585320912862,1260.1638587344398,83.04149377593362,0.0
2016-03-30 00:00:00-05:00,1271.734439834025,1281.7879216680499,1251.678449207469,1260.2451869419087,82.82157676348548,0.0
2016-03-31 00:00:00-05:00,1271.8257261410788,1281.8451832821577,1251.7983663236514,1260.3265151493777,82.60165975103735,0.0
2016-04-01 00:00:00-05:00,1271.9170124481327,1281.9024448962657,1251.918283439834,1260.4078433568466,82.38174273858921,0.0
2016-04-02 00:00:00-05:00,1272.0082987551866,1281.9597065103735,1252.0382005560166,1260.4891715643155,82.16182572614107,0.0
2016-04-03 00:00:00-05:00,1272.0995850622407,1282.0169681244813,1252.1581176721993,1260.5704997717842,81.94190871369295,0.0
2016-04-04 00:00:00-05:00,1272.1908713692947,1282.0742297385893,1252.2780347883818,1260.651827979253,81.72199170124482,0.0
2016-04-05 00:00:00-05:00,1272.2821576763486,1282.1314913526971,1252.3979519045643,1260.733156186722,81.50207468879668,0.0
2016-04-06 00:00:00-05:00,1272.3734439834025,1282.188752966805,1252.517869020747,1260.814484394191,81.28215767634855,0.0
2016-04-07 00:00:00-05:00,1272.4647302904564,1282.246014580913,1252.6377861369294,1260.8958126016598,81.06224066390041,0.0
2016-04-08 00:00:00-05:00,1272.5560165975103,1282.3032761950208,1252.7577032531121,1260.9771408091287,80.84232365145229,0.0
2016-04-09 00:00:00-05:00,1272.6473029045644,1282.3605378091286,1252.8776203692946,1261.0584690165977,80.62240663900415,0.0
2016-04-10 00:00:00-05:00,1272.7385892116183,1282.4177994232366,1252.997537485477,1261.1397972240663,80.40248962655602,0.0
2016-04-11 00:00:00-05:00,1272.8298755186722,1282.4750610373444,1253.1174546016598,1261.2211254315353,80.18257261410788,0.0
2016-04-12 00:00:00-05:00,1272.9211618257261,1282.5323226514524,1253.2373717178423,1261.3024536390042,79.96265560165975,0.0
2016-04-13 00:00:00-05:00,1273.01244813278,1282.5895842655602,1253.357288834025,1261.383781846473,79.74273858921161,0.0
2016-04-14 00:00:00-05:00,1273.103734439834,1282.646845879668,1253.4772059502075,1261.465110053942,79.52282157676349,0.0
2016-04-15 00:00:00-05:00,1273.195020746888,1282.704107493776,1253.5971230663902,1261.546438261411,79.30290456431536,0.0
2016-04-16 00:00:00-05:00,1273.286307053942,1282.7613691078839,1253.7170401825726,1261.6277664688796,79.08298755186722,0.0
2016-04-17 00:00:00-05:00,1273.377593360996,1282.8186307219917,1253.8369572987551,1261.7090946763485,78.86307053941908,0.0
2016-04-18 00:00:00-05:00,1273.4688796680498,1282.8758923360997,1253.9568744149378,1261.7904228838174,78.64315352697095,0.0
2016-04-19 00:00:00-05:00,1273.5601659751037,1282.9331539502075,1254.0767915311203,1261.8717510912863,78.42323651452283,0.0
2016-04-20 00:00:00-05:00,1273.6514522821576,1282.9904155643153,1254.196708647303,1261.9530792987553,78.20331950207469,0.0
2016-04-21 00:00:00-05:00,1273.7427385892115,1283.0476771784233,1254.3166257634855,1262.0344075062242,77.98340248962656,0.0
2016-04-22 00:00:00-05:00,1273.8340248962656,1283.1049387925311,1254.436542879668,1262.115735713693,77.76348547717842,0.0
2016-04-23 00:00:00-05:00,1273.9253112033196,1283.1622004066392,1254.5564599958507,1262.1970639211618,77.54356846473028,0.0
2016-04-24 00:00:00-05:00,1274.0165975103735,1283.219462020747,1254.6763771120332,1262.2783921286307,77.32365145228216,0.0
2016-04-25 00:00:00-05:00,1274.1078838174274,1283.2767236348548,1254.7962942282159,1262.3597203360996,77.10373443983403,0.0
2016-04-26 00:00:00-05:00,1274.1991701244813,1283.3339852489628,1254.9162113443983,1262.4410485435685,76.88381742738589,0.0
2016-04-27 00:00:00-05:00,1274.2904564315352,1283.3912468630706,1255.036128460581,1262.5223767510374,76.66390041493776,0.0
2016-04-28 00:00:00-05:00,1274.3817427385893,1283.4485084771784,1255.1560455767635,1262.6037049585063,76.44398340248962,0.0
2016-04-29 00:00:00-05:00,1274.4730290456432,1283.5057700912864,1255.275962692946,1262.685033165975,76.2240663900415,0.0
2016-04-30 00:00:00-05:00,1274.5643153526971,1283.5630317053942,1255.3958798091287,1262.766361373444,76.00414937759336,0.0
2016-05-01 00:00:00-05:00,1274.655601659751,1283.620293319502,1255.5157969253112,1262.8476895809129,75.78423236514523,0.0
2016-05-02 00:00:00-05:00,1274.746887966805,1283.67755493361,1255.6357140414939,1262.9290177883818,75.5643153526971,0.0
2016-05-03 00:00:00-05:00,1274.8381742738588,1283.7348165477179,1255.7556311576764,1263.0103459958507,75.34439834024896,0.0
2016-05-04 00:00:00-05:00,1274.929460580913,1283.7920781618257,1255.8755482738588,1263.0916742033196,75.12448132780082,0.0
2016-05-05 00:00:00-05:00,1275.0207468879669,1283.8493397759337,1255.9954653900415,1263.1730024107885,74.9045643153527,0.0
2016-05-06 00:00:00-05:00,1275.1120331950208,1283.9066013900415,1256.115382506224,1263.2543306182572,74.68464730290457,0.0
2016-05-07 00:00:00-05:00,1275.2033195020747,1283.9638630041495,1256.2352996224067,1263.3356588257261,74.46473029045643,0.0
2016-05-08 00:00:00-05:00,1275.2946058091286,1284.0211246182573,1256.3552167385892,1263.416987033195,74.2448132780083,0.0
2016-05-09 00:00:00-05:00,1275.3858921161825,1284.0783862323651,1256.4751338547717,1263.498315240664,74.02489626556016,0.0
2016-05-10 00:00:00-05:00,1275.4771784232364,1284.1356478464731,1256.5950509709544,1263.5796434481329,73.80497925311204,0.0
2016-05-11 00:00:00-05:00,1275.5684647302905,1284.192909460581,1256.7149680871369,1263.6609716556018,73.5850622406639,0.0
2016-05-12 00:00:00-05:00,1275.6597510373444,1284.2501710746888,1256.8348852033196,1263.7422998630705,73.36514522821577,0.0
2016-05-13 00:00:00-05:00,1275.7510373443984,1284.3074326887968,1256.954802319502,1263.8236280705394,73.14522821576763,0.0
2016-05-14 00:00:00-05:00,1275.8423236514523,1284.3646943029046,1257.0747194356848,1263.9049562780083,72.9253112033195,0.0
2016-05-15 00:00:00-05:00,1275.9336099585062,1284.4219559170124,1257.1946365518672,1263.9862844854772,72.70539419087137,0.0
2016-05-16 00:00:00-05:00,1276.02489626556,1284.4792175311204,1257.3145536680497,1264.067612692946,72.48547717842324,0.0
2016-05-17 00:00:00-05:00,1276.1161825726142,1284.5364791452282,1257.4344707842324,1264.148940900415,72.2655601659751,0.0
2016-05-18 00:00:00-05:00,1276.207468879668,1284.5937407593362,1257.554387900415,1264.230269107884,72.04564315352697,0.0
2016-05-19 00:00:00-05:00,1276.298755186722,1284.651002373444,1257.6743050165976,1264.3115973153526,71.82572614107883,0.0
2016-05-20 00:00:00-05:00,1276.390041493776,1284.7082639875518,1257.79422213278,1264.3929255228215,71.60580912863071,0.0
2016-05-21 00:00:00-05:00,1276.4813278008298,1284.7655256016599,1257.9141392489626,1264.4742537302905,71.38589211618257,0.0
2016-05-22 00:00:00-05:00,1276.5726141078837,1284.8227872157677,1258.0340563651453,1264.5555819377594,71.16597510373444,0.0
2016-05-23 00:00:00-05:00,1276.6639004149379,1284.8800488298755,1258.1539734813277,1264.6369101452283,70.9460580912863,0.0
2016-05-24 00:00:00-05:00,1276.7551867219918,1284.9373104439835,1258.2738905975104,1264.7182383526972,70.72614107883817,0.0
2016-05-25 00:00:00-05:00,1276.8464730290457,1284.9945720580913,1258.393807713693,1264.7995665601659,70.50622406639005,0.0
2016-05-26 00:00:00-05:00,1276.9377593360996,1285.051833672199,1258.5137248298756,1264.8808947676348,70.28630705394191,0.0
2016-05-27 00:00:00-05:00,1277.0290456431535,1285.1090952863071,1258.633641946058,1264.9622229751037,70.06639004149378,0.0
2016-05-28 00:00:00-05:00,1277.1203319502074,1285.166356900415,1258.7535590622406,1265.0435511825726,69.84647302904564,0.0
2016-05-29 00:00:00-05:00,1277.2116182572613,1285.223618514523,1258.8734761784233,1265.1248793900415,69.6265560165975,0.0
2016-05-30 00:00:00-05:00,1277.3029045643154,1285.2808801286308,1258.9933932946058,1265.2062075975105,69.40663900414938,0.0
2016-05-31 00:00:00-05:00,1277.3941908713693,1285.3381417427386,1259.1133104107885,1265.2875358049794,69.18672199170125,0.0
2016-06-01 00:00:00-05:00,1277.4854771784233,1285.3954033568466,1259.233227526971,1265.368864012448,68.96680497925311,0.0
2016-06-02 00:00:00-05:00,1277.5767634854772,1285.4526649709544,1259.3531446431534,1265.450192219917,68.74688796680498,0.0
2016-06-03 00:00:00-05:00,1277.668049792531,1285.5099265850622,1259.4730617593361,1265.5315204273859,68.52697095435684,0.0
2016-06-04 00:00:00-05:00,1277.759336099585,1285.5671881991702,1259.5929788755186,1265.6128486348548,68.30705394190872,0.0
2016-06-05 00:00:00-05:00,1277.850622406639,1285.624449813278,1259.7128959917013,1265.6941768423237,68.08713692946058,0.0
2016-06-06 00:00:00-05:00,1277.941908713693,1285.6817114273858,1259.8328131078838,1265.7755050497926,67.86721991701245,0.0
2016-06-07 00:00:00-05:00,1278.033195020747,1285.7389730414939,1259.9527302240665,1265.8568332572613,67.64730290456431,0.0
2016-06-08 00:00:00-05:00,1278.1244813278008,1285.7962346556017,1260.072647340249,1265.9381614647302,67.42738589211618,0.0
2016-06-09 00:00:00-05:00,1278.2157676348547,1285.8534962697095,1260.1925644564315,1266.0194896721991,67.20746887966806,0.0
2016-06-10 00:00:00-05:00,1278.3070539419086,1285.9107578838175,1260.3124815726142,1266.100817879668,66.98755186721992,0.0
2016-06-11 00:00:00-05:00,1278.3983402489628,1285.9680194979253,1260.4323986887966,1266.182146087137,66.76763485477179,0.0
2016-06-12 00:00:00-05:00,1278.4896265560167,1286.0252811120333,1260.5523158049793,1266.2634742946059,66.54771784232365,0.0
2016-06-13 00:00:00-05:00,1278.5809128630706,1286.0825427261411,1260.6722329211618,1266.3448025020748,66.32780082987551,0.0
2016-06-14 00:00:00-05:00,1278.6721991701245,1286.139804340249,1260.7921500373443,1266.4261307095435,66.10788381742739,0.0
2016-06-15 00:00:00-05:00,1278.7634854771784,1286.197065954357,1260.912067153527,1266.5074589170124,65.88796680497926,0.0
2016-06-16 00:00:00-05:00,1278.8547717842323,1286.2543275684648,1261.0319842697095,1266.5887871244813,65.66804979253112,0.0
2016-06-17 00:00:00-05:00,1278.9460580912862,1286.3115891825726,1261.1519013858922,1266.6701153319502,65.44813278008299,0.0
2016-06-18 00:00:00-05:00,1279.0373443983403,1286.3688507966806,1261.2718185020747,1266.7514435394191,65.22821576763485,0.0
2016-06-19 00:00:00-05:00,1279.1286307053942,1286.4261124107884,1261.3917356182571,1266.832771746888,65.00829875518673,0.0
2016-06-20 00:00:00-05:00,1279.2199170124481,1286.4833740248962,1261.5116527344398,1266.914099954357,64.7883817427386,0.0
2016-06-21 00:00:00-05:00,1279.311203319502,1286.5406356390042,1261.6315698506223,1266.9954281618257,64.56846473029046,0.0
2016-06-22 00:00:00-05:00,1279.402489626556,1286.597897253112,1261.751486966805,1267.0767563692946,64.34854771784232,0.0
2016-06-23 00:00:00-05:00,1279.4937759336099,1286.65515886722,1261.8714040829875,1267.1580845767635,64.12863070539419,0.0
2016-06-24 00:00:00-05:00,1279.585062240664,1286.7124204813279,1261.9913211991702,1267.2394127842324,63.90871369294606,0.0
2016-06-25 00:00:00-05:00,1279.676348547718,1286.7696820954357,1262.1112383153527,1267.3207409917013,63.68879668049793,0.0
2016-06-26 00:00:00-05:00,1279.7676348547718,1286.8269437095437,1262.2311554315352,1267.4020691991702,63.468879668049794,0.0
2016-06-27 00:00:00-05:00,1279.8589211618257,1286.8842053236515,1262.3510725477179,1267.483397406639,63.24896265560166,0.0
2016-06-28 00:00:00-05:00,1279.9502074688796,1286.9414669377593,1262.4709896639004,1267.5647256141078,63.02904564315352,0.0
2016-06-29 00:00:00-05:00,1280.0414937759335,1286.9987285518673,1262.590906780083,1267.6460538215767,62.809128630705395,0.0
2016-06-30 00:00:00-05:00,1280.1327800829877,1287.0559901659751,1262.7108238962655,1267.7273820290457,62.589211618257266,0.0
2016-07-01 00:00:00-05:00,1280.2240663900416,1287.113251780083,1262.830741012448,1267.8087102365146,62.36929460580913,0.0
2016-07-02 00:00:00-05:00,1280.3153526970955,1287.170513394191,1262.9506581286307,1267.8900384439835,62.149377593360995,0.0
2016-07-03 00:00:00-05:00,1280.4066390041494,1287.2277750082987,1263.0705752448132,1267.9713666514522,61.92946058091286,0.0
2016-07-04 00:00:00-05:00,1280.4979253112033,1287.2850366224068,1263.190492360996,1268.052694858921,61.70954356846473,0.0
2016-07-05 00:00:00-05:00,1280.5892116182572,1287.3422982365146,1263.3104094771784,1268.13402306639,61.4896265560166,0.0
2016-07-06 00:00:00-05:00,1280.680497925311,1287.3995598506224,1263.430326593361,1268.215351273859,61.26970954356847,0.0
2016-07-07 00:00:00-05:00,1280.7717842323652,1287.4568214647304,1263.5502437095436,1268.2966794813278,61.04979253112033,0.0
2016-07-08 00:00:00-05:00,1280.8630705394191,1287.5140830788382,1263.670160825726,1268.3780076887967,60.829875518672196,0.0
2016-07-09 00:00:00-05:00,1280.954356846473,1287.571344692946,1263.7900779419087,1268.4593358962657,60.60995850622407,0.0
2016-07-10 00:00:00-05:00,1281.045643153527,1287.628606307054,1263.9099950580912,1268.5406641037343,60.39004149377594,0.0
2016-07-11 00:00:00-05:00,1281.1369294605809,1287.6858679211618,1264.029912174274,1268.6219923112033,60.170124481327804,0.0
2016-07-12 00:00:00-05:00,1281.2282157676348,1287.7431295352696,1264.1498292904564,1268.7033205186722,59.95020746887967,0.0
2016-07-13 00:00:00-05:00,1281.319502074689,1287.8003911493777,1264.269746406639,1268.784648726141,59.73029045643153,0.0
2016-07-14 00:00:00-05:00,1281.4107883817428,1287.8576527634855,1264.3896635228216,1268.86597693361,59.510373443983404,0.0
2016-07-15 00:00:00-05:00,1281.5020746887967,1287.9149143775933,1264.509580639004,1268.947305141079,59.29045643153527,0.0
2016-07-16 00:00:00-05:00,1281.5933609958506,1287.9721759917013,1264.6294977551868,1269.0286333485478,59.07053941908714,0.0
2016-07-17 00:00:00-05:00,1281.6846473029045,1288.029437605809,1264.7494148713693,1269.1099615560165,58.850622406639005,0.0
2016-07-18 00:00:00-05:00,1281.7759336099584,1288.0866992199171,1264.869331987552,1269.1912897634854,58.63070539419087,0.0
2016-07-19 00:00:00-05:00,1281.8672199170123,1288.143960834025,1264.9892491037344,1269.2726179709543,58.41078838174274,0.0
2016-07-20 00:00:00-05:00,1281.9585062240665,1288.2012224481327,1265.109166219917,1269.3539461784233,58.190871369294605,0.0
2016-07-21 00:00:00-05:00,1282.0497925311204,1288.2584840622408,1265.2290833360996,1269.4352743858922,57.97095435684648,0.0
2016-07-22 00:00:00-05:00,1282.1410788381743,1288.3157456763486,1265.349000452282,1269.516602593361,57.75103734439834,0.0
2016-07-23 00:00:00-05:00,1282.2323651452282,1288.3730072904564,1265.4689175684648,1269.5979308008298,57.531120331950206,0.0
2016-07-24 00:00:00-05:00,1282.323651452282,1288.4302689045644,1265.5888346846473,1269.6792590082987,57.31120331950207,0.0
2016-07-25 00:00:00-05:00,1282.414937759336,1288.4875305186722,1265.7087518008298,1269.7605872157676,57.09128630705394,0.0
2016-07-26 00:00:00-05:00,1282.5062240663901,1288.54479213278,1265.8286689170125,1269.8419154232365,56.87136929460581,0.0
2016-07-27 00:00:00-05:00,1282.597510373444,1288.602053746888,1265.948586033195,1269.9232436307054,56.65145228215768,0.0
2016-07-28 00:00:00-05:00,1282.688796680498,1288.6593153609958,1266.0685031493776,1270.0045718381743,56.43153526970954,0.0
2016-07-29 00:00:00-05:00,1282.7800829875519,1288.7165769751039,1266.1884202655601,1270.0859000456433,56.21161825726141,0.0
2016-07-30 00:00:00-05:00,1282.8713692946058,1288.7738385892117,1266.3083373817426,1270.167228253112,55.99170124481328,0.0
2016-07-31 00:00:00-05:00,1282.9626556016597,1288.8311002033195,1266.4282544979253,1270.2485564605809,55.77178423236515,0.0
2016-08-01 00:00:00-05:00,1283.0539419087138,1288.8883618174275,1266.5481716141078,1270.3298846680498,55.551867219917014,0.0
2016-08-02 00:00:00-05:00,1283.1452282157677,1288.9456234315353,1266.6680887302905,1270.4112128755187,55.33195020746888,0.0
2016-08-03 00:00:00-05:00,1283.2365145228216,1289.002885045643,1266.788005846473,1270.4925410829876,55.11203319502074,0.0
2016-08-04 00:00:00-05:00,1283.3278008298755,1289.0601466597511,1266.9079229626557,1270.5738692904565,54.892116182572614,0.0
2016-08-05 00:00:00-05:00,1283.4190871369294,1289.117408273859,1267.0278400788382,1270.6551974979252,54.67219917012448,0.0
2016-08-06 00:00:00-05:00,1283.5103734439833,1289.1746698879667,1267.1477571950206,1270.7365257053941,54.45228215767635,0.0
2016-08-07 00:00:00-05:00,1283.6016597510372,1289.2319315020748,1267.2676743112033,1270.817853912863,54.232365145228215,0.0
2016-08-08 00:00:00-05:00,1283.6929460580914,1289.2891931161826,1267.3875914273858,1270.899182120332,54.01244813278009,0.0
2016-08-09 00:00:00-05:00,1283.7842323651453,1289.3464547302906,1267.5075085435685,1270.9805103278009,53.79253112033195,0.0
2016-08-10 00:00:00-05:00,1283.8755186721992,1289.4037163443984,1267.627425659751,1271.0618385352698,53.572614107883815,0.0
2016-08-11 00:00:00-05:00,1283.966804979253,1289.4609779585062,1267.7473427759335,1271.1431667427387,53.35269709543569,0.0
2016-08-12 00:00:00-05:00,1284.058091286307,1289.5182395726142,1267.8672598921162,1271.2244949502074,53.13278008298755,0.0
2016-08-13 00:00:00-05:00,1284.149377593361,1289.575501186722,1267.9871770082987,1271.3058231576763,52.91286307053942,0.0
2016-08-14 00:00:00-05:00,1284.240663900415,1289.6327628008298,1268.1070941244814,1271.3871513651452,52.69294605809129,0.0
2016-08-15 00:00:00-05:00,1284.331950207469,1289.6900244149379,1268.2270112406638,1271.4684795726141,52.47302904564315,0.0
2016-08-16 00:00:00-05:00,1284.4232365145228,1289.7472860290457,1268.3469283568465,1271.549807780083,52.25311203319502,0.0
2016-08-17 00:00:00-05:00,1284.5145228215767,1289.8045476431535,1268.466845473029,1271.631135987552,52.03319502074689,0.0
2016-08-18 00:00:00-05:00,1284.6058091286307,1289.8618092572615,1268.5867625892115,1271.7124641950206,51.81327800829875,0.0
2016-08-19 00:00:00-05:00,1284.6970954356846,1289.9190708713693,1268.7066797053942,1271.7937924024895,51.593360995850624,0.0
2016-08-20 00:00:00-05:00,1284.7883817427387,1289.976332485477,1268.8265968215767,1271.8751206099585,51.37344398340249,0.0
2016-08-21 00:00:00-05:00,1284.8796680497926,1290.0335940995851,1268.9465139377594,1271.9564488174274,51.15352697095436,0.0
2016-08-22 00:00:00-05:00,1284.9709543568465,1290.090855713693,1269.0664310539419,1272.0377770248963,50.933609958506224,0.0
2016-08-23 00:00:00-05:00,1285.0622406639004,1290.148117327801,1269.1863481701243,1272.1191052323652,50.71369294605809,0.0
2016-08-24 00:00:00-05:00,1285.1535269709543,1290.2053789419087,1269.306265286307,1272.2004334398341,50.49377593360996,0.0
2016-08-25 00:00:00-05:00,1285.2448132780082,1290.2626405560165,1269.4261824024895,1272.2817616473028,50.273858921161825,0.0
2016-08-26 00:00:00-05:00,1285.3360995850621,1290.3199021701246,1269.5460995186722,1272.3630898547717,50.053941908713696,0.0
2016-08-27 00:00:00-05:00,1285.4273858921163,1290.3771637842324,1269.6660166348547,1272.4444180622406,49.83402489626556,0.0
2016-08-28 00:00:00-05:00,1285.5186721991702,1290.4344253983402,1269.7859337510374,1272.5257462697095,49.614107883817425,0.0
2016-08-29 00:00:00-05:00,1285.609958506224,1290.4916870124482,1269.90585086722,1272.6070744771785,49.3941908713693,0.0
2016-08-30 00:00:00-05:00,1285.701244813278,1290.548948626556,1270.0257679834024,1272.6884026846474,49.17427385892116,0.0
2016-08-31 00:00:00-05:00,1285.792531120332,1290.6062102406638,1270.145685099585,1272.769730892116,48.95435684647303,0.0
2016-09-01 00:00:00-05:00,1285.8838174273858,1290.6634718547718,1270.2656022157676,1272.851059099585,48.7344398340249,0.0
2016-09-02 00:00:00-05:00,1285.97510373444,1290.7207334688796,1270.3855193319503,1272.932387307054,48.51452282157676,0.0
2016-09-03 00:00:00-05:00,1286.0663900414938,1290.7779950829877,1270.5054364481327,1273.0137155145228,48.29460580912863,0.0
2016-09-04 00:00:00-05:00,1286.1576763485477,1290.8352566970955,1270.6253535643152,1273.0950437219917,48.0746887966805,0.0
2016-09-05 00:00:00-05:00,1286.2489626556016,1290.8925183112033,1270.745270680498,1273.1763719294606,47.85477178423237,0.0
2016-09-06 00:00:00-05:00,1286.3402489626556,1290.9497799253113,1270.8651877966804,1273.2577001369295,47.634854771784234,0.0
2016-09-07 00:00:00-05:00,1286.4315352697095,1291.007041539419,1270.985104912863,1273.3390283443982,47.4149377593361,0.0
2016-09-08 00:00:00-05:00,1286.5228215767636,1291.064303153527,1271.1050220290456,1273.4203565518671,47.19502074688797,0.0
2016-09-09 00:00:00-05:00,1286.6141078838175,1291.121564767635,1271.2249391452283,1273.501684759336,46.975103734439834,0.0
2016-09-10 00:00:00-05:00,1286.7053941908714,1291.1788263817427,1271.3448562614108,1273.583012966805,46.7551867219917,0.0
2016-09-11 00:00:00-05:00,1286.7966804979253,1291.2360879958505,1271.4647733775932,1273.6643411742739,46.53526970954357,0.0
2016-09-12 00:00:00-05:00,1286.8879668049792,1291.2933496099586,1271.584690493776,1273.7456693817428,46.315352697095435,0.0
2016-09-13 00:00:00-05:00,1286.9792531120331,1291.3506112240664,1271.7046076099584,1273.8269975892115,46.095435684647306,0.0
2016-09-14 00:00:00-05:00,1287.070539419087,1291.4078728381744,1271.8245247261411,1273.9083257966804,45.87551867219917,0.0
2016-09-15 00:00:00-05:00,1287.1618257261412,1291.4651344522822,1271.9444418423236,1273.9896540041493,45.655601659751035,0.0
2016-09-16 00:00:00-05:00,1287.253112033195,1291.52239606639,1272.064358958506,1274.0709822116182,45.43568464730291,0.0
2016-09-17 00:00:00-05:00,1287.344398340249,1291.579657680498,1272.1842760746888,1274.1523104190871,45.21576763485477,0.0
2016-09-18 00:00:00-05:00,1287.4356846473029,1291.6369192946058,1272.3041931908713,1274.233638626556,44.99585062240664,0.0
2016-09-19 00:00:00-05:00,1287.5269709543568,1291.6941809087136,1272.424110307054,1274.314966834025,44.77593360995851,0.0
2016-09-20 00:00:00-05:00,1287.6182572614107,1291.7514425228217,1272.5440274232365,1274.3962950414937,44.55601659751037,0.0
2016-09-21 00:00:00-05:00,1287.7095435684648,1291.8087041369295,1272.663944539419,1274.4776232489626,44.33609958506224,0.0
2016-09-22 00:00:00-05:00,1287.8008298755187,1291.8659657510373,1272.7838616556016,1274.5589514564315,44.11618257261411,0.0
2016-09-23 00:00:00-05:00,1287.8921161825726,1291.9232273651453,1272.9037787717841,1274.6402796639004,43.89626556016598,0.0
2016-09-24 00:00:00-05:00,1287.9834024896265,1291.980488979253,1273.0236958879668,1274.7216078713693,43.67634854771784,0.0
2016-09-25 00:00:00-05:00,1288.0746887966804,1292.037750593361,1273.1436130041493,1274.8029360788382,43.45643153526971,0.0
2016-09-26 00:00:00-05:00,1288.1659751037344,1292.095012207469,1273.263530120332,1274.884264286307,43.23651452282158,0.0
2016-09-27 00:00:00-05:00,1288.2572614107885,1292.1522738215767,1273.3834472365145,1274.9655924937758,43.016597510373444,0.0
2016-09-28 00:00:00-05:00,1288.3485477178424,1292.2095354356848,1273.503364352697,1275.0469207012447,42.796680497925315,0.0
2016-09-29 00:00:00-05:00,1288.4398340248963,1292.2667970497926,1273.6232814688797,1275.1282489087137,42.57676348547718,0.0
2016-09-30 00:00:00-05:00,1288.5311203319502,1292.3240586639004,1273.7431985850621,1275.2095771161826,42.356846473029044,0.0
2016-10-01 00:00:00-05:00,1288.622406639004,1292.3813202780084,1273.8631157012449,1275.2909053236515,42.136929460580916,0.0
2016-10-02 00:00:00-05:00,1288.713692946058,1292.4385818921162,1273.9830328174273,1275.3722335311204,41.91701244813278,0.0
2016-10-03 00:00:00-05:00,1288.804979253112,1292.495843506224,1274.1029499336098,1275.453561738589,41.697095435684645,0.0
2016-10-04 00:00:00-05:00,1288.896265560166,1292.553105120332,1274.2228670497925,1275.534889946058,41.477178423236516,0.0
2016-10-05 00:00:00-05:00,1288.98755186722,1292.6103667344398,1274.342784165975,1275.616218153527,41.25726141078838,0.0
2016-10-06 00:00:00-05:00,1289.0788381742739,1292.6676283485476,1274.4627012821577,1275.6975463609958,41.03734439834025,0.0
2016-10-07 00:00:00-05:00,1289.1701244813278,1292.7248899626557,1274.5826183983402,1275.7788745684647,40.81742738589212,0.0
2016-10-08 00:00:00-05:00,1289.2614107883817,1292.7821515767635,1274.7025355145229,1275.8602027759337,40.59751037344398,0.0
2016-10-09 00:00:00-05:00,1289.3526970954356,1292.8394131908715,1274.8224526307054,1275.9415309834023,40.37759336099585,0.0
2016-10-10 00:00:00-05:00,1289.4439834024897,1292.8966748049793,1274.9423697468878,1276.0228591908713,40.15767634854772,0.0
2016-10-11 00:00:00-05:00,1289.5352697095436,1292.953936419087,1275.0622868630705,1276.1041873983402,39.93775933609959,0.0
2016-10-12 00:00:00-05:00,1289.6265560165975,1293.0111980331951,1275.182203979253,1276.185515605809,39.71784232365145,0.0
2016-10-13 00:00:00-05:00,1289.7178423236514,1293.068459647303,1275.3021210954357,1276.266843813278,39.49792531120332,0.0
2016-10-14 00:00:00-05:00,1289.8091286307053,1293.1257212614107,1275.4220382116182,1276.348172020747,39.27800829875519,0.0
2016-10-15 00:00:00-05:00,1289.9004149377593,1293.1829828755187,1275.5419553278007,1276.4295002282158,39.058091286307054,0.0
2016-10-16 00:00:00-05:00,1289.9917012448134,1293.2402444896265,1275.6618724439834,1276.5108284356845,38.838174273858925,0.0
2016-10-17 00:00:00-05:00,1290.0829875518673,1293.2975061037343,1275.7817895601659,1276.5921566431534,38.61825726141079,0.0
2016-10-18 00:00:00-05:00,1290.1742738589212,1293.3547677178424,1275.9017066763486,1276.6734848506223,38.398340248962654,0.0
2016-10-19 00:00:00-05:00,1290.265560165975,1293.4120293319502,1276.021623792531,1276.7548130580913,38.178423236514526,0.0
2016-10-20 00:00:00-05:00,1290.356846473029,1293.4692909460582,1276.1415409087138,1276.8361412655602,37.95850622406639,0.0
2016-10-21 00:00:00-05:00,1290.448132780083,1293.526552560166,1276.2614580248962,1276.917469473029,37.73858921161826,0.0
2016-10-22 00:00:00-05:00,1290.5394190871368,1293.5838141742738,1276.3813751410787,1276.9987976804978,37.518672199170126,0.0
2016-10-23 00:00:00-05:00,1290.630705394191,1293.6410757883818,1276.5012922572614,1277.0801258879667,37.29875518672199,0.0
2016-10-24 00:00:00-05:00,1290.7219917012449,1293.6983374024896,1276.621209373444,1277.1614540954356,37.07883817427386,0.0
2016-10-25 00:00:00-05:00,1290.8132780082988,1293.7555990165974,1276.7411264896266,1277.2427823029045,36.85892116182573,0.0
2016-10-26 00:00:00-05:00,1290.9045643153527,1293.8128606307055,1276.861043605809,1277.3241105103734,36.63900414937759,0.0
2016-10-27 00:00:00-05:00,1290.9958506224066,1293.8701222448133,1276.9809607219916,1277.4054387178423,36.41908713692946,0.0
2016-10-28 00:00:00-05:00,1291.0871369294605,1293.927383858921,1277.1008778381743,1277.4867669253113,36.19917012448133,0.0
2016-10-29 00:00:00-05:00,1291.1784232365146,1293.984645473029,1277.2207949543567,1277.56809513278,35.9792531120332,0.0
2016-10-30 00:00:00-05:00,1291.2697095435685,1294.041907087137,1277.3407120705394,1277.6494233402489,35.75933609958506,0.0
2016-10-31 00:00:00-05:00,1291.3609958506224,1294.0991687012447,1277.460629186722,1277.7307515477178,35.53941908713693,0.0
2016-11-01 00:00:00-05:00,1291.4522821576763,1294.1564303153527,1277.5805463029046,1277.8120797551867,35.3195020746888,0.0
2016-11-02 00:00:00-05:00,1291.5435684647302,1294.2136919294605,1277.700463419087,1277.8934079626556,35.09958506224066,0.0
2016-11-03 00:00:00-05:00,1291.6348547717841,1294.2709535435686,1277.8203805352696,1277.9747361701245,34.879668049792535,0.0
2016-11-04 00:00:00-05:00,1291.7261410788383,1294.3282151576764,1277.9402976514523,1278.0560643775932,34.6597510373444,0.0
2016-11-05 00:00:00-05:00,1291.8174273858922,1294.3854767717842,1278.0602147676348,1278.1373925850621,34.439834024896264,0.0
2016-11-06 00:00:00-05:00,1291.908713692946,1294.4427383858922,1278.1801318838175,1278.218720792531,34.219917012448136,0.0
2016-11-07 00:00:00-05:00,1292.0,1294.5,1278.300049,1278.300049,34.0,0.0
2016-11-08 00:00:00-05:00,1284.099976,1289.400024,1273.199951,1273.400024,50.0,0.0
2016-11-09 00:00:00-05:00,1272.199951,1318.599976,1270.0,1272.599976,108.0,0.0
2016-11-10 00:00:00-05:00,1274.400024,1287.5,1253.300049,1265.5,63.0,0.0
2016-11-11 00:00:00-05:00,1262.75003025,1273.0,1242.57504275,1254.4249877500001,101.25,0.0
2016-11-12 00:00:00-05:00,1251.1000365,1258.5,1231.8500365,1243.3499755,139.5,0.0
2016-11-13 00:00:00-05:00,1239.45004275,1244.0,1221.12503025,1232.27496325,177.75,0.0
2016-11-14 00:00:00-05:00,1227.800049,1229.5,1210.400024,1221.199951,216.0,0.0
2016-11-15 00:00:00-05:00,1224.300049,1226.0,1222.5,1224.0,20.0,0.0
2016-11-16 00:00:00-05:00,1229.300049,1229.300049,1223.0,1223.400024,66.0,0.0
2016-11-17 00:00:00-05:00,1224.599976,1225.0,1211.0,1216.5,1139.0,0.0
2016-11-18 00:00:00-05:00,1211.900024,1211.900024,1207.199951,1208.5,607.0,0.0
2016-11-19 00:00:00-05:00,1211.1333413333334,1211.1333413333334,1207.9999593333334,1208.8666586666666,411.0,0.0
2016-11-20 00:00:00-05:00,1210.3666586666666,1210.3666586666666,1208.7999676666666,1209.2333173333334,215.0,0.0
2016-11-21 00:00:00-05:00,1209.599976,1209.599976,1209.599976,1209.599976,19.0,0.0
2016-11-22 00:00:00-05:00,1210.400024,1211.099976,1207.599976,1211.0,19.0,0.0
2016-11-23 00:00:00-05:00,1212.800049,1213.800049,1186.800049,1189.099976,309.0,0.0
2016-11-24 00:00:00-05:00,1194.9000245,1201.550049,1181.9000245,1183.6499635,161.5,0.0
2016-11-25 00:00:00-05:00,1177.0,1189.300049,1177.0,1178.199951,14.0,0.0
2016-11-26 00:00:00-05:00,1180.6666666666667,1189.733358,1180.6666666666667,1182.3332926666667,76003.5,0.0
2016-11-27 00:00:00-05:00,1184.3333333333333,1190.166667,1184.3333333333333,1186.4666343333333,84396.0,0.0
2016-11-28 00:00:00-05:00,1188.0,1190.599976,1188.0,1190.599976,85824.8,0.0
2016-11-29 00:00:00-05:00,1193.199951,1194.800049,1179.400024,1187.900024,42124.0,0.0
2016-11-30 00:00:00-05:00,1187.099976,1193.300049,1167.900024,1170.800049,7158.0,0.0
2016-12-01 00:00:00-05:00,1172.699951,1174.599976,1160.0,1166.900024,1588.0,0.0
2016-12-02 00:00:00-05:00,1172.300049,1177.300049,1166.400024,1175.099976,1521.0,0.0
2016-12-03 00:00:00-05:00,1175.4667156666667,1180.4333496666666,1163.2666826666666,1174.7333173333334,1133.3333333333333,0.0
2016-12-04 00:00:00-05:00,1178.6333823333332,1183.5666503333334,1160.1333413333334,1174.3666586666666,745.6666666666666,0.0
2016-12-05 00:00:00-05:00,1181.800049,1186.699951,1157.0,1174.0,358.0,0.0
2016-12-06 00:00:00-05:00,1170.900024,1174.5,1167.099976,1167.599976,652.0,0.0
2016-12-07 00:00:00-05:00,1167.699951,1178.5,1166.400024,1175.0,182.0,0.0
2016-12-08 00:00:00-05:00,1173.800049,1177.800049,1169.099976,1169.800049,322.0,0.0
2016-12-09 00:00:00-05:00,1166.599976,1168.800049,1156.0,1159.400024,365.0,0.0
2016-12-10 00:00:00-05:00,1163.8333336666667,1167.1667073333333,1155.0,1160.7666826666666,353.6666666666667,0.0
2016-12-11 00:00:00-05:00,1161.0666913333332,1165.5333656666667,1154.0,1162.1333413333334,342.3333333333333,0.0
2016-12-12 00:00:00-05:00,1158.300049,1163.900024,1153.0,1163.5,331.0,0.0
2016-12-13 00:00:00-05:00,1163.5,1164.0,1155.400024,1156.699951,637.0,0.0
2016-12-14 00:00:00-05:00,1159.800049,1164.0,1142.0,1161.300049,487.0,0.0
2016-12-15 00:00:00-05:00,1139.800049,1143.300049,1123.900024,1127.800049,244.0,0.0
2016-12-16 00:00:00-05:00,1126.900024,1140.900024,1126.900024,1135.300049,146.0,0.0
2016-12-17 00:00:00-05:00,1131.0666906666668,1140.833333,1130.5666906666668,1137.033366,180.33333333333334,0.0
2016-12-18 00:00:00-05:00,1135.2333573333333,1140.766642,1134.2333573333333,1138.766683,214.66666666666669,0.0
2016-12-19 00:00:00-05:00,1139.400024,1140.699951,1137.900024,1140.5,249.0,0.0
2016-12-20 00:00:00-05:00,1133.5,1133.5,1126.5,1131.5,46.0,0.0
2016-12-21 00:00:00-05:00,1136.099976,1136.099976,1130.0,1131.099976,50.0,0.0
2016-12-22 00:00:00-05:00,1131.199951,1132.800049,1128.300049,1128.800049,104.0,0.0
2016-12-23 00:00:00-05:00,1130.900024,1132.800049,1130.300049,1131.900024,70.0,0.0
2016-12-24 00:00:00-05:00,1131.75003025,1135.1500245,1131.300049,1133.25003025,73.5,0.0
2016-12-25 00:00:00-05:00,1132.6000365,1137.5,1132.300049,1134.6000365,77.0,0.0
2016-12-26 00:00:00-05:00,1133.45004275,1139.8499755,1133.300049,1135.95004275,80.5,0.0
2016-12-27 00:00:00-05:00,1134.300049,1142.199951,1134.300049,1137.300049,84.0,0.0
2016-12-28 00:00:00-05:00,1141.199951,1141.199951,1138.0,1139.400024,1570.0,0.0
2016-12-29 00:00:00-05:00,1143.800049,1158.800049,1143.599976,1156.400024,950.0,0.0
2016-12-30 00:00:00-05:00,1162.0,1162.0,1150.0,1150.0,16.0,0.0
2016-12-31 00:00:00-05:00,1160.2999877500001,1161.7000122499999,1149.125,1152.6000060000001,25.0,0.0
2017-01-01 00:00:00-05:00,1158.5999755,1161.4000245,1148.25,1155.200012,34.0,0.0
2017-01-02 00:00:00-05:00,1156.89996325,1161.10003675,1147.375,1157.800018,43.0,0.0
2017-01-03 00:00:00-05:00,1155.199951,1160.800049,1146.5,1160.400024,52.0,0.0
2017-01-04 00:00:00-05:00,1156.300049,1165.0,1156.300049,1163.800049,36.0,0.0
2017-01-05 00:00:00-05:00,1172.0,1183.300049,1171.5,1179.699951,500.0,0.0
2017-01-06 00:00:00-05:00,1176.5,1176.5,1171.900024,1171.900024,16.0,0.0
2017-01-07 00:00:00-05:00,1175.6333413333334,1178.8666586666666,1172.2666826666666,1175.7666826666666,31.333333333333336,0.0
2017-01-08 00:00:00-05:00,1174.7666826666666,1181.2333173333334,1172.6333413333334,1179.6333413333334,46.66666666666667,0.0
2017-01-09 00:00:00-05:00,1173.900024,1183.599976,1173.0,1183.5,62.0,0.0
2017-01-10 00:00:00-05:00,1184.300049,1188.900024,1182.300049,1184.199951,8.0,0.0
2017-01-11 00:00:00-05:00,1187.5,1197.0,1176.5,1195.599976,20.0,0.0
2017-01-12 00:00:00-05:00,1192.699951,1204.300049,1192.300049,1198.900024,110.0,0.0
2017-01-13 00:00:00-05:00,1195.699951,1196.0,1187.699951,1195.300049,65.0,0.0
2017-01-14 00:00:00-05:00,1198.14996325,1200.6499939999999,1190.9749755,1199.47503675,68.5,0.0
2017-01-15 00:00:00-05:00,1200.5999755,1205.299988,1194.25,1203.6500245,72.0,0.0
2017-01-16 00:00:00-05:00,1203.0499877500001,1209.949982,1197.5250245,1207.8250122499999,75.5,0.0
2017-01-17 00:00:00-05:00,1205.5,1214.599976,1200.800049,1212.0,79.0,0.0
2017-01-18 00:00:00-05:00,1213.599976,1214.699951,1203.099976,1211.300049,114.0,0.0
2017-01-19 00:00:00-05:00,1200.5,1204.0,1195.800049,1200.900024,26.0,0.0
2017-01-20 00:00:00-05:00,1202.800049,1212.099976,1202.800049,1204.300049,38.0,0.0
2017-01-21 00:00:00-05:00,1205.8666993333334,1213.0666506666666,1205.2000326666666,1207.8666993333334,30.666666666666668,0.0
2017-01-22 00:00:00-05:00,1208.9333496666666,1214.0333253333333,1207.6000163333333,1211.4333496666666,23.333333333333336,0.0
2017-01-23 00:00:00-05:00,1212.0,1215.0,1210.0,1215.0,16.0,0.0
2017-01-24 00:00:00-05:00,1219.0,1219.0,1207.699951,1210.300049,24.0,0.0
2017-01-25 00:00:00-05:00,1202.0,1202.800049,1194.900024,1197.300049,403.0,0.0
2017-01-26 00:00:00-05:00,1199.699951,1199.699951,1185.599976,1189.5,19.0,0.0
2017-01-27 00:00:00-05:00,1187.900024,1188.300049,1187.900024,1188.099976,103925.8,0.0
2017-01-28 00:00:00-05:00,1189.1666663333333,1191.7000326666666,1187.6333413333334,1189.7999676666666,113945.8,0.0
2017-01-29 00:00:00-05:00,1190.4333086666668,1195.1000163333333,1187.3666586666666,1191.4999593333334,114584.4,0.0
2017-01-30 00:00:00-05:00,1191.699951,1198.5,1187.099976,1193.199951,50503.0,0.0
2017-01-31 00:00:00-05:00,1194.900024,1214.699951,1193.5,1208.599976,3212.0,0.0
2017-02-01 00:00:00-05:00,1211.900024,1211.900024,1197.900024,1205.599976,1145.0,0.0
2017-02-02 00:00:00-05:00,1209.699951,1224.199951,1208.900024,1216.699951,1512.0,0.0
2017-02-03 00:00:00-05:00,1214.900024,1220.599976,1206.199951,1218.5,865.0,0.0
2017-02-04 00:00:00-05:00,1217.2333573333333,1225.5333253333333,1210.2999673333334,1222.3333333333333,879.3333333333334,0.0
2017-02-05 00:00:00-05:00,1219.5666906666668,1230.4666746666667,1214.3999836666667,1226.1666666666667,893.6666666666666,0.0
2017-02-06 00:00:00-05:00,1221.900024,1235.400024,1218.5,1230.0,908.0,0.0
2017-02-07 00:00:00-05:00,1234.199951,1236.199951,1228.5,1234.199951,1177.0,0.0
2017-02-08 00:00:00-05:00,1232.099976,1243.900024,1231.0,1237.599976,288.0,0.0
2017-02-09 00:00:00-05:00,1239.400024,1243.5,1226.900024,1235.099976,885.0,0.0
2017-02-10 00:00:00-05:00,1227.599976,1234.400024,1221.5,1234.400024,391.0,0.0
2017-02-11 00:00:00-05:00,1228.5666506666666,1233.300008,1220.6666666666667,1231.0666906666668,393.3333333333333,0.0
2017-02-12 00:00:00-05:00,1229.5333253333333,1232.199992,1219.8333333333333,1227.7333573333333,395.6666666666667,0.0
2017-02-13 00:00:00-05:00,1230.5,1231.099976,1219.0,1224.400024,398.0,0.0
2017-02-14 00:00:00-05:00,1225.900024,1233.5,1222.099976,1223.900024,159.0,0.0
2017-02-15 00:00:00-05:00,1225.5,1231.699951,1217.300049,1231.699951,175.0,0.0
2017-02-16 00:00:00-05:00,1234.5,1240.699951,1233.199951,1240.0,87.0,0.0
2017-02-17 00:00:00-05:00,1240.699951,1241.199951,1234.800049,1237.599976,301.0,0.0
2017-02-18 00:00:00-05:00,1239.8499755,1240.27496325,1233.12503075,1237.574982,255.5,0.0
2017-02-19 00:00:00-05:00,1239.0,1239.3499755,1231.4500125,1237.549988,210.0,0.0
2017-02-20 00:00:00-05:00,1238.1500245,1238.4249877500001,1229.77499425,1237.5249939999999,164.5,0.0
2017-02-21 00:00:00-05:00,1237.300049,1237.5,1228.099976,1237.5,119.0,0.0
2017-02-22 00:00:00-05:00,1236.099976,1238.599976,1231.800049,1232.0,36.0,0.0
2017-02-23 00:00:00-05:00,1236.099976,1250.300049,1236.099976,1250.199951,112.0,0.0
2017-02-24 00:00:00-05:00,1250.0,1258.800049,1250.0,1256.900024,1264.0,0.0
2017-02-25 00:00:00-05:00,1251.5666503333334,1260.233358,1250.1333413333334,1257.0666906666668,1024.0,0.0
2017-02-26 00:00:00-05:00,1253.1333006666666,1261.666667,1250.2666826666666,1257.2333573333333,784.0,0.0
2017-02-27 00:00:00-05:00,1254.699951,1263.099976,1250.400024,1257.400024,544.0,0.0
2017-02-28 00:00:00-05:00,1253.599976,1257.300049,1247.199951,1252.599976,721.0,0.0
2017-03-01 00:00:00-05:00,1247.800049,1248.900024,1236.900024,1248.900024,138.0,0.0
2017-03-02 00:00:00-05:00,1247.199951,1247.599976,1230.699951,1231.900024,79.0,0.0
2017-03-03 00:00:00-05:00,1231.699951,1235.199951,1222.900024,1225.5,121.0,0.0
2017-03-04 00:00:00-05:00,1232.8666176666668,1235.199951,1223.4333493333334,1225.1666666666667,90.33333333333333,0.0
2017-03-05 00:00:00-05:00,1234.0332843333333,1235.199951,1223.9666746666667,1224.8333333333333,59.666666666666664,0.0
2017-03-06 00:00:00-05:00,1235.199951,1235.199951,1224.5,1224.5,29.0,0.0
2017-03-07 00:00:00-05:00,1224.300049,1225.400024,1213.699951,1215.099976,53.0,0.0
2017-03-08 00:00:00-05:00,1212.199951,1212.199951,1206.699951,1208.5,24.0,0.0
2017-03-09 00:00:00-05:00,1204.5,1205.599976,1202.300049,1202.400024,37.0,0.0
2017-03-10 00:00:00-05:00,1196.199951,1203.300049,1196.199951,1200.699951,3.0,0.0
2017-03-11 00:00:00-05:00,1196.5020258921163,1203.6203807468878,1196.5020258921163,1201.0265073195021,3.5186721991701244,0.0
2017-03-12 00:00:00-05:00,1196.8041007842323,1203.940712493776,1196.8041007842323,1201.3530636390042,4.037344398340249,0.0
2017-03-13 00:00:00-05:00,1197.1061756763486,1204.2610442406638,1197.1061756763486,1201.6796199585062,4.556016597510373,0.0
2017-03-14 00:00:00-05:00,1197.4082505684648,1204.5813759875518,1197.4082505684648,1202.0061762780083,5.074688796680498,0.0
2017-03-15 00:00:00-05:00,1197.7103254605809,1204.9017077344397,1197.7103254605809,1202.3327325975104,5.593360995850622,0.0
2017-03-16 00:00:00-05:00,1198.0124003526971,1205.2220394813278,1198.0124003526971,1202.6592889170124,6.112033195020747,0.0
2017-03-17 00:00:00-05:00,1198.3144752448134,1205.5423712282156,1198.3144752448134,1202.9858452365145,6.630705394190872,0.0
2017-03-18 00:00:00-05:00,1198.6165501369296,1205.8627029751037,1198.6165501369296,1203.3124015560165,7.149377593360996,0.0
2017-03-19 00:00:00-05:00,1198.9186250290456,1206.1830347219916,1198.9186250290456,1203.6389578755188,7.668049792531121,0.0
2017-03-20 00:00:00-05:00,1199.220699921162,1206.5033664688797,1199.220699921162,1203.965514195021,8.186721991701244,0.0
2017-03-21 00:00:00-05:00,1199.5227748132781,1206.8236982157675,1199.5227748132781,1204.292070514523,8.70539419087137,0.0
2017-03-22 00:00:00-05:00,1199.8248497053942,1207.1440299626556,1199.8248497053942,1204.618626834025,9.224066390041495,0.0
2017-03-23 00:00:00-05:00,1200.1269245975104,1207.4643617095435,1200.1269245975104,1204.945183153527,9.74273858921162,0.0
2017-03-24 00:00:00-05:00,1200.4289994896267,1207.7846934564316,1200.4289994896267,1205.2717394730291,10.261410788381744,0.0
2017-03-25 00:00:00-05:00,1200.7310743817427,1208.1050252033194,1200.7310743817427,1205.5982957925312,10.780082987551868,0.0
2017-03-26 00:00:00-05:00,1201.033149273859,1208.4253569502075,1201.033149273859,1205.9248521120332,11.298755186721992,0.0
2017-03-27 00:00:00-05:00,1201.3352241659752,1208.7456886970954,1201.3352241659752,1206.2514084315353,11.817427385892117,0.0
2017-03-28 00:00:00-05:00,1201.6372990580912,1209.0660204439835,1201.6372990580912,1206.5779647510374,12.336099585062241,0.0
2017-03-29 00:00:00-05:00,1201.9393739502075,1209.3863521908713,1201.9393739502075,1206.9045210705394,12.854771784232366,0.0
2017-03-30 00:00:00-05:00,1202.2414488423237,1209.7066839377592,1202.2414488423237,1207.2310773900415,13.37344398340249,0.0
2017-03-31 00:00:00-05:00,1202.54352373444,1210.0270156846473,1202.54352373444,1207.5576337095436,13.892116182572614,0.0
2017-04-01 00:00:00-05:00,1202.845598626556,1210.3473474315351,1202.845598626556,1207.8841900290456,14.410788381742739,0.0
2017-04-02 00:00:00-05:00,1203.1476735186723,1210.6676791784232,1203.1476735186723,1208.2107463485477,14.929460580912863,0.0
2017-04-03 00:00:00-05:00,1203.4497484107885,1210.988010925311,1203.4497484107885,1208.5373026680497,15.44813278008299,0.0
2017-04-04 00:00:00-05:00,1203.7518233029045,1211.3083426721992,1203.7518233029045,1208.863858987552,15.966804979253114,0.0
2017-04-05 00:00:00-05:00,1204.0538981950208,1211.628674419087,1204.0538981950208,1209.190415307054,16.48547717842324,0.0
2017-04-06 00:00:00-05:00,1204.355973087137,1211.949006165975,1204.355973087137,1209.5169716265561,17.004149377593365,0.0
2017-04-07 00:00:00-05:00,1204.658047979253,1212.269337912863,1204.658047979253,1209.8435279460582,17.522821576763487,0.0
2017-04-08 00:00:00-05:00,1204.9601228713693,1212.589669659751,1204.9601228713693,1210.1700842655603,18.04149377593361,0.0
2017-04-09 00:00:00-05:00,1205.2621977634856,1212.910001406639,1205.2621977634856,1210.4966405850623,18.560165975103736,0.0
2017-04-10 00:00:00-05:00,1205.5642726556016,1213.230333153527,1205.5642726556016,1210.8231969045644,19.07883817427386,0.0
2017-04-11 00:00:00-05:00,1205.8663475477179,1213.5506649004149,1205.8663475477179,1211.1497532240664,19.597510373443985,0.0
2017-04-12 00:00:00-05:00,1206.168422439834,1213.870996647303,1206.168422439834,1211.4763095435685,20.11618257261411,0.0
2017-04-13 00:00:00-05:00,1206.4704973319504,1214.1913283941908,1206.4704973319504,1211.8028658630706,20.634854771784234,0.0
2017-04-14 00:00:00-05:00,1206.7725722240664,1214.511660141079,1206.7725722240664,1212.1294221825726,21.15352697095436,0.0
2017-04-15 00:00:00-05:00,1207.0746471161826,1214.8319918879668,1207.0746471161826,1212.4559785020747,21.672199170124482,0.0
2017-04-16 00:00:00-05:00,1207.3767220082989,1215.1523236348548,1207.3767220082989,1212.7825348215767,22.19087136929461,0.0
2017-04-17 00:00:00-05:00,1207.678796900415,1215.4726553817427,1207.678796900415,1213.1090911410788,22.70954356846473,0.0
2017-04-18 00:00:00-05:00,1207.9808717925312,1215.7929871286306,1207.9808717925312,1213.4356474605809,23.228215767634858,0.0
2017-04-19 00:00:00-05:00,1208.2829466846474,1216.1133188755186,1208.2829466846474,1213.762203780083,23.74688796680498,0.0
2017-04-20 00:00:00-05:00,1208.5850215767634,1216.4336506224065,1208.5850215767634,1214.0887600995852,24.265560165975106,0.0
2017-04-21 00:00:00-05:00,1208.8870964688797,1216.7539823692946,1208.8870964688797,1214.4153164190873,24.78423236514523,0.0
2017-04-22 00:00:00-05:00,1209.189171360996,1217.0743141161824,1209.189171360996,1214.7418727385893,25.302904564315355,0.0
2017-04-23 00:00:00-05:00,1209.491246253112,1217.3946458630705,1209.491246253112,1215.0684290580914,25.821576763485478,0.0
2017-04-24 00:00:00-05:00,1209.7933211452282,1217.7149776099584,1209.7933211452282,1215.3949853775935,26.340248962655604,0.0
2017-04-25 00:00:00-05:00,1210.0953960373445,1218.0353093568465,1210.0953960373445,1215.7215416970955,26.858921161825727,0.0
2017-04-26 00:00:00-05:00,1210.3974709294607,1218.3556411037343,1210.3974709294607,1216.0480980165976,27.377593360995853,0.0
2017-04-27 00:00:00-05:00,1210.6995458215767,1218.6759728506224,1210.6995458215767,1216.3746543360996,27.89626556016598,0.0
2017-04-28 00:00:00-05:00,1211.001620713693,1218.9963045975103,1211.001620713693,1216.7012106556017,28.4149377593361,0.0
2017-04-29 00:00:00-05:00,1211.3036956058093,1219.3166363443984,1211.3036956058093,1217.0277669751038,28.933609958506228,0.0
2017-04-30 00:00:00-05:00,1211.6057704979253,1219.6369680912862,1211.6057704979253,1217.3543232946058,29.45228215767635,0.0
2017-05-01 00:00:00-05:00,1211.9078453900415,1219.9572998381743,1211.9078453900415,1217.6808796141079,29.970954356846477,0.0
2017-05-02 00:00:00-05:00,1212.2099202821578,1220.2776315850622,1212.2099202821578,1218.00743593361,30.4896265560166,0.0
2017-05-03 00:00:00-05:00,1212.5119951742738,1220.5979633319503,1212.5119951742738,1218.333992253112,31.008298755186726,0.0
2017-05-04 00:00:00-05:00,1212.81407006639,1220.9182950788381,1212.81407006639,1218.660548572614,31.526970954356848,0.0
2017-05-05 00:00:00-05:00,1213.1161449585063,1221.238626825726,1213.1161449585063,1218.9871048921161,32.045643153526974,0.0
2017-05-06 00:00:00-05:00,1213.4182198506223,1221.558958572614,1213.4182198506223,1219.3136612116184,32.56431535269709,0.0
2017-05-07 00:00:00-05:00,1213.7202947427386,1221.879290319502,1213.7202947427386,1219.6402175311205,33.08298755186722,0.0
2017-05-08 00:00:00-05:00,1214.0223696348548,1222.19962206639,1214.0223696348548,1219.9667738506225,33.601659751037346,0.0
2017-05-09 00:00:00-05:00,1214.324444526971,1222.5199538132779,1214.324444526971,1220.2933301701246,34.12033195020747,0.0
2017-05-10 00:00:00-05:00,1214.6265194190871,1222.840285560166,1214.6265194190871,1220.6198864896267,34.6390041493776,0.0
2017-05-11 00:00:00-05:00,1214.9285943112034,1223.1606173070538,1214.9285943112034,1220.9464428091287,35.15767634854772,0.0
2017-05-12 00:00:00-05:00,1215.2306692033196,1223.480949053942,1215.2306692033196,1221.2729991286308,35.67634854771784,0.0
2017-05-13 00:00:00-05:00,1215.5327440954356,1223.8012808008298,1215.5327440954356,1221.5995554481328,36.19502074688797,0.0
2017-05-14 00:00:00-05:00,1215.834818987552,1224.1216125477179,1215.834818987552,1221.926111767635,36.713692946058096,0.0
2017-05-15 00:00:00-05:00,1216.1368938796682,1224.4419442946057,1216.1368938796682,1222.252668087137,37.23236514522822,0.0
2017-05-16 00:00:00-05:00,1216.4389687717842,1224.7622760414938,1216.4389687717842,1222.579224406639,37.75103734439834,0.0
2017-05-17 00:00:00-05:00,1216.7410436639004,1225.0826077883817,1216.7410436639004,1222.905780726141,38.26970954356847,0.0
2017-05-18 00:00:00-05:00,1217.0431185560167,1225.4029395352698,1217.0431185560167,1223.2323370456431,38.78838174273859,0.0
2017-05-19 00:00:00-05:00,1217.3451934481327,1225.7232712821576,1217.3451934481327,1223.5588933651452,39.30705394190872,0.0
2017-05-20 00:00:00-05:00,1217.647268340249,1226.0436030290457,1217.647268340249,1223.8854496846473,39.82572614107884,0.0
2017-05-21 00:00:00-05:00,1217.9493432323652,1226.3639347759336,1217.9493432323652,1224.2120060041493,40.344398340248965,0.0
2017-05-22 00:00:00-05:00,1218.2514181244815,1226.6842665228216,1218.2514181244815,1224.5385623236516,40.86307053941909,0.0
2017-05-23 00:00:00-05:00,1218.5534930165975,1227.0045982697095,1218.5534930165975,1224.8651186431537,41.38174273858922,0.0
2017-05-24 00:00:00-05:00,1218.8555679087137,1227.3249300165974,1218.8555679087137,1225.1916749626557,41.90041493775934,0.0
2017-05-25 00:00:00-05:00,1219.15764280083,1227.6452617634855,1219.15764280083,1225.5182312821578,42.41908713692946,0.0
2017-05-26 00:00:00-05:00,1219.459717692946,1227.9655935103733,1219.459717692946,1225.8447876016598,42.93775933609959,0.0
2017-05-27 00:00:00-05:00,1219.7617925850623,1228.2859252572614,1219.7617925850623,1226.171343921162,43.456431535269715,0.0
2017-05-28 00:00:00-05:00,1220.0638674771785,1228.6062570041493,1220.0638674771785,1226.497900240664,43.975103734439834,0.0
2017-05-29 00:00:00-05:00,1220.3659423692945,1228.9265887510373,1220.3659423692945,1226.824456560166,44.49377593360996,0.0
2017-05-30 00:00:00-05:00,1220.6680172614108,1229.2469204979252,1220.6680172614108,1227.151012879668,45.01244813278009,0.0
2017-05-31 00:00:00-05:00,1220.970092153527,1229.5672522448133,1220.970092153527,1227.4775691991701,45.53112033195021,0.0
2017-06-01 00:00:00-05:00,1221.2721670456433,1229.8875839917011,1221.2721670456433,1227.8041255186722,46.04979253112034,0.0
2017-06-02 00:00:00-05:00,1221.5742419377593,1230.2079157385892,1221.5742419377593,1228.1306818381743,46.56846473029046,0.0
2017-06-03 00:00:00-05:00,1221.8763168298756,1230.528247485477,1221.8763168298756,1228.4572381576763,47.087136929460584,0.0
2017-06-04 00:00:00-05:00,1222.1783917219918,1230.8485792323652,1222.1783917219918,1228.7837944771784,47.60580912863071,0.0
2017-06-05 00:00:00-05:00,1222.4804666141079,1231.168910979253,1222.4804666141079,1229.1103507966805,48.12448132780084,0.0
2017-06-06 00:00:00-05:00,1222.782541506224,1231.4892427261411,1222.782541506224,1229.4369071161825,48.643153526970956,0.0
2017-06-07 00:00:00-05:00,1223.0846163983404,1231.809574473029,1223.0846163983404,1229.7634634356848,49.16182572614108,0.0
2017-06-08 00:00:00-05:00,1223.3866912904564,1232.129906219917,1223.3866912904564,1230.0900197551869,49.68049792531121,0.0
2017-06-09 00:00:00-05:00,1223.6887661825726,1232.450237966805,1223.6887661825726,1230.416576074689,50.199170124481334,0.0
2017-06-10 00:00:00-05:00,1223.990841074689,1232.770569713693,1223.990841074689,1230.743132394191,50.71784232365145,0.0
2017-06-11 00:00:00-05:00,1224.292915966805,1233.0909014605809,1224.292915966805,1231.069688713693,51.23651452282158,0.0
2017-06-12 00:00:00-05:00,1224.5949908589212,1233.4112332074687,1224.5949908589212,1231.396245033195,51.755186721991706,0.0
2017-06-13 00:00:00-05:00,1224.8970657510374,1233.7315649543568,1224.8970657510374,1231.7228013526972,52.27385892116183,0.0
2017-06-14 00:00:00-05:00,1225.1991406431537,1234.0518967012447,1225.1991406431537,1232.0493576721992,52.79253112033196,0.0
2017-06-15 00:00:00-05:00,1225.5012155352697,1234.3722284481328,1225.5012155352697,1232.3759139917013,53.31120331950208,0.0
2017-06-16 00:00:00-05:00,1225.803290427386,1234.6925601950206,1225.803290427386,1232.7024703112033,53.8298755186722,0.0
2017-06-17 00:00:00-05:00,1226.1053653195022,1235.0128919419087,1226.1053653195022,1233.0290266307054,54.34854771784233,0.0
2017-06-18 00:00:00-05:00,1226.4074402116182,1235.3332236887966,1226.4074402116182,1233.3555829502075,54.867219917012456,0.0
2017-06-19 00:00:00-05:00,1226.7095151037345,1235.6535554356847,1226.7095151037345,1233.6821392697095,55.385892116182575,0.0
2017-06-20 00:00:00-05:00,1227.0115899958507,1235.9738871825725,1227.0115899958507,1234.0086955892116,55.9045643153527,0.0
2017-06-21 00:00:00-05:00,1227.3136648879668,1236.2942189294606,1227.3136648879668,1234.3352519087136,56.42323651452283,0.0
2017-06-22 00:00:00-05:00,1227.615739780083,1236.6145506763485,1227.615739780083,1234.6618082282157,56.94190871369295,0.0
2017-06-23 00:00:00-05:00,1227.9178146721993,1236.9348824232366,1227.9178146721993,1234.988364547718,57.46058091286307,0.0
2017-06-24 00:00:00-05:00,1228.2198895643153,1237.2552141701244,1228.2198895643153,1235.31492086722,57.9792531120332,0.0
2017-06-25 00:00:00-05:00,1228.5219644564315,1237.5755459170125,1228.5219644564315,1235.641477186722,58.497925311203325,0.0
2017-06-26 00:00:00-05:00,1228.8240393485478,1237.8958776639004,1228.8240393485478,1235.9680335062242,59.01659751037345,0.0
2017-06-27 00:00:00-05:00,1229.126114240664,1238.2162094107885,1229.126114240664,1236.2945898257262,59.53526970954357,0.0
2017-06-28 00:00:00-05:00,1229.42818913278,1238.5365411576763,1229.42818913278,1236.6211461452283,60.053941908713696,0.0
2017-06-29 00:00:00-05:00,1229.7302640248963,1238.8568729045644,1229.7302640248963,1236.9477024647304,60.57261410788382,0.0
2017-06-30 00:00:00-05:00,1230.0323389170126,1239.1772046514523,1230.0323389170126,1237.2742587842324,61.09128630705395,0.0
2017-07-01 00:00:00-05:00,1230.3344138091286,1239.4975363983401,1230.3344138091286,1237.6008151037345,61.609958506224075,0.0
2017-07-02 00:00:00-05:00,1230.6364887012448,1239.8178681452282,1230.6364887012448,1237.9273714232365,62.128630705394194,0.0
2017-07-03 00:00:00-05:00,1230.938563593361,1240.138199892116,1230.938563593361,1238.2539277427386,62.64730290456432,0.0
2017-07-04 00:00:00-05:00,1231.2406384854771,1240.4585316390041,1231.2406384854771,1238.5804840622407,63.165975103734446,0.0
2017-07-05 00:00:00-05:00,1231.5427133775934,1240.778863385892,1231.5427133775934,1238.9070403817427,63.68464730290457,0.0
2017-07-06 00:00:00-05:00,1231.8447882697096,1241.09919513278,1231.8447882697096,1239.2335967012448,64.20331950207469,0.0
2017-07-07 00:00:00-05:00,1232.1468631618256,1241.419526879668,1232.1468631618256,1239.5601530207468,64.72199170124482,0.0
2017-07-08 00:00:00-05:00,1232.448938053942,1241.739858626556,1232.448938053942,1239.886709340249,65.24066390041494,0.0
2017-07-09 00:00:00-05:00,1232.7510129460582,1242.060190373444,1232.7510129460582,1240.2132656597512,65.75933609958507,0.0
2017-07-10 00:00:00-05:00,1233.0530878381744,1242.380522120332,1233.0530878381744,1240.5398219792532,66.2780082987552,0.0
2017-07-11 00:00:00-05:00,1233.3551627302904,1242.7008538672198,1233.3551627302904,1240.8663782987553,66.79668049792531,0.0
2017-07-12 00:00:00-05:00,1233.6572376224067,1243.021185614108,1233.6572376224067,1241.1929346182574,67.31535269709543,0.0
2017-07-13 00:00:00-05:00,1233.959312514523,1243.3415173609958,1233.959312514523,1241.5194909377594,67.83402489626556,0.0
2017-07-14 00:00:00-05:00,1234.261387406639,1243.6618491078839,1234.261387406639,1241.8460472572615,68.35269709543569,0.0
2017-07-15 00:00:00-05:00,1234.5634622987552,1243.9821808547717,1234.5634622987552,1242.1726035767635,68.87136929460581,0.0
2017-07-16 00:00:00-05:00,1234.8655371908715,1244.3025126016598,1234.8655371908715,1242.4991598962656,69.39004149377594,0.0
2017-07-17 00:00:00-05:00,1235.1676120829875,1244.6228443485477,1235.1676120829875,1242.8257162157677,69.90871369294607,0.0
2017-07-18 00:00:00-05:00,1235.4696869751037,1244.9431760954358,1235.4696869751037,1243.1522725352697,70.42738589211619,0.0
2017-07-19 00:00:00-05:00,1235.77176186722,1245.2635078423236,1235.77176186722,1243.4788288547718,70.94605809128632,0.0
2017-07-20 00:00:00-05:00,1236.073836759336,1245.5838395892115,1236.073836759336,1243.8053851742739,71.46473029045644,0.0
2017-07-21 00:00:00-05:00,1236.3759116514523,1245.9041713360996,1236.3759116514523,1244.131941493776,71.98340248962656,0.0
2017-07-22 00:00:00-05:00,1236.6779865435685,1246.2245030829874,1236.6779865435685,1244.458497813278,72.50207468879668,0.0
2017-07-23 00:00:00-05:00,1236.9800614356848,1246.5448348298755,1236.9800614356848,1244.78505413278,73.02074688796681,0.0
2017-07-24 00:00:00-05:00,1237.2821363278008,1246.8651665767634,1237.2821363278008,1245.111610452282,73.53941908713693,0.0
2017-07-25 00:00:00-05:00,1237.584211219917,1247.1854983236515,1237.584211219917,1245.4381667717844,74.05809128630706,0.0
2017-07-26 00:00:00-05:00,1237.8862861120333,1247.5058300705393,1237.8862861120333,1245.7647230912864,74.57676348547719,0.0
2017-07-27 00:00:00-05:00,1238.1883610041493,1247.8261618174274,1238.1883610041493,1246.0912794107885,75.09543568464731,0.0
2017-07-28 00:00:00-05:00,1238.4904358962656,1248.1464935643153,1238.4904358962656,1246.4178357302906,75.61410788381744,0.0
2017-07-29 00:00:00-05:00,1238.7925107883818,1248.4668253112034,1238.7925107883818,1246.7443920497926,76.13278008298755,0.0
2017-07-30 00:00:00-05:00,1239.0945856804979,1248.7871570580912,1239.0945856804979,1247.0709483692947,76.65145228215768,0.0
2017-07-31 00:00:00-05:00,1239.396660572614,1249.1074888049793,1239.396660572614,1247.3975046887967,77.1701244813278,0.0
2017-08-01 00:00:00-05:00,1239.6987354647304,1249.4278205518672,1239.6987354647304,1247.7240610082988,77.68879668049793,0.0
2017-08-02 00:00:00-05:00,1240.0008103568464,1249.7481522987553,1240.0008103568464,1248.0506173278009,78.20746887966806,0.0
2017-08-03 00:00:00-05:00,1240.3028852489626,1250.0684840456431,1240.3028852489626,1248.377173647303,78.72614107883818,0.0
2017-08-04 00:00:00-05:00,1240.604960141079,1250.3888157925312,1240.604960141079,1248.703729966805,79.24481327800831,0.0
2017-08-05 00:00:00-05:00,1240.9070350331951,1250.709147539419,1240.9070350331951,1249.030286286307,79.76348547717843,0.0
2017-08-06 00:00:00-05:00,1241.2091099253112,1251.029479286307,1241.2091099253112,1249.356842605809,80.28215767634856,0.0
2017-08-07 00:00:00-05:00,1241.5111848174274,1251.349811033195,1241.5111848174274,1249.6833989253112,80.80082987551867,0.0
2017-08-08 00:00:00-05:00,1241.8132597095437,1251.6701427800829,1241.8132597095437,1250.0099552448132,81.3195020746888,0.0
2017-08-09 00:00:00-05:00,1242.1153346016597,1251.990474526971,1242.1153346016597,1250.3365115643153,81.83817427385893,0.0
2017-08-10 00:00:00-05:00,1242.417409493776,1252.3108062738588,1242.417409493776,1250.6630678838176,82.35684647302905,0.0
2017-08-11 00:00:00-05:00,1242.7194843858922,1252.631138020747,1242.7194843858922,1250.9896242033196,82.87551867219918,0.0
2017-08-12 00:00:00-05:00,1243.0215592780082,1252.9514697676348,1243.0215592780082,1251.3161805228217,83.3941908713693,0.0
2017-08-13 00:00:00-05:00,1243.3236341701245,1253.2718015145228,1243.3236341701245,1251.6427368423238,83.91286307053943,0.0
2017-08-14 00:00:00-05:00,1243.6257090622407,1253.5921332614107,1243.6257090622407,1251.9692931618258,84.43153526970956,0.0
2017-08-15 00:00:00-05:00,1243.9277839543568,1253.9124650082988,1243.9277839543568,1252.2958494813279,84.95020746887967,0.0
2017-08-16 00:00:00-05:00,1244.229858846473,1254.2327967551867,1244.229858846473,1252.62240580083,85.4688796680498,0.0
2017-08-17 00:00:00-05:00,1244.5319337385893,1254.5531285020747,1244.5319337385893,1252.948962120332,85.98755186721992,0.0
2017-08-18 00:00:00-05:00,1244.8340086307055,1254.8734602489626,1244.8340086307055,1253.275518439834,86.50622406639005,0.0
2017-08-19 00:00:00-05:00,1245.1360835228215,1255.1937919958507,1245.1360835228215,1253.6020747593361,87.02489626556017,0.0
2017-08-20 00:00:00-05:00,1245.4381584149378,1255.5141237427385,1245.4381584149378,1253.9286310788382,87.5435684647303,0.0
2017-08-21 00:00:00-05:00,1245.740233307054,1255.8344554896266,1245.740233307054,1254.2551873983402,88.06224066390043,0.0
2017-08-22 00:00:00-05:00,1246.04230819917,1256.1547872365145,1246.04230819917,1254.5817437178423,88.58091286307055,0.0
2017-08-23 00:00:00-05:00,1246.3443830912863,1256.4751189834026,1246.3443830912863,1254.9083000373444,89.09958506224068,0.0
2017-08-24 00:00:00-05:00,1246.6464579834026,1256.7954507302904,1246.6464579834026,1255.2348563568464,89.61825726141079,0.0
2017-08-25 00:00:00-05:00,1246.9485328755186,1257.1157824771785,1246.9485328755186,1255.5614126763485,90.13692946058092,0.0
2017-08-26 00:00:00-05:00,1247.2506077676348,1257.4361142240664,1247.2506077676348,1255.8879689958508,90.65560165975104,0.0
2017-08-27 00:00:00-05:00,1247.552682659751,1257.7564459709542,1247.552682659751,1256.2145253153528,91.17427385892117,0.0
2017-08-28 00:00:00-05:00,1247.8547575518671,1258.0767777178423,1247.8547575518671,1256.541081634855,91.6929460580913,0.0
2017-08-29 00:00:00-05:00,1248.1568324439834,1258.3971094647302,1248.1568324439834,1256.867637954357,92.21161825726142,0.0
2017-08-30 00:00:00-05:00,1248.4589073360996,1258.7174412116183,1248.4589073360996,1257.194194273859,92.73029045643155,0.0
2017-08-31 00:00:00-05:00,1248.7609822282159,1259.0377729585061,1248.7609822282159,1257.520750593361,93.24896265560167,0.0
2017-09-01 00:00:00-05:00,1249.063057120332,1259.3581047053942,1249.063057120332,1257.8473069128631,93.76763485477179,0.0
2017-09-02 00:00:00-05:00,1249.3651320124482,1259.678436452282,1249.3651320124482,1258.1738632323652,94.28630705394191,0.0
2017-09-03 00:00:00-05:00,1249.6672069045644,1259.9987681991702,1249.6672069045644,1258.5004195518673,94.80497925311204,0.0
2017-09-04 00:00:00-05:00,1249.9692817966804,1260.319099946058,1249.9692817966804,1258.8269758713693,95.32365145228216,0.0
2017-09-05 00:00:00-05:00,1250.2713566887967,1260.6394316929461,1250.2713566887967,1259.1535321908714,95.84232365145229,0.0
2017-09-06 00:00:00-05:00,1250.573431580913,1260.959763439834,1250.573431580913,1259.4800885103734,96.36099585062242,0.0
2017-09-07 00:00:00-05:00,1250.875506473029,1261.280095186722,1250.875506473029,1259.8066448298755,96.87966804979254,0.0
2017-09-08 00:00:00-05:00,1251.1775813651452,1261.60042693361,1251.1775813651452,1260.1332011493776,97.39834024896267,0.0
2017-09-09 00:00:00-05:00,1251.4796562572615,1261.920758680498,1251.4796562572615,1260.4597574688796,97.9170124481328,0.0
2017-09-10 00:00:00-05:00,1251.7817311493777,1262.2410904273859,1251.7817311493777,1260.7863137883817,98.4356846473029,0.0
2017-09-11 00:00:00-05:00,1252.0838060414937,1262.561422174274,1252.0838060414937,1261.112870107884,98.95435684647303,0.0
2017-09-12 00:00:00-05:00,1252.38588093361,1262.8817539211618,1252.38588093361,1261.439426427386,99.47302904564316,0.0
2017-09-13 00:00:00-05:00,1252.6879558257262,1263.2020856680497,1252.6879558257262,1261.765982746888,99.99170124481329,0.0
2017-09-14 00:00:00-05:00,1252.9900307178423,1263.5224174149378,1252.9900307178423,1262.0925390663901,100.51037344398341,0.0
2017-09-15 00:00:00-05:00,1253.2921056099585,1263.8427491618256,1253.2921056099585,1262.4190953858922,101.02904564315354,0.0
2017-09-16 00:00:00-05:00,1253.5941805020748,1264.1630809087137,1253.5941805020748,1262.7456517053943,101.54771784232366,0.0
2017-09-17 00:00:00-05:00,1253.8962553941908,1264.4834126556016,1253.8962553941908,1263.0722080248963,102.06639004149379,0.0
2017-09-18 00:00:00-05:00,1254.198330286307,1264.8037444024897,1254.198330286307,1263.3987643443984,102.58506224066392,0.0
2017-09-19 00:00:00-05:00,1254.5004051784233,1265.1240761493775,1254.5004051784233,1263.7253206639004,103.10373443983403,0.0
2017-09-20 00:00:00-05:00,1254.8024800705393,1265.4444078962656,1254.8024800705393,1264.0518769834025,103.62240663900415,0.0
2017-09-21 00:00:00-05:00,1255.1045549626556,1265.7647396431535,1255.1045549626556,1264.3784333029046,104.14107883817428,0.0
2017-09-22 00:00:00-05:00,1255.4066298547718,1266.0850713900415,1255.4066298547718,1264.7049896224066,104.6597510373444,0.0
2017-09-23 00:00:00-05:00,1255.708704746888,1266.4054031369294,1255.708704746888,1265.0315459419087,105.17842323651453,0.0
2017-09-24 00:00:00-05:00,1256.010779639004,1266.7257348838175,1256.010779639004,1265.3581022614107,105.69709543568466,0.0
2017-09-25 00:00:00-05:00,1256.3128545311204,1267.0460666307054,1256.3128545311204,1265.6846585809128,106.21576763485479,0.0
2017-09-26 00:00:00-05:00,1256.6149294232366,1267.3663983775934,1256.6149294232366,1266.0112149004149,106.73443983402491,0.0
2017-09-27 00:00:00-05:00,1256.9170043153526,1267.6867301244813,1256.9170043153526,1266.3377712199172,107.25311203319502,0.0
2017-09-28 00:00:00-05:00,1257.219079207469,1268.0070618713694,1257.219079207469,1266.6643275394192,107.77178423236515,0.0
2017-09-29 00:00:00-05:00,1257.5211540995851,1268.3273936182572,1257.5211540995851,1266.9908838589213,108.29045643153528,0.0
2017-09-30 00:00:00-05:00,1257.8232289917012,1268.647725365145,1257.8232289917012,1267.3174401784233,108.8091286307054,0.0
2017-10-01 00:00:00-05:00,1258.1253038838174,1268.9680571120332,1258.1253038838174,1267.6439964979254,109.32780082987553,0.0
2017-10-02 00:00:00-05:00,1258.4273787759337,1269.288388858921,1258.4273787759337,1267.9705528174275,109.84647302904565,0.0
2017-10-03 00:00:00-05:00,1258.7294536680497,1269.6087206058091,1258.7294536680497,1268.2971091369295,110.36514522821578,0.0
2017-10-04 00:00:00-05:00,1259.031528560166,1269.929052352697,1259.031528560166,1268.6236654564316,110.8838174273859,0.0
2017-10-05 00:00:00-05:00,1259.3336034522822,1270.249384099585,1259.3336034522822,1268.9502217759336,111.40248962655603,0.0
2017-10-06 00:00:00-05:00,1259.6356783443985,1270.569715846473,1259.6356783443985,1269.2767780954357,111.92116182572614,0.0
2017-10-07 00:00:00-05:00,1259.9377532365145,1270.890047593361,1259.9377532365145,1269.6033344149378,112.43983402489627,0.0
2017-10-08 00:00:00-05:00,1260.2398281286307,1271.210379340249,1260.2398281286307,1269.9298907344398,112.9585062240664,0.0
2017-10-09 00:00:00-05:00,1260.541903020747,1271.530711087137,1260.541903020747,1270.2564470539419,113.47717842323652,0.0
2017-10-10 00:00:00-05:00,1260.843977912863,1271.8510428340248,1260.843977912863,1270.583003373444,113.99585062240665,0.0
2017-10-11 00:00:00-05:00,1261.1460528049793,1272.171374580913,1261.1460528049793,1270.909559692946,114.51452282157678,0.0
2017-10-12 00:00:00-05:00,1261.4481276970955,1272.4917063278008,1261.4481276970955,1271.236116012448,115.0331950207469,0.0
2017-10-13 00:00:00-05:00,1261.7502025892115,1272.8120380746889,1261.7502025892115,1271.5626723319501,115.55186721991703,0.0
2017-10-14 00:00:00-05:00,1262.0522774813278,1273.1323698215767,1262.0522774813278,1271.8892286514524,116.07053941908714,0.0
2017-10-15 00:00:00-05:00,1262.354352373444,1273.4527015684648,1262.354352373444,1272.2157849709545,116.58921161825727,0.0
2017-10-16 00:00:00-05:00,1262.65642726556,1273.7730333153527,1262.65642726556,1272.5423412904565,117.10788381742739,0.0
2017-10-17 00:00:00-05:00,1262.9585021576763,1274.0933650622408,1262.9585021576763,1272.8688976099586,117.62655601659752,0.0
2017-10-18 00:00:00-05:00,1263.2605770497926,1274.4136968091286,1263.2605770497926,1273.1954539294607,118.14522821576764,0.0
2017-10-19 00:00:00-05:00,1263.5626519419088,1274.7340285560167,1263.5626519419088,1273.5220102489627,118.66390041493777,0.0
2017-10-20 00:00:00-05:00,1263.8647268340249,1275.0543603029046,1263.8647268340249,1273.8485665684648,119.1825726141079,0.0
2017-10-21 00:00:00-05:00,1264.166801726141,1275.3746920497924,1264.166801726141,1274.1751228879668,119.70124481327802,0.0
2017-10-22 00:00:00-05:00,1264.4688766182574,1275.6950237966805,1264.4688766182574,1274.501679207469,120.21991701244815,0.0
2017-10-23 00:00:00-05:00,1264.7709515103734,1276.0153555435684,1264.7709515103734,1274.828235526971,120.73858921161826,0.0
2017-10-24 00:00:00-05:00,1265.0730264024896,1276.3356872904565,1265.0730264024896,1275.154791846473,121.25726141078839,0.0
2017-10-25 00:00:00-05:00,1265.3751012946059,1276.6560190373443,1265.3751012946059,1275.481348165975,121.77593360995851,0.0
2017-10-26 00:00:00-05:00,1265.677176186722,1276.9763507842324,1265.677176186722,1275.8079044854771,122.29460580912864,0.0
2017-10-27 00:00:00-05:00,1265.9792510788382,1277.2966825311203,1265.9792510788382,1276.1344608049792,122.81327800829877,0.0
2017-10-28 00:00:00-05:00,1266.2813259709544,1277.6170142780084,1266.2813259709544,1276.4610171244813,123.33195020746889,0.0
2017-10-29 00:00:00-05:00,1266.5834008630704,1277.9373460248962,1266.5834008630704,1276.7875734439835,123.85062240663902,0.0
2017-10-30 00:00:00-05:00,1266.8854757551867,1278.2576777717843,1266.8854757551867,1277.1141297634856,124.36929460580915,0.0
2017-10-31 00:00:00-05:00,1267.187550647303,1278.5780095186722,1267.187550647303,1277.4406860829877,124.88796680497926,0.0
2017-11-01 00:00:00-05:00,1267.4896255394192,1278.8983412655602,1267.4896255394192,1277.7672424024897,125.40663900414938,0.0
2017-11-02 00:00:00-05:00,1267.7917004315352,1279.218673012448,1267.7917004315352,1278.0937987219918,125.92531120331951,0.0
2017-11-03 00:00:00-05:00,1268.0937753236515,1279.5390047593362,1268.0937753236515,1278.4203550414938,126.44398340248964,0.0
2017-11-04 00:00:00-05:00,1268.3958502157677,1279.859336506224,1268.3958502157677,1278.746911360996,126.96265560165976,0.0
2017-11-05 00:00:00-05:00,1268.6979251078837,1280.1796682531121,1268.6979251078837,1279.073467680498,127.48132780082989,0.0
2017-11-06 00:00:00-05:00,1269.0,1280.5,1269.0,1279.400024,128.0,0.0
2017-11-07 00:00:00-05:00,1276.800049,1276.800049,1270.400024,1273.699951,11.0,0.0
2017-11-08 00:00:00-05:00,1275.900024,1284.900024,1274.699951,1281.599976,15.0,0.0
2017-11-09 00:00:00-05:00,1279.699951,1286.900024,1279.699951,1285.599976,18.0,0.0
2017-11-10 00:00:00-05:00,1283.5,1283.5,1272.400024,1272.400024,10.0,0.0
2017-11-11 00:00:00-05:00,1281.4333496666666,1281.4333496666666,1273.9333493333334,1274.0333656666667,7.666666666666666,0.0
2017-11-12 00:00:00-05:00,1279.3666993333334,1279.3666993333334,1275.4666746666667,1275.6667073333333,5.333333333333333,0.0
2017-11-13 00:00:00-05:00,1277.300049,1277.300049,1277.0,1277.300049,3.0,0.0
2017-11-14 00:00:00-05:00,1276.900024,1281.5,1276.900024,1281.5,4.0,0.0
2017-11-15 00:00:00-05:00,1281.400024,1284.699951,1275.900024,1276.5,13.0,0.0
2017-11-16 00:00:00-05:00,1277.5,1277.5,1277.400024,1277.400024,43.0,0.0
2017-11-17 00:00:00-05:00,1288.300049,1295.800049,1288.300049,1295.800049,1.0,0.0
2017-11-18 00:00:00-05:00,1283.733358,1289.1667073333333,1283.733358,1288.733358,1.0,0.0
2017-11-19 00:00:00-05:00,1279.166667,1282.5333656666667,1279.166667,1281.666667,1.0,0.0
2017-11-20 00:00:00-05:00,1274.599976,1275.900024,1274.599976,1274.599976,1.0,0.0
2017-11-21 00:00:00-05:00,1281.099976,1281.099976,1281.099976,1281.099976,4.0,0.0
2017-11-22 00:00:00-05:00,1284.699951,1291.599976,1282.900024,1291.599976,4.0,0.0
2017-11-23 00:00:00-05:00,1285.699951,1289.1499635,1284.7999875,1289.1499635,2.0,0.0
2017-11-24 00:00:00-05:00,1286.699951,1286.699951,1286.699951,1286.699951,0.0,0.0
2017-11-25 00:00:00-05:00,1289.0666503333334,1289.0666503333334,1289.0666503333334,1289.0666503333334,0.3333333333333333,0.0
2017-11-26 00:00:00-05:00,1291.4333496666666,1291.4333496666666,1291.4333496666666,1291.4333496666666,0.6666666666666666,0.0
2017-11-27 00:00:00-05:00,1293.800049,1293.800049,1293.800049,1293.800049,1.0,0.0
2017-11-28 00:00:00-05:00,1294.699951,1294.699951,1294.699951,1294.699951,65147.333333333336,0.0
2017-11-29 00:00:00-05:00,1293.400024,1296.199951,1281.099976,1282.099976,47244.0,0.0
2017-11-30 00:00:00-05:00,1283.099976,1284.5,1269.699951,1273.199951,3049.0,0.0
2017-12-01 00:00:00-05:00,1274.099976,1288.599976,1271.0,1278.800049,823.0,0.0
2017-12-02 00:00:00-05:00,1273.5666506666666,1284.4333093333332,1270.766683,1277.300049,832.0,0.0
2017-12-03 00:00:00-05:00,1273.0333253333333,1280.2666426666667,1270.533366,1275.800049,841.0,0.0
2017-12-04 00:00:00-05:00,1272.5,1276.099976,1270.300049,1274.300049,850.0,0.0
2017-12-05 00:00:00-05:00,1275.400024,1275.800049,1260.0,1261.599976,1499.0,0.0
2017-12-06 00:00:00-05:00,1264.900024,1267.800049,1261.599976,1262.800049,373.0,0.0
2017-12-07 00:00:00-05:00,1262.300049,1262.400024,1243.900024,1249.800049,358.0,0.0
2017-12-08 00:00:00-05:00,1246.300049,1249.300049,1241.5,1245.199951,157.0,0.0
2017-12-09 00:00:00-05:00,1247.0000406666666,1249.266683,1240.9666746666667,1244.699951,153.33333333333334,0.0
2017-12-10 00:00:00-05:00,1247.7000323333334,1249.233317,1240.4333493333334,1244.199951,149.66666666666666,0.0
2017-12-11 00:00:00-05:00,1248.400024,1249.199951,1239.900024,1243.699951,146.0,0.0
2017-12-12 00:00:00-05:00,1241.300049,1244.400024,1236.5,1238.5,692.0,0.0
2017-12-13 00:00:00-05:00,1241.900024,1254.5,1239.800049,1245.400024,349.0,0.0
2017-12-14 00:00:00-05:00,1252.900024,1257.699951,1250.300049,1253.800049,139.0,0.0
2017-12-15 00:00:00-05:00,1253.099976,1260.300049,1253.099976,1254.300049,578.0,0.0
2017-12-16 00:00:00-05:00,1254.133301,1261.0000406666666,1253.9666343333333,1256.9333496666666,400.33333333333337,0.0
2017-12-17 00:00:00-05:00,1255.166626,1261.7000323333334,1254.8332926666667,1259.5666503333334,222.66666666666669,0.0
2017-12-18 00:00:00-05:00,1256.199951,1262.400024,1255.699951,1262.199951,45.0,0.0
2017-12-19 00:00:00-05:00,1261.099976,1264.300049,1259.5,1260.699951,329.0,0.0
2017-12-20 00:00:00-05:00,1261.300049,1266.599976,1261.300049,1266.099976,63.0,0.0
2017-12-21 00:00:00-05:00,1266.400024,1267.400024,1264.300049,1267.300049,226.0,0.0
2017-12-22 00:00:00-05:00,1266.300049,1276.300049,1266.300049,1275.400024,119.0,0.0
2017-12-23 00:00:00-05:00,1270.32504275,1278.25003075,1270.175049,1277.575012,110.25,0.0
2017-12-24 00:00:00-05:00,1274.3500365,1280.2000125,1274.050049,1279.75,101.5,0.0
2017-12-25 00:00:00-05:00,1278.37503025,1282.14999425,1277.925049,1281.924988,92.75,0.0
2017-12-26 00:00:00-05:00,1282.400024,1284.099976,1281.800049,1284.099976,84.0,0.0
2017-12-27 00:00:00-05:00,1284.0,1287.0,1284.0,1287.0,456.0,0.0
2017-12-28 00:00:00-05:00,1288.199951,1294.099976,1288.199951,1294.099976,245.0,0.0
2017-12-29 00:00:00-05:00,1294.199951,1306.300049,1294.0,1306.300049,65.0,0.0
2017-12-30 00:00:00-05:00,1296.2249755,1309.12503075,1296.0750122499999,1308.1500245,65.75,0.0
2017-12-31 00:00:00-05:00,1298.25,1311.9500125,1298.1500245,1310.0,66.5,0.0
2018-01-01 00:00:00-05:00,1300.2750245,1314.77499425,1300.22503675,1311.8499755,67.25,0.0
2018-01-02 00:00:00-05:00,1302.300049,1317.599976,1302.300049,1313.699951,68.0,0.0
2018-01-03 00:00:00-05:00,1320.0,1320.099976,1312.099976,1316.199951,42.0,0.0
2018-01-04 00:00:00-05:00,1319.400024,1322.0,1319.400024,1319.400024,2.0,0.0
2018-01-05 00:00:00-05:00,1320.300049,1320.300049,1320.300049,1320.300049,1.0,0.0
2018-01-06 00:00:00-05:00,1320.1667073333333,1320.1667073333333,1318.4000246666667,1319.733358,14.333333333333334,0.0
2018-01-07 00:00:00-05:00,1320.0333656666667,1320.0333656666667,1316.5000003333332,1319.166667,27.666666666666668,0.0
2018-01-08 00:00:00-05:00,1319.900024,1319.900024,1314.599976,1318.599976,41.0,0.0
2018-01-09 00:00:00-05:00,1309.599976,1311.699951,1309.599976,1311.699951,16.0,0.0
2018-01-10 00:00:00-05:00,1320.300049,1320.699951,1315.300049,1317.400024,70.0,0.0
2018-01-11 00:00:00-05:00,1317.099976,1320.599976,1316.300049,1320.599976,9.0,0.0
2018-01-12 00:00:00-05:00,1327.800049,1338.199951,1327.800049,1333.400024,14.0,0.0
2018-01-13 00:00:00-05:00,1328.62503075,1337.49996925,1328.60003675,1333.900024,13.75,0.0
2018-01-14 00:00:00-05:00,1329.4500125,1336.7999875,1329.4000245,1334.400024,13.5,0.0
2018-01-15 00:00:00-05:00,1330.27499425,1336.10000575,1330.2000122499999,1334.900024,13.25,0.0
2018-01-16 00:00:00-05:00,1331.099976,1335.400024,1331.0,1335.400024,13.0,0.0
2018-01-17 00:00:00-05:00,1334.400024,1338.0,1326.800049,1338.0,27.0,0.0
2018-01-18 00:00:00-05:00,1328.900024,1328.900024,1326.0,1326.0,211.0,0.0
2018-01-19 00:00:00-05:00,1330.099976,1333.0,1330.099976,1331.900024,50.0,0.0
2018-01-20 00:00:00-05:00,1329.5333253333333,1332.300008,1329.5333253333333,1331.5666906666668,87.33333333333334,0.0
2018-01-21 00:00:00-05:00,1328.9666746666667,1331.600016,1328.9666746666667,1331.2333573333333,124.66666666666667,0.0
2018-01-22 00:00:00-05:00,1328.400024,1330.900024,1328.400024,1330.900024,162.0,0.0
2018-01-23 00:00:00-05:00,1335.800049,1335.900024,1335.699951,1335.699951,47.0,0.0
2018-01-24 00:00:00-05:00,1355.900024,1357.199951,1355.900024,1355.900024,18.0,0.0
2018-01-25 00:00:00-05:00,1356.300049,1362.400024,1346.699951,1362.400024,4.0,0.0
2018-01-26 00:00:00-05:00,1351.599976,1352.0,1350.900024,1351.599976,134065.1,0.0
2018-01-27 00:00:00-05:00,1348.37496975,1350.9500122499999,1346.37503025,1347.549988,155903.8,0.0
2018-01-28 00:00:00-05:00,1345.1499635,1349.9000245,1341.8500365,1343.5,166323.0,0.0
2018-01-29 00:00:00-05:00,1341.92495725,1348.85003675,1337.32504275,1339.450012,111190.0,0.0
2018-01-30 00:00:00-05:00,1338.699951,1347.800049,1332.800049,1335.400024,52100.0,0.0
2018-01-31 00:00:00-05:00,1337.5,1346.900024,1331.800049,1339.0,4881.0,0.0
2018-02-01 00:00:00-05:00,1343.800049,1350.599976,1336.800049,1344.300049,1680.0,0.0
2018-02-02 00:00:00-05:00,1348.5,1352.099976,1327.699951,1333.699951,2841.0,0.0
2018-02-03 00:00:00-05:00,1342.699992,1348.133301,1328.1333006666666,1333.466634,2107.6666666666665,0.0
2018-02-04 00:00:00-05:00,1336.899984,1344.166626,1328.5666503333334,1333.233317,1374.3333333333333,0.0
2018-02-05 00:00:00-05:00,1331.099976,1340.199951,1329.0,1333.0,641.0,0.0
2018-02-06 00:00:00-05:00,1338.199951,1343.699951,1319.5,1326.099976,529.0,0.0
2018-02-07 00:00:00-05:00,1325.400024,1331.099976,1310.5,1311.599976,491.0,0.0
2018-02-08 00:00:00-05:00,1317.099976,1321.099976,1307.0,1316.900024,459.0,0.0
2018-02-09 00:00:00-05:00,1320.900024,1322.0,1311.900024,1313.099976,451.0,0.0
2018-02-10 00:00:00-05:00,1321.866699,1323.1666666666667,1313.9333493333334,1316.7999676666666,347.3333333333333,0.0
2018-02-11 00:00:00-05:00,1322.833374,1324.3333333333333,1315.9666746666667,1320.4999593333334,243.66666666666666,0.0
2018-02-12 00:00:00-05:00,1323.800049,1325.5,1318.0,1324.199951,140.0,0.0
2018-02-13 00:00:00-05:00,1324.5,1329.599976,1323.400024,1328.099976,71.0,0.0
2018-02-14 00:00:00-05:00,1332.800049,1355.5,1324.0,1355.5,400.0,0.0
2018-02-15 00:00:00-05:00,1352.0,1355.900024,1349.699951,1352.099976,111.0,0.0
2018-02-16 00:00:00-05:00,1354.0,1361.400024,1344.900024,1353.199951,110.0,0.0
2018-02-17 00:00:00-05:00,1352.6000060000001,1358.60000575,1340.800018,1347.0999755,153.25,0.0
2018-02-18 00:00:00-05:00,1351.200012,1355.7999875,1336.700012,1341.0,196.5,0.0
2018-02-19 00:00:00-05:00,1349.800018,1352.99996925,1332.6000060000001,1334.9000245,239.75,0.0
2018-02-20 00:00:00-05:00,1348.400024,1350.199951,1328.5,1328.800049,283.0,0.0
2018-02-21 00:00:00-05:00,1326.800049,1331.5,1324.400024,1330.0,119.0,0.0
2018-02-22 00:00:00-05:00,1322.0,1331.400024,1322.0,1330.599976,70.0,0.0
2018-02-23 00:00:00-05:00,1328.0,1332.099976,1327.699951,1328.199951,427.0,0.0
2018-02-24 00:00:00-05:00,1330.3333333333333,1334.899984,1328.699951,1329.0332843333333,502.0,0.0
2018-02-25 00:00:00-05:00,1332.6666666666667,1337.699992,1329.699951,1329.8666176666668,577.0,0.0
2018-02-26 00:00:00-05:00,1335.0,1340.5,1330.699951,1330.699951,652.0,0.0
2018-02-27 00:00:00-05:00,1331.699951,1332.599976,1312.699951,1315.5,710.0,0.0
2018-02-28 00:00:00-05:00,1315.400024,1321.0,1315.400024,1315.5,58.0,0.0
2018-03-01 00:00:00-05:00,1310.400024,1318.099976,1301.800049,1302.900024,43.0,0.0
2018-03-02 00:00:00-05:00,1314.300049,1323.199951,1314.300049,1321.099976,155.0,0.0
2018-03-03 00:00:00-05:00,1317.3666993333334,1324.0999753333333,1315.5666913333332,1320.099976,109.33333333333334,0.0
2018-03-04 00:00:00-05:00,1320.4333496666666,1324.9999996666668,1316.8333336666667,1319.099976,63.66666666666667,0.0
2018-03-05 00:00:00-05:00,1323.5,1325.900024,1318.099976,1318.099976,18.0,0.0
2018-03-06 00:00:00-05:00,1321.599976,1333.599976,1321.400024,1333.599976,18.0,0.0
2018-03-07 00:00:00-05:00,1338.099976,1338.099976,1326.0,1326.0,27.0,0.0
2018-03-08 00:00:00-05:00,1324.800049,1326.800049,1319.300049,1319.900024,62.0,0.0
2018-03-09 00:00:00-05:00,1316.800049,1322.400024,1313.0,1322.400024,88.0,0.0
2018-03-10 00:00:00-05:00,1316.4423723485477,1322.0228454771784,1312.6419085103735,1322.0157917385893,87.69709543568464,0.0
2018-03-11 00:00:00-05:00,1316.0846956970954,1321.6456669543568,1312.283817020747,1321.6315594771784,87.39419087136929,0.0
2018-03-12 00:00:00-05:00,1315.7270190456431,1321.2684884315354,1311.9257255311204,1321.2473272157677,87.09128630705395,0.0
2018-03-13 00:00:00-05:00,1315.3693423941909,1320.8913099087138,1311.5676340414939,1320.863094954357,86.7883817427386,0.0
2018-03-14 00:00:00-05:00,1315.0116657427386,1320.5141313858921,1311.2095425518671,1320.478862692946,86.48547717842324,0.0
2018-03-15 00:00:00-05:00,1314.6539890912863,1320.1369528630705,1310.8514510622406,1320.0946304315353,86.18257261410788,0.0
2018-03-16 00:00:00-05:00,1314.296312439834,1319.759774340249,1310.493359572614,1319.7103981701246,85.87966804979253,0.0
2018-03-17 00:00:00-05:00,1313.9386357883816,1319.3825958174275,1310.1352680829875,1319.3261659087136,85.57676348547717,0.0
2018-03-18 00:00:00-05:00,1313.5809591369293,1319.0054172946059,1309.777176593361,1318.941933647303,85.27385892116183,0.0
2018-03-19 00:00:00-05:00,1313.223282485477,1318.6282387717843,1309.4190851037345,1318.5577013858922,84.97095435684648,0.0
2018-03-20 00:00:00-05:00,1312.8656058340248,1318.2510602489626,1309.060993614108,1318.1734691244812,84.66804979253112,0.0
2018-03-21 00:00:00-05:00,1312.5079291825725,1317.873881726141,1308.7029021244814,1317.7892368630705,84.36514522821577,0.0
2018-03-22 00:00:00-05:00,1312.1502525311203,1317.4967032033196,1308.3448106348549,1317.4050046016598,84.06224066390041,0.0
2018-03-23 00:00:00-05:00,1311.792575879668,1317.119524680498,1307.986719145228,1317.020772340249,83.75933609958506,0.0
2018-03-24 00:00:00-05:00,1311.4348992282157,1316.7423461576764,1307.6286276556016,1316.6365400788382,83.45643153526972,0.0
2018-03-25 00:00:00-05:00,1311.0772225767635,1316.3651676348547,1307.270536165975,1316.2523078174274,83.15352697095436,0.0
2018-03-26 00:00:00-05:00,1310.7195459253112,1315.9879891120331,1306.9124446763485,1315.8680755560167,82.850622406639,0.0
2018-03-27 00:00:00-05:00,1310.361869273859,1315.6108105892117,1306.554353186722,1315.4838432946058,82.54771784232365,0.0
2018-03-28 00:00:00-05:00,1310.0041926224067,1315.23363206639,1306.1962616970955,1315.099611033195,82.2448132780083,0.0
2018-03-29 00:00:00-05:00,1309.6465159709544,1314.8564535435685,1305.838170207469,1314.7153787717843,81.94190871369295,0.0
2018-03-30 00:00:00-05:00,1309.2888393195021,1314.4792750207469,1305.4800787178424,1314.3311465103734,81.6390041493776,0.0
2018-03-31 00:00:00-05:00,1308.9311626680496,1314.1020964979252,1305.1219872282159,1313.9469142489627,81.33609958506224,0.0
2018-04-01 00:00:00-05:00,1308.5734860165974,1313.7249179751038,1304.7638957385893,1313.562681987552,81.03319502074689,0.0
2018-04-02 00:00:00-05:00,1308.215809365145,1313.3477394522822,1304.4058042489626,1313.178449726141,80.73029045643153,0.0
2018-04-03 00:00:00-05:00,1307.8581327136928,1312.9705609294606,1304.047712759336,1312.7942174647303,80.42738589211618,0.0
2018-04-04 00:00:00-05:00,1307.5004560622406,1312.593382406639,1303.6896212697095,1312.4099852033196,80.12448132780084,0.0
2018-04-05 00:00:00-05:00,1307.1427794107883,1312.2162038838173,1303.331529780083,1312.0257529419086,79.82157676348548,0.0
2018-04-06 00:00:00-05:00,1306.785102759336,1311.839025360996,1302.9734382904564,1311.641520680498,79.51867219917013,0.0
2018-04-07 00:00:00-05:00,1306.4274261078838,1311.4618468381743,1302.61534680083,1311.2572884190872,79.21576763485477,0.0
2018-04-08 00:00:00-05:00,1306.0697494564315,1311.0846683153527,1302.2572553112034,1310.8730561576763,78.91286307053942,0.0
2018-04-09 00:00:00-05:00,1305.7120728049792,1310.707489792531,1301.8991638215768,1310.4888238962656,78.60995850622407,0.0
2018-04-10 00:00:00-05:00,1305.354396153527,1310.3303112697097,1301.5410723319503,1310.1045916348548,78.30705394190872,0.0
2018-04-11 00:00:00-05:00,1304.9967195020747,1309.953132746888,1301.1829808423236,1309.720359373444,78.00414937759336,0.0
2018-04-12 00:00:00-05:00,1304.6390428506224,1309.5759542240664,1300.824889352697,1309.3361271120332,77.70124481327801,0.0
2018-04-13 00:00:00-05:00,1304.2813661991702,1309.1987757012448,1300.4667978630705,1308.9518948506225,77.39834024896265,0.0
2018-04-14 00:00:00-05:00,1303.9236895477177,1308.8215971784232,1300.108706373444,1308.5676625892115,77.0954356846473,0.0
2018-04-15 00:00:00-05:00,1303.5660128962654,1308.4444186556018,1299.7506148838174,1308.1834303278008,76.79253112033194,0.0
2018-04-16 00:00:00-05:00,1303.2083362448132,1308.0672401327802,1299.392523394191,1307.79919806639,76.4896265560166,0.0
2018-04-17 00:00:00-05:00,1302.850659593361,1307.6900616099585,1299.0344319045644,1307.4149658049794,76.18672199170125,0.0
2018-04-18 00:00:00-05:00,1302.4929829419086,1307.312883087137,1298.6763404149378,1307.0307335435684,75.88381742738589,0.0
2018-04-19 00:00:00-05:00,1302.1353062904564,1306.9357045643153,1298.3182489253113,1306.6465012821577,75.58091286307054,0.0
2018-04-20 00:00:00-05:00,1301.777629639004,1306.558526041494,1297.9601574356846,1306.262269020747,75.27800829875518,0.0
2018-04-21 00:00:00-05:00,1301.4199529875518,1306.1813475186723,1297.602065946058,1305.878036759336,74.97510373443984,0.0
2018-04-22 00:00:00-05:00,1301.0622763360996,1305.8041689958507,1297.2439744564315,1305.4938044979253,74.67219917012449,0.0
2018-04-23 00:00:00-05:00,1300.7045996846473,1305.426990473029,1296.885882966805,1305.1095722365146,74.36929460580913,0.0
2018-04-24 00:00:00-05:00,1300.346923033195,1305.0498119502074,1296.5277914771784,1304.7253399751037,74.06639004149378,0.0
2018-04-25 00:00:00-05:00,1299.9892463817428,1304.672633427386,1296.169699987552,1304.341107713693,73.76348547717842,0.0
2018-04-26 00:00:00-05:00,1299.6315697302905,1304.2954549045644,1295.8116084979254,1303.9568754522822,73.46058091286307,0.0
2018-04-27 00:00:00-05:00,1299.2738930788382,1303.9182763817428,1295.4535170082988,1303.5726431908713,73.15767634854772,0.0
2018-04-28 00:00:00-05:00,1298.9162164273857,1303.5410978589211,1295.0954255186723,1303.1884109294606,72.85477178423237,0.0
2018-04-29 00:00:00-05:00,1298.5585397759335,1303.1639193360995,1294.7373340290455,1302.8041786680499,72.55186721991701,0.0
2018-04-30 00:00:00-05:00,1298.2008631244812,1302.7867408132781,1294.379242539419,1302.419946406639,72.24896265560166,0.0
2018-05-01 00:00:00-05:00,1297.843186473029,1302.4095622904565,1294.0211510497925,1302.0357141452282,71.9460580912863,0.0
2018-05-02 00:00:00-05:00,1297.4855098215767,1302.0323837676349,1293.663059560166,1301.6514818838175,71.64315352697096,0.0
2018-05-03 00:00:00-05:00,1297.1278331701244,1301.6552052448133,1293.3049680705394,1301.2672496224066,71.34024896265561,0.0
2018-05-04 00:00:00-05:00,1296.7701565186721,1301.2780267219916,1292.9468765809129,1300.8830173609958,71.03734439834025,0.0
2018-05-05 00:00:00-05:00,1296.4124798672199,1300.9008481991702,1292.5887850912864,1300.4987850995851,70.7344398340249,0.0
2018-05-06 00:00:00-05:00,1296.0548032157676,1300.5236696763486,1292.2306936016598,1300.1145528381742,70.43153526970954,0.0
2018-05-07 00:00:00-05:00,1295.6971265643153,1300.146491153527,1291.8726021120333,1299.7303205767635,70.12863070539419,0.0
2018-05-08 00:00:00-05:00,1295.339449912863,1299.7693126307054,1291.5145106224068,1299.3460883153527,69.82572614107883,0.0
2018-05-09 00:00:00-05:00,1294.9817732614108,1299.3921341078837,1291.15641913278,1298.961856053942,69.52282157676349,0.0
2018-05-10 00:00:00-05:00,1294.6240966099585,1299.0149555850624,1290.7983276431535,1298.577623792531,69.21991701244814,0.0
2018-05-11 00:00:00-05:00,1294.2664199585063,1298.6377770622407,1290.440236153527,1298.1933915311204,68.91701244813278,0.0
2018-05-12 00:00:00-05:00,1293.9087433070538,1298.260598539419,1290.0821446639004,1297.8091592697097,68.61410788381743,0.0
2018-05-13 00:00:00-05:00,1293.5510666556015,1297.8834200165975,1289.7240531742739,1297.4249270082987,68.31120331950208,0.0
2018-05-14 00:00:00-05:00,1293.1933900041493,1297.5062414937759,1289.3659616846473,1297.040694746888,68.00829875518673,0.0
2018-05-15 00:00:00-05:00,1292.835713352697,1297.1290629709545,1289.0078701950208,1296.6564624854773,67.70539419087137,0.0
2018-05-16 00:00:00-05:00,1292.4780367012447,1296.7518844481328,1288.6497787053943,1296.2722302240663,67.40248962655602,0.0
2018-05-17 00:00:00-05:00,1292.1203600497925,1296.3747059253112,1288.2916872157678,1295.8879979626556,67.09958506224066,0.0
2018-05-18 00:00:00-05:00,1291.7626833983402,1295.9975274024896,1287.933595726141,1295.503765701245,66.79668049792531,0.0
2018-05-19 00:00:00-05:00,1291.405006746888,1295.620348879668,1287.5755042365145,1295.119533439834,66.49377593360995,0.0
2018-05-20 00:00:00-05:00,1291.0473300954357,1295.2431703568466,1287.217412746888,1294.7353011784232,66.19087136929461,0.0
2018-05-21 00:00:00-05:00,1290.6896534439834,1294.865991834025,1286.8593212572614,1294.3510689170125,65.88796680497926,0.0
2018-05-22 00:00:00-05:00,1290.3319767925311,1294.4888133112033,1286.5012297676349,1293.9668366556016,65.5850622406639,0.0
2018-05-23 00:00:00-05:00,1289.9743001410789,1294.1116347883817,1286.1431382780083,1293.5826043941909,65.28215767634855,0.0
2018-05-24 00:00:00-05:00,1289.6166234896266,1293.73445626556,1285.7850467883818,1293.1983721327802,64.97925311203319,0.0
2018-05-25 00:00:00-05:00,1289.2589468381743,1293.3572777427387,1285.4269552987553,1292.8141398713692,64.67634854771785,0.0
2018-05-26 00:00:00-05:00,1288.9012701867218,1292.980099219917,1285.0688638091287,1292.4299076099585,64.3734439834025,0.0
2018-05-27 00:00:00-05:00,1288.5435935352696,1292.6029206970954,1284.710772319502,1292.0456753485478,64.07053941908714,0.0
2018-05-28 00:00:00-05:00,1288.1859168838173,1292.2257421742738,1284.3526808298755,1291.6614430871368,63.767634854771785,0.0
2018-05-29 00:00:00-05:00,1287.828240232365,1291.8485636514522,1283.994589340249,1291.2772108257261,63.46473029045643,0.0
2018-05-30 00:00:00-05:00,1287.4705635809128,1291.4713851286308,1283.6364978506224,1290.8929785643154,63.16182572614108,0.0
2018-05-31 00:00:00-05:00,1287.1128869294605,1291.0942066058092,1283.2784063609959,1290.5087463029045,62.85892116182573,0.0
2018-06-01 00:00:00-05:00,1286.7552102780082,1290.7170280829876,1282.9203148713693,1290.1245140414937,62.55601659751038,0.0
2018-06-02 00:00:00-05:00,1286.397533626556,1290.339849560166,1282.5622233817428,1289.740281780083,62.25311203319502,0.0
2018-06-03 00:00:00-05:00,1286.0398569751037,1289.9626710373445,1282.2041318921163,1289.3560495186723,61.95020746887967,0.0
2018-06-04 00:00:00-05:00,1285.6821803236514,1289.585492514523,1281.8460404024897,1288.9718172572614,61.64730290456431,0.0
2018-06-05 00:00:00-05:00,1285.3245036721992,1289.2083139917013,1281.487948912863,1288.5875849958506,61.344398340248965,0.0
2018-06-06 00:00:00-05:00,1284.966827020747,1288.8311354688797,1281.1298574232364,1288.20335273444,61.04149377593362,0.0
2018-06-07 00:00:00-05:00,1284.6091503692946,1288.453956946058,1280.77176593361,1287.819120473029,60.73858921161826,0.0
2018-06-08 00:00:00-05:00,1284.2514737178424,1288.0767784232366,1280.4136744439834,1287.4348882116183,60.43568464730291,0.0
2018-06-09 00:00:00-05:00,1283.89379706639,1287.699599900415,1280.0555829543569,1287.0506559502076,60.13278008298755,0.0
2018-06-10 00:00:00-05:00,1283.5361204149376,1287.3224213775934,1279.6974914647303,1286.6664236887966,59.829875518672196,0.0
2018-06-11 00:00:00-05:00,1283.1784437634853,1286.9452428547718,1279.3393999751038,1286.282191427386,59.52697095435685,0.0
2018-06-12 00:00:00-05:00,1282.820767112033,1286.5680643319502,1278.9813084854773,1285.8979591659752,59.2240663900415,0.0
2018-06-13 00:00:00-05:00,1282.4630904605808,1286.1908858091288,1278.6232169958507,1285.5137269045642,58.921161825726145,0.0
2018-06-14 00:00:00-05:00,1282.1054138091285,1285.8137072863071,1278.2651255062242,1285.1294946431535,58.61825726141079,0.0
2018-06-15 00:00:00-05:00,1281.7477371576763,1285.4365287634855,1277.9070340165974,1284.7452623817428,58.315352697095435,0.0
2018-06-16 00:00:00-05:00,1281.390060506224,1285.059350240664,1277.548942526971,1284.3610301203319,58.01244813278009,0.0
2018-06-17 00:00:00-05:00,1281.0323838547718,1284.6821717178423,1277.1908510373444,1283.9767978589211,57.70954356846473,0.0
2018-06-18 00:00:00-05:00,1280.6747072033195,1284.3049931950209,1276.8327595477178,1283.5925655975104,57.40663900414938,0.0
2018-06-19 00:00:00-05:00,1280.3170305518672,1283.9278146721992,1276.4746680580913,1283.2083333360995,57.10373443983403,0.0
2018-06-20 00:00:00-05:00,1279.959353900415,1283.5506361493776,1276.1165765684648,1282.8241010746888,56.80082987551867,0.0
2018-06-21 00:00:00-05:00,1279.6016772489627,1283.173457626556,1275.7584850788382,1282.439868813278,56.49792531120332,0.0
2018-06-22 00:00:00-05:00,1279.2440005975104,1282.7962791037344,1275.4003935892117,1282.055636551867,56.19502074688797,0.0
2018-06-23 00:00:00-05:00,1278.8863239460582,1282.419100580913,1275.0423020995852,1281.6714042904564,55.892116182572614,0.0
2018-06-24 00:00:00-05:00,1278.5286472946057,1282.0419220580914,1274.6842106099584,1281.2871720290457,55.589211618257266,0.0
2018-06-25 00:00:00-05:00,1278.1709706431534,1281.6647435352697,1274.326119120332,1280.902939767635,55.28630705394191,0.0
2018-06-26 00:00:00-05:00,1277.8132939917011,1281.287565012448,1273.9680276307054,1280.518707506224,54.983402489626556,0.0
2018-06-27 00:00:00-05:00,1277.4556173402489,1280.9103864896265,1273.6099361410788,1280.1344752448133,54.68049792531121,0.0
2018-06-28 00:00:00-05:00,1277.0979406887966,1280.533207966805,1273.2518446514523,1279.7502429834026,54.37759336099585,0.0
2018-06-29 00:00:00-05:00,1276.7402640373443,1280.1560294439835,1272.8937531618258,1279.3660107219916,54.0746887966805,0.0
2018-06-30 00:00:00-05:00,1276.382587385892,1279.7788509211618,1272.5356616721992,1278.981778460581,53.77178423236515,0.0
2018-07-01 00:00:00-05:00,1276.0249107344398,1279.4016723983402,1272.1775701825727,1278.5975461991702,53.468879668049794,0.0
2018-07-02 00:00:00-05:00,1275.6672340829875,1279.0244938755186,1271.8194786929462,1278.2133139377593,53.16597510373444,0.0
2018-07-03 00:00:00-05:00,1275.3095574315353,1278.6473153526972,1271.4613872033194,1277.8290816763486,52.86307053941909,0.0
2018-07-04 00:00:00-05:00,1274.951880780083,1278.2701368298756,1271.103295713693,1277.4448494149378,52.560165975103736,0.0
2018-07-05 00:00:00-05:00,1274.5942041286307,1277.892958307054,1270.7452042240664,1277.060617153527,52.25726141078838,0.0
2018-07-06 00:00:00-05:00,1274.2365274771785,1277.5157797842323,1270.3871127344398,1276.6763848921162,51.95435684647303,0.0
2018-07-07 00:00:00-05:00,1273.8788508257262,1277.1386012614107,1270.0290212448133,1276.2921526307055,51.65145228215768,0.0
2018-07-08 00:00:00-05:00,1273.5211741742737,1276.7614227385893,1269.6709297551868,1275.9079203692945,51.34854771784233,0.0
2018-07-09 00:00:00-05:00,1273.1634975228214,1276.3842442157677,1269.3128382655602,1275.5236881078838,51.045643153526974,0.0
2018-07-10 00:00:00-05:00,1272.8058208713692,1276.007065692946,1268.9547467759337,1275.139455846473,50.74273858921162,0.0
2018-07-11 00:00:00-05:00,1272.448144219917,1275.6298871701244,1268.5966552863072,1274.7552235850621,50.43983402489627,0.0
2018-07-12 00:00:00-05:00,1272.0904675684646,1275.2527086473028,1268.2385637966804,1274.3709913236514,50.136929460580916,0.0
2018-07-13 00:00:00-05:00,1271.7327909170124,1274.8755301244814,1267.8804723070539,1273.9867590622407,49.83402489626556,0.0
2018-07-14 00:00:00-05:00,1271.3751142655601,1274.4983516016598,1267.5223808174273,1273.6025268008298,49.53112033195021,0.0
2018-07-15 00:00:00-05:00,1271.0174376141078,1274.1211730788382,1267.1642893278008,1273.218294539419,49.22821576763486,0.0
2018-07-16 00:00:00-05:00,1270.6597609626556,1273.7439945560166,1266.8061978381743,1272.8340622780083,48.9253112033195,0.0
2018-07-17 00:00:00-05:00,1270.3020843112033,1273.366816033195,1266.4481063485478,1272.4498300165974,48.622406639004154,0.0
2018-07-18 00:00:00-05:00,1269.944407659751,1272.9896375103735,1266.0900148589212,1272.0655977551867,48.3195020746888,0.0
2018-07-19 00:00:00-05:00,1269.5867310082988,1272.612458987552,1265.7319233692947,1271.681365493776,48.016597510373444,0.0
2018-07-20 00:00:00-05:00,1269.2290543568465,1272.2352804647303,1265.3738318796682,1271.297133232365,47.713692946058096,0.0
2018-07-21 00:00:00-05:00,1268.8713777053943,1271.8581019419087,1265.0157403900416,1270.9129009709543,47.41078838174274,0.0
2018-07-22 00:00:00-05:00,1268.5137010539418,1271.480923419087,1264.6576489004149,1270.5286687095436,47.107883817427386,0.0
2018-07-23 00:00:00-05:00,1268.1560244024895,1271.1037448962657,1264.2995574107883,1270.1444364481329,46.80497925311204,0.0
2018-07-24 00:00:00-05:00,1267.7983477510372,1270.726566373444,1263.9414659211618,1269.760204186722,46.50207468879668,0.0
2018-07-25 00:00:00-05:00,1267.440671099585,1270.3493878506224,1263.5833744315353,1269.3759719253112,46.199170124481334,0.0
2018-07-26 00:00:00-05:00,1267.0829944481327,1269.9722093278008,1263.2252829419087,1268.9917396639005,45.89626556016598,0.0
2018-07-27 00:00:00-05:00,1266.7253177966804,1269.5950308049792,1262.8671914522822,1268.6075074024895,45.593360995850624,0.0
2018-07-28 00:00:00-05:00,1266.3676411452282,1269.2178522821578,1262.5090999626557,1268.2232751410788,45.290456431535276,0.0
2018-07-29 00:00:00-05:00,1266.009964493776,1268.8406737593361,1262.1510084730292,1267.839042879668,44.98755186721992,0.0
2018-07-30 00:00:00-05:00,1265.6522878423236,1268.4634952365145,1261.7929169834026,1267.4548106182572,44.684647302904565,0.0
2018-07-31 00:00:00-05:00,1265.2946111908714,1268.086316713693,1261.4348254937759,1267.0705783568465,44.38174273858922,0.0
2018-08-01 00:00:00-05:00,1264.936934539419,1267.7091381908713,1261.0767340041493,1266.6863460954357,44.07883817427386,0.0
2018-08-02 00:00:00-05:00,1264.5792578879668,1267.3319596680499,1260.7186425145228,1266.3021138340248,43.77593360995851,0.0
2018-08-03 00:00:00-05:00,1264.2215812365146,1266.9547811452283,1260.3605510248963,1265.917881572614,43.47302904564316,0.0
2018-08-04 00:00:00-05:00,1263.8639045850623,1266.5776026224066,1260.0024595352697,1265.5336493112034,43.170124481327804,0.0
2018-08-05 00:00:00-05:00,1263.5062279336098,1266.200424099585,1259.6443680456432,1265.1494170497924,42.86721991701245,0.0
2018-08-06 00:00:00-05:00,1263.1485512821575,1265.8232455767634,1259.2862765560167,1264.7651847883817,42.5643153526971,0.0
2018-08-07 00:00:00-05:00,1262.7908746307053,1265.446067053942,1258.9281850663901,1264.380952526971,42.261410788381745,0.0
2018-08-08 00:00:00-05:00,1262.433197979253,1265.0688885311204,1258.5700935767636,1263.99672026556,41.95850622406639,0.0
2018-08-09 00:00:00-05:00,1262.0755213278007,1264.6917100082987,1258.212002087137,1263.6124880041493,41.65560165975104,0.0
2018-08-10 00:00:00-05:00,1261.7178446763485,1264.3145314854771,1257.8539105975103,1263.2282557427386,41.35269709543569,0.0
2018-08-11 00:00:00-05:00,1261.3601680248962,1263.9373529626557,1257.4958191078838,1262.8440234813277,41.04979253112033,0.0
2018-08-12 00:00:00-05:00,1261.002491373444,1263.560174439834,1257.1377276182573,1262.459791219917,40.746887966804984,0.0
2018-08-13 00:00:00-05:00,1260.6448147219917,1263.1829959170125,1256.7796361286307,1262.0755589585062,40.44398340248963,0.0
2018-08-14 00:00:00-05:00,1260.2871380705394,1262.8058173941909,1256.4215446390042,1261.6913266970955,40.14107883817428,0.0
2018-08-15 00:00:00-05:00,1259.9294614190871,1262.4286388713692,1256.0634531493777,1261.3070944356846,39.838174273858925,0.0
2018-08-16 00:00:00-05:00,1259.5717847676349,1262.0514603485478,1255.7053616597511,1260.9228621742739,39.53526970954357,0.0
2018-08-17 00:00:00-05:00,1259.2141081161826,1261.6742818257262,1255.3472701701246,1260.5386299128631,39.23236514522822,0.0
2018-08-18 00:00:00-05:00,1258.8564314647303,1261.2971033029046,1254.989178680498,1260.1543976514522,38.92946058091287,0.0
2018-08-19 00:00:00-05:00,1258.498754813278,1260.919924780083,1254.6310871908713,1259.7701653900415,38.62655601659751,0.0
2018-08-20 00:00:00-05:00,1258.1410781618256,1260.5427462572613,1254.2729957012448,1259.3859331286308,38.323651452282164,0.0
2018-08-21 00:00:00-05:00,1257.7834015103733,1260.16556773444,1253.9149042116182,1259.0017008672198,38.02074688796681,0.0
2018-08-22 00:00:00-05:00,1257.425724858921,1259.7883892116183,1253.5568127219917,1258.617468605809,37.71784232365145,0.0
2018-08-23 00:00:00-05:00,1257.0680482074688,1259.4112106887967,1253.1987212323652,1258.2332363443984,37.414937759336105,0.0
2018-08-24 00:00:00-05:00,1256.7103715560165,1259.034032165975,1252.8406297427387,1257.8490040829874,37.11203319502075,0.0
2018-08-25 00:00:00-05:00,1256.3526949045643,1258.6568536431535,1252.4825382531121,1257.4647718215767,36.809128630705395,0.0
2018-08-26 00:00:00-05:00,1255.995018253112,1258.279675120332,1252.1244467634856,1257.080539560166,36.50622406639005,0.0
2018-08-27 00:00:00-05:00,1255.6373416016597,1257.9024965975104,1251.766355273859,1256.696307298755,36.20331950207469,0.0
2018-08-28 00:00:00-05:00,1255.2796649502075,1257.5253180746888,1251.4082637842323,1256.3120750373444,35.90041493775934,0.0
2018-08-29 00:00:00-05:00,1254.9219882987552,1257.1481395518672,1251.0501722946058,1255.9278427759336,35.59751037344399,0.0
2018-08-30 00:00:00-05:00,1254.564311647303,1256.7709610290456,1250.6920808049792,1255.5436105145227,35.29460580912863,0.0
2018-08-31 00:00:00-05:00,1254.2066349958507,1256.3937825062242,1250.3339893153527,1255.159378253112,34.991701244813285,0.0
2018-09-01 00:00:00-05:00,1253.8489583443984,1256.0166039834025,1249.9758978257262,1254.7751459917013,34.68879668049793,0.0
2018-09-02 00:00:00-05:00,1253.491281692946,1255.639425460581,1249.6178063360996,1254.3909137302903,34.385892116182575,0.0
2018-09-03 00:00:00-05:00,1253.1336050414936,1255.2622469377593,1249.2597148464731,1254.0066814688796,34.08298755186723,0.0
2018-09-04 00:00:00-05:00,1252.7759283900414,1254.8850684149377,1248.9016233568466,1253.622449207469,33.78008298755187,0.0
2018-09-05 00:00:00-05:00,1252.418251738589,1254.5078898921163,1248.54353186722,1253.238216946058,33.477178423236516,0.0
2018-09-06 00:00:00-05:00,1252.0605750871368,1254.1307113692947,1248.1854403775933,1252.8539846846472,33.17427385892117,0.0
2018-09-07 00:00:00-05:00,1251.7028984356846,1253.753532846473,1247.8273488879668,1252.4697524232365,32.87136929460581,0.0
2018-09-08 00:00:00-05:00,1251.3452217842323,1253.3763543236514,1247.4692573983402,1252.0855201618256,32.56846473029046,0.0
2018-09-09 00:00:00-05:00,1250.98754513278,1252.9991758008298,1247.1111659087137,1251.7012879004149,32.26556016597511,0.0
2018-09-10 00:00:00-05:00,1250.6298684813278,1252.6219972780084,1246.7530744190872,1251.3170556390041,31.962655601659755,0.0
2018-09-11 00:00:00-05:00,1250.2721918298755,1252.2448187551868,1246.3949829294606,1250.9328233775934,31.6597510373444,0.0
2018-09-12 00:00:00-05:00,1249.9145151784232,1251.8676402323651,1246.036891439834,1250.5485911161825,31.35684647302905,0.0
2018-09-13 00:00:00-05:00,1249.556838526971,1251.4904617095435,1245.6787999502076,1250.1643588547718,31.053941908713696,0.0
2018-09-14 00:00:00-05:00,1249.1991618755187,1251.113283186722,1245.320708460581,1249.780126593361,30.75103734439834,0.0
2018-09-15 00:00:00-05:00,1248.8414852240664,1250.7361046639005,1244.9626169709545,1249.39589433195,30.448132780082993,0.0
2018-09-16 00:00:00-05:00,1248.4838085726142,1250.3589261410789,1244.6045254813278,1249.0116620705394,30.145228215767638,0.0
2018-09-17 00:00:00-05:00,1248.1261319211617,1249.9817476182573,1244.2464339917012,1248.6274298091287,29.84232365145229,0.0
2018-09-18 00:00:00-05:00,1247.7684552697094,1249.6045690954356,1243.8883425020747,1248.2431975477177,29.539419087136935,0.0
2018-09-19 00:00:00-05:00,1247.4107786182572,1249.227390572614,1243.5302510124482,1247.858965286307,29.23651452282158,0.0
2018-09-20 00:00:00-05:00,1247.053101966805,1248.8502120497926,1243.1721595228216,1247.4747330248963,28.93360995850623,0.0
2018-09-21 00:00:00-05:00,1246.6954253153526,1248.473033526971,1242.814068033195,1247.0905007634854,28.630705394190876,0.0
2018-09-22 00:00:00-05:00,1246.3377486639004,1248.0958550041494,1242.4559765435686,1246.7062685020746,28.32780082987552,0.0
2018-09-23 00:00:00-05:00,1245.980072012448,1247.7186764813277,1242.097885053942,1246.322036240664,28.024896265560173,0.0
2018-09-24 00:00:00-05:00,1245.6223953609958,1247.3414979585064,1241.7397935643153,1245.937803979253,27.721991701244818,0.0
2018-09-25 00:00:00-05:00,1245.2647187095436,1246.9643194356847,1241.3817020746887,1245.5535717178423,27.419087136929463,0.0
2018-09-26 00:00:00-05:00,1244.9070420580913,1246.587140912863,1241.0236105850622,1245.1693394564315,27.116182572614115,0.0
2018-09-27 00:00:00-05:00,1244.549365406639,1246.2099623900415,1240.6655190954357,1244.7851071950206,26.81327800829876,0.0
2018-09-28 00:00:00-05:00,1244.1916887551868,1245.8327838672199,1240.3074276058092,1244.4008749336099,26.510373443983404,0.0
2018-09-29 00:00:00-05:00,1243.8340121037345,1245.4556053443985,1239.9493361161826,1244.0166426721992,26.207468879668056,0.0
2018-09-30 00:00:00-05:00,1243.4763354522822,1245.0784268215768,1239.591244626556,1243.6324104107885,25.9045643153527,0.0
2018-10-01 00:00:00-05:00,1243.1186588008297,1244.7012482987552,1239.2331531369296,1243.2481781493775,25.601659751037346,0.0
2018-10-02 00:00:00-05:00,1242.7609821493775,1244.3240697759336,1238.875061647303,1242.8639458879668,25.298755186721998,0.0
2018-10-03 00:00:00-05:00,1242.4033054979252,1243.946891253112,1238.5169701576765,1242.479713626556,24.995850622406643,0.0
2018-10-04 00:00:00-05:00,1242.045628846473,1243.5697127302906,1238.1588786680497,1242.0954813651451,24.692946058091287,0.0
2018-10-05 00:00:00-05:00,1241.6879521950207,1243.192534207469,1237.8007871784232,1241.7112491037344,24.39004149377594,0.0
2018-10-06 00:00:00-05:00,1241.3302755435684,1242.8153556846473,1237.4426956887967,1241.3270168423237,24.087136929460584,0.0
2018-10-07 00:00:00-05:00,1240.9725988921161,1242.4381771618257,1237.0846041991701,1240.9427845809128,23.78423236514523,0.0
2018-10-08 00:00:00-05:00,1240.6149222406639,1242.060998639004,1236.7265127095436,1240.558552319502,23.481327800829874,0.0
2018-10-09 00:00:00-05:00,1240.2572455892116,1241.6838201161827,1236.368421219917,1240.1743200580913,23.178423236514533,0.0
2018-10-10 00:00:00-05:00,1239.8995689377593,1241.306641593361,1236.0103297302906,1239.7900877966804,22.875518672199178,0.0
2018-10-11 00:00:00-05:00,1239.541892286307,1240.9294630705394,1235.652238240664,1239.4058555352697,22.572614107883822,0.0
2018-10-12 00:00:00-05:00,1239.1842156348548,1240.5522845477178,1235.2941467510375,1239.021623273859,22.269709543568467,0.0
2018-10-13 00:00:00-05:00,1238.8265389834025,1240.1751060248962,1234.9360552614107,1238.637391012448,21.966804979253112,0.0
2018-10-14 00:00:00-05:00,1238.4688623319503,1239.7979275020748,1234.5779637717842,1238.2531587510373,21.663900414937757,0.0
2018-10-15 00:00:00-05:00,1238.1111856804978,1239.4207489792532,1234.2198722821577,1237.8689264896266,21.360995850622416,0.0
2018-10-16 00:00:00-05:00,1237.7535090290455,1239.0435704564316,1233.8617807925311,1237.4846942282156,21.05809128630706,0.0
2018-10-17 00:00:00-05:00,1237.3958323775933,1238.66639193361,1233.5036893029046,1237.100461966805,20.755186721991706,0.0
2018-10-18 00:00:00-05:00,1237.038155726141,1238.2892134107883,1233.145597813278,1236.7162297053942,20.45228215767635,0.0
2018-10-19 00:00:00-05:00,1236.6804790746887,1237.912034887967,1232.7875063236515,1236.3319974439833,20.149377593360995,0.0
2018-10-20 00:00:00-05:00,1236.3228024232365,1237.5348563651453,1232.429414834025,1235.9477651825725,19.846473029045654,0.0
2018-10-21 00:00:00-05:00,1235.9651257717842,1237.1576778423237,1232.0713233443985,1235.5635329211618,19.5435684647303,0.0
2018-10-22 00:00:00-05:00,1235.607449120332,1236.780499319502,1231.713231854772,1235.1793006597509,19.240663900414944,0.0
2018-10-23 00:00:00-05:00,1235.2497724688797,1236.4033207966804,1231.3551403651452,1234.7950683983402,18.93775933609959,0.0
2018-10-24 00:00:00-05:00,1234.8920958174274,1236.026142273859,1230.9970488755187,1234.4108361369294,18.634854771784234,0.0
2018-10-25 00:00:00-05:00,1234.5344191659751,1235.6489637510374,1230.6389573858921,1234.0266038755185,18.33195020746888,0.0
2018-10-26 00:00:00-05:00,1234.1767425145229,1235.2717852282158,1230.2808658962656,1233.6423716141078,18.029045643153538,0.0
2018-10-27 00:00:00-05:00,1233.8190658630706,1234.8946067053942,1229.922774406639,1233.258139352697,17.726141078838182,0.0
2018-10-28 00:00:00-05:00,1233.4613892116183,1234.5174281825725,1229.5646829170125,1232.8739070912864,17.423236514522827,0.0
2018-10-29 00:00:00-05:00,1233.103712560166,1234.1402496597511,1229.206591427386,1232.4896748298754,17.120331950207472,0.0
2018-10-30 00:00:00-05:00,1232.7460359087136,1233.7630711369295,1228.8484999377595,1232.1054425684647,16.817427385892117,0.0
2018-10-31 00:00:00-05:00,1232.3883592572613,1233.385892614108,1228.490408448133,1231.721210307054,16.51452282157676,0.0
2018-11-01 00:00:00-05:00,1232.030682605809,1233.0087140912863,1228.1323169585062,1231.336978045643,16.21161825726142,0.0
2018-11-02 00:00:00-05:00,1231.6730059543568,1232.6315355684646,1227.7742254688796,1230.9527457842323,15.908713692946066,0.0
2018-11-03 00:00:00-05:00,1231.3153293029045,1232.2543570456432,1227.4161339792531,1230.5685135228216,15.60580912863071,0.0
2018-11-04 00:00:00-05:00,1230.9576526514522,1231.8771785228216,1227.0580424896266,1230.1842812614107,15.302904564315355,0.0
2018-11-05 00:00:00-05:00,1230.599976,1231.5,1226.699951,1229.800049,15.0,0.0
2018-11-06 00:00:00-05:00,1230.699951,1233.800049,1223.800049,1223.800049,4.0,0.0
2018-11-07 00:00:00-05:00,1228.599976,1228.599976,1226.199951,1226.199951,1.0,0.0
2018-11-08 00:00:00-05:00,1222.900024,1222.900024,1222.900024,1222.900024,2.0,0.0
2018-11-09 00:00:00-05:00,1207.900024,1207.900024,1206.400024,1206.400024,14.0,0.0
2018-11-10 00:00:00-05:00,1205.800008,1205.800008,1204.7000323333334,1204.7000323333334,9.666666666666668,0.0
2018-11-11 00:00:00-05:00,1203.699992,1203.699992,1203.0000406666666,1203.0000406666666,5.333333333333334,0.0
2018-11-12 00:00:00-05:00,1201.599976,1201.599976,1201.300049,1201.300049,1.0,0.0
2018-11-13 00:00:00-05:00,1196.300049,1201.300049,1196.300049,1199.199951,5.0,0.0
2018-11-14 00:00:00-05:00,1207.900024,1207.900024,1207.900024,1207.900024,0.0,0.0
2018-11-15 00:00:00-05:00,1212.800049,1212.800049,1212.800049,1212.800049,0.0,0.0
2018-11-16 00:00:00-05:00,1216.699951,1223.800049,1216.699951,1220.800049,5.0,0.0
2018-11-17 00:00:00-05:00,1218.8332926666667,1223.5666913333332,1218.8332926666667,1221.5666913333332,3.333333333333333,0.0
2018-11-18 00:00:00-05:00,1220.9666343333333,1223.3333336666667,1220.9666343333333,1222.3333336666667,1.6666666666666665,0.0
2018-11-19 00:00:00-05:00,1223.099976,1223.099976,1223.099976,1223.099976,0.0,0.0
2018-11-20 00:00:00-05:00,1225.300049,1228.800049,1219.0,1219.0,12.0,0.0
2018-11-21 00:00:00-05:00,1225.800049,1225.800049,1225.800049,1225.800049,0.0,0.0
2018-11-22 00:00:00-05:00,1225.300049,1225.300049,1223.4000245,1223.4000245,0.5,0.0
2018-11-23 00:00:00-05:00,1224.800049,1224.800049,1221.0,1221.0,1.0,0.0
2018-11-24 00:00:00-05:00,1223.266683,1223.8666993333334,1220.733317,1220.733317,1.3333333333333333,0.0
2018-11-25 00:00:00-05:00,1221.733317,1222.9333496666666,1220.466634,1220.466634,1.6666666666666665,0.0
2018-11-26 00:00:00-05:00,1220.199951,1222.0,1220.199951,1220.199951,2.0,0.0
2018-11-27 00:00:00-05:00,1221.900024,1222.0,1211.199951,1211.199951,5.0,0.0
2018-11-28 00:00:00-05:00,1211.5,1221.400024,1211.5,1221.400024,60942.6,0.0
2018-11-29 00:00:00-05:00,1221.0,1228.699951,1220.5,1224.099976,61266.933333333334,0.0
2018-11-30 00:00:00-05:00,1224.099976,1225.0,1216.099976,1220.199951,2060.0,0.0
2018-12-01 00:00:00-05:00,1223.5666506666666,1228.0333253333333,1217.8333336666667,1224.766642,1623.6666666666667,0.0
2018-12-02 00:00:00-05:00,1223.0333253333333,1231.0666506666666,1219.5666913333332,1229.333333,1187.3333333333335,0.0
2018-12-03 00:00:00-05:00,1222.5,1234.099976,1221.300049,1233.900024,751.0,0.0
2018-12-04 00:00:00-05:00,1231.0,1241.400024,1230.400024,1241.099976,474.0,0.0
2018-12-05 00:00:00-05:00,1234.25,1242.900024,1232.6000365,1239.599976,454.0,0.0
2018-12-06 00:00:00-05:00,1237.5,1244.400024,1234.800049,1238.099976,434.0,0.0
2018-12-07 00:00:00-05:00,1238.300049,1249.800049,1237.599976,1246.800049,211.0,0.0
2018-12-08 00:00:00-05:00,1242.0666913333332,1249.733358,1238.9666343333333,1245.766683,184.33333333333334,0.0
2018-12-09 00:00:00-05:00,1245.8333336666667,1249.666667,1240.3332926666667,1244.733317,157.66666666666666,0.0
2018-12-10 00:00:00-05:00,1249.599976,1249.599976,1241.699951,1243.699951,131.0,0.0
2018-12-11 00:00:00-05:00,1245.800049,1248.699951,1241.5,1241.900024,117.0,0.0
2018-12-12 00:00:00-05:00,1245.300049,1245.599976,1244.099976,1244.400024,84.0,0.0
2018-12-13 00:00:00-05:00,1243.5,1243.5,1241.0,1242.699951,194.0,0.0
2018-12-14 00:00:00-05:00,1241.699951,1241.699951,1234.099976,1237.0,33.0,0.0
2018-12-15 00:00:00-05:00,1240.8999836666667,1243.5999753333333,1235.8333336666667,1240.4666746666667,25.333333333333332,0.0
2018-12-16 00:00:00-05:00,1240.1000163333333,1245.4999996666668,1237.5666913333332,1243.9333493333334,17.666666666666664,0.0
2018-12-17 00:00:00-05:00,1239.300049,1247.400024,1239.300049,1247.400024,10.0,0.0
2018-12-18 00:00:00-05:00,1248.199951,1249.199951,1245.599976,1249.199951,31.0,0.0
2018-12-19 00:00:00-05:00,1255.800049,1255.800049,1252.099976,1252.099976,268.0,0.0
2018-12-20 00:00:00-05:00,1243.199951,1263.599976,1243.199951,1263.599976,49.0,0.0
2018-12-21 00:00:00-05:00,1260.300049,1261.300049,1253.800049,1253.800049,96.0,0.0
2018-12-22 00:00:00-05:00,1260.300049,1263.7000326666666,1255.9667156666667,1258.3666993333334,73.0,0.0
2018-12-23 00:00:00-05:00,1260.300049,1266.1000163333333,1258.1333823333332,1262.9333496666666,50.0,0.0
2018-12-24 00:00:00-05:00,1260.300049,1268.5,1260.300049,1267.5,27.0,0.0
2018-12-25 00:00:00-05:00,1264.800049,1272.950012,1264.75,1268.3499755,45.0,0.0
2018-12-26 00:00:00-05:00,1269.300049,1277.400024,1269.199951,1269.199951,63.0,0.0
2018-12-27 00:00:00-05:00,1276.699951,1277.300049,1276.699951,1277.300049,480.0,0.0
2018-12-28 00:00:00-05:00,1273.5,1280.099976,1273.5,1279.900024,805.0,0.0
2018-12-29 00:00:00-05:00,1275.0,1280.5000003333332,1274.8666586666666,1279.366699,543.0,0.0
2018-12-30 00:00:00-05:00,1276.5,1280.9000246666667,1276.2333173333334,1278.833374,281.0,0.0
2018-12-31 00:00:00-05:00,1278.0,1281.300049,1277.599976,1278.300049,19.0,0.0
2019-01-01 00:00:00-05:00,1282.0,1283.6500245,1277.599976,1279.6500245,84.0,0.0
2019-01-02 00:00:00-05:00,1286.0,1286.0,1277.599976,1281.0,149.0,0.0
2019-01-03 00:00:00-05:00,1286.800049,1292.0,1286.699951,1291.800049,10.0,0.0
2019-01-04 00:00:00-05:00,1294.199951,1294.199951,1275.300049,1282.699951,34.0,0.0
2019-01-05 00:00:00-05:00,1291.733317,1291.733317,1279.0666913333332,1284.0666503333334,23.333333333333336,0.0
2019-01-06 00:00:00-05:00,1289.266683,1289.266683,1282.8333336666667,1285.4333496666666,12.666666666666668,0.0
2019-01-07 00:00:00-05:00,1286.800049,1286.800049,1286.599976,1286.800049,2.0,0.0
2019-01-08 00:00:00-05:00,1280.5,1283.199951,1278.199951,1283.199951,54.0,0.0
2019-01-09 00:00:00-05:00,1279.400024,1289.300049,1279.199951,1289.300049,102.0,0.0
2019-01-10 00:00:00-05:00,1284.699951,1284.699951,1284.699951,1284.699951,0.0,0.0
2019-01-11 00:00:00-05:00,1291.199951,1291.199951,1286.300049,1287.099976,11.0,0.0
2019-01-12 00:00:00-05:00,1291.5999753333333,1292.0999753333333,1287.233358,1287.7666426666667,9.666666666666666,0.0
2019-01-13 00:00:00-05:00,1291.9999996666668,1292.9999996666668,1288.166667,1288.4333093333332,8.333333333333334,0.0
2019-01-14 00:00:00-05:00,1292.400024,1293.900024,1289.099976,1289.099976,7.0,0.0
2019-01-15 00:00:00-05:00,1290.099976,1292.699951,1286.199951,1286.199951,3.0,0.0
2019-01-16 00:00:00-05:00,1291.599976,1291.599976,1291.599976,1291.599976,2.0,0.0
2019-01-17 00:00:00-05:00,1291.599976,1292.699951,1288.5,1291.0,10.0,0.0
2019-01-18 00:00:00-05:00,1281.300049,1281.300049,1281.300049,1281.300049,3.0,0.0
2019-01-19 00:00:00-05:00,1281.60003675,1281.800049,1281.60003675,1281.60003675,4.0,0.0
2019-01-20 00:00:00-05:00,1281.9000245,1282.300049,1281.9000245,1281.9000245,5.0,0.0
2019-01-21 00:00:00-05:00,1282.2000122499999,1282.800049,1282.2000122499999,1282.2000122499999,6.0,0.0
2019-01-22 00:00:00-05:00,1282.5,1283.300049,1282.5,1282.5,7.0,0.0
2019-01-23 00:00:00-05:00,1281.699951,1283.900024,1278.699951,1283.099976,14.0,0.0
2019-01-24 00:00:00-05:00,1279.099976,1279.099976,1278.5,1279.099976,1.0,0.0
2019-01-25 00:00:00-05:00,1297.400024,1297.400024,1297.400024,1297.400024,0.0,0.0
2019-01-26 00:00:00-05:00,1298.5333656666667,1300.6333413333334,1297.7333573333333,1299.0666906666668,18.0,0.0
2019-01-27 00:00:00-05:00,1299.6667073333333,1303.8666586666666,1298.0666906666668,1300.7333573333333,36.0,0.0
2019-01-28 00:00:00-05:00,1300.800049,1307.099976,1298.400024,1302.400024,54.0,0.0
2019-01-29 00:00:00-05:00,1308.199951,1308.199951,1308.199951,1308.199951,54125.0,0.0
2019-01-30 00:00:00-05:00,1310.400024,1323.400024,1308.099976,1309.900024,54293.4,0.0
2019-01-31 00:00:00-05:00,1320.0,1325.400024,1316.699951,1319.699951,1970.0,0.0
2019-02-01 00:00:00-05:00,1320.300049,1320.699951,1315.400024,1316.900024,878.0,0.0
2019-02-02 00:00:00-05:00,1319.5666913333332,1319.8332926666667,1313.0333656666667,1316.0333656666667,810.3333333333334,0.0
2019-02-03 00:00:00-05:00,1318.8333336666667,1318.9666343333333,1310.6667073333333,1315.1667073333333,742.6666666666666,0.0
2019-02-04 00:00:00-05:00,1318.099976,1318.099976,1308.300049,1314.300049,675.0,0.0
2019-02-05 00:00:00-05:00,1311.099976,1315.099976,1311.0,1314.199951,362.0,0.0
2019-02-06 00:00:00-05:00,1312.5,1313.5,1305.0,1309.5,358.0,0.0
2019-02-07 00:00:00-05:00,1302.900024,1310.400024,1302.199951,1309.400024,203.0,0.0
2019-02-08 00:00:00-05:00,1309.5,1314.0,1307.800049,1313.699951,122.0,0.0
2019-02-09 00:00:00-05:00,1310.800008,1313.800008,1306.766683,1311.466634,121.0,0.0
2019-02-10 00:00:00-05:00,1312.100016,1313.600016,1305.733317,1309.233317,120.0,0.0
2019-02-11 00:00:00-05:00,1313.400024,1313.400024,1304.699951,1307.0,119.0,0.0
2019-02-12 00:00:00-05:00,1310.0,1312.0,1307.599976,1309.199951,109.0,0.0
2019-02-13 00:00:00-05:00,1311.599976,1316.0,1308.099976,1310.800049,143.0,0.0
2019-02-14 00:00:00-05:00,1305.0,1311.800049,1301.599976,1309.800049,858.0,0.0
2019-02-15 00:00:00-05:00,1313.599976,1318.800049,1313.599976,1318.099976,190.0,0.0
2019-02-16 00:00:00-05:00,1315.424988,1324.12503075,1315.324982,1323.599976,240.0,0.0
2019-02-17 00:00:00-05:00,1317.25,1329.4500125,1317.049988,1329.099976,290.0,0.0
2019-02-18 00:00:00-05:00,1319.075012,1334.77499425,1318.7749939999999,1334.599976,340.0,0.0
2019-02-19 00:00:00-05:00,1320.900024,1340.099976,1320.5,1340.099976,390.0,0.0
2019-02-20 00:00:00-05:00,1342.199951,1344.0,1338.0,1343.300049,581.0,0.0
2019-02-21 00:00:00-05:00,1331.300049,1334.900024,1320.900024,1323.5,414.0,0.0
2019-02-22 00:00:00-05:00,1324.199951,1331.300049,1321.0,1329.199951,718.0,0.0
2019-02-23 00:00:00-05:00,1325.8666176666668,1331.4000246666667,1322.5333253333333,1328.0999753333333,540.3333333333334,0.0
2019-02-24 00:00:00-05:00,1327.5332843333333,1331.5000003333332,1324.0666506666666,1326.9999996666668,362.6666666666667,0.0
2019-02-25 00:00:00-05:00,1329.199951,1331.599976,1325.599976,1325.900024,185.0,0.0
2019-02-26 00:00:00-05:00,1323.300049,1325.5,1323.300049,1325.099976,939.0,0.0
2019-02-27 00:00:00-05:00,1327.699951,1327.900024,1316.5,1317.699951,604.0,0.0
2019-02-28 00:00:00-05:00,1321.099976,1323.699951,1311.5,1312.800049,141.0,0.0
2019-03-01 00:00:00-05:00,1312.199951,1312.199951,1288.900024,1296.400024,110.0,0.0
2019-03-02 00:00:00-05:00,1303.2999673333334,1303.7999673333334,1286.5666906666668,1292.5333656666667,82.66666666666667,0.0
2019-03-03 00:00:00-05:00,1294.3999836666667,1295.3999836666667,1284.2333573333333,1288.6667073333333,55.333333333333336,0.0
2019-03-04 00:00:00-05:00,1285.5,1287.0,1281.900024,1284.800049,28.0,0.0
2019-03-05 00:00:00-05:00,1287.0,1287.0,1282.0,1282.0,114.0,0.0
2019-03-06 00:00:00-05:00,1287.099976,1287.099976,1282.599976,1284.900024,14.0,0.0
2019-03-07 00:00:00-05:00,1281.0,1284.599976,1281.0,1283.800049,11.0,0.0
2019-03-08 00:00:00-05:00,1292.099976,1297.400024,1291.599976,1297.0,10.0,0.0
2019-03-09 00:00:00-05:00,1293.0107643817428,1298.2888204813278,1292.4979014107882,1297.8755186721992,10.377593360995851,0.0
2019-03-10 00:00:00-05:00,1293.9215527634854,1299.1776169626555,1293.3958268215767,1298.7510373443984,10.755186721991702,0.0
2019-03-11 00:00:00-05:00,1294.8323411452282,1300.0664134439835,1294.293752232365,1299.6265560165975,11.132780082987551,0.0
2019-03-12 00:00:00-05:00,1295.743129526971,1300.9552099253112,1295.1916776431535,1300.5020746887967,11.510373443983402,0.0
2019-03-13 00:00:00-05:00,1296.6539179087138,1301.844006406639,1296.0896030539418,1301.377593360996,11.887966804979254,0.0
2019-03-14 00:00:00-05:00,1297.5647062904563,1302.7328028879667,1296.9875284647303,1302.253112033195,12.265560165975103,0.0
2019-03-15 00:00:00-05:00,1298.4754946721991,1303.6215993692947,1297.8854538755186,1303.1286307053942,12.643153526970954,0.0
2019-03-16 00:00:00-05:00,1299.386283053942,1304.5103958506224,1298.783379286307,1304.0041493775934,13.020746887966805,0.0
2019-03-17 00:00:00-05:00,1300.2970714356845,1305.3991923319502,1299.6813046970954,1304.8796680497926,13.398340248962656,0.0
2019-03-18 00:00:00-05:00,1301.2078598174273,1306.287988813278,1300.5792301078839,1305.7551867219918,13.775933609958507,0.0
2019-03-19 00:00:00-05:00,1302.1186481991701,1307.176785294606,1301.4771555186721,1306.630705394191,14.153526970954356,0.0
2019-03-20 00:00:00-05:00,1303.029436580913,1308.0655817759337,1302.3750809294606,1307.5062240663901,14.531120331950207,0.0
2019-03-21 00:00:00-05:00,1303.9402249626555,1308.9543782572614,1303.273006340249,1308.3817427385893,14.908713692946058,0.0
2019-03-22 00:00:00-05:00,1304.8510133443983,1309.8431747385891,1304.1709317510374,1309.2572614107885,15.286307053941908,0.0
2019-03-23 00:00:00-05:00,1305.7618017261411,1310.731971219917,1305.0688571618257,1310.1327800829877,15.663900414937759,0.0
2019-03-24 00:00:00-05:00,1306.6725901078837,1311.6207677012449,1305.9667825726142,1311.0082987551866,16.04149377593361,0.0
2019-03-25 00:00:00-05:00,1307.5833784896265,1312.5095641825726,1306.8647079834025,1311.8838174273858,16.419087136929463,0.0
2019-03-26 00:00:00-05:00,1308.4941668713693,1313.3983606639003,1307.7626333941907,1312.759336099585,16.796680497925312,0.0
2019-03-27 00:00:00-05:00,1309.404955253112,1314.2871571452283,1308.6605588049792,1313.6348547717841,17.17427385892116,0.0
2019-03-28 00:00:00-05:00,1310.3157436348547,1315.175953626556,1309.5584842157675,1314.5103734439833,17.551867219917014,0.0
2019-03-29 00:00:00-05:00,1311.2265320165975,1316.0647501078838,1310.456409626556,1315.3858921161825,17.929460580912863,0.0
2019-03-30 00:00:00-05:00,1312.1373203983403,1316.9535465892116,1311.3543350373443,1316.2614107883817,18.307053941908713,0.0
2019-03-31 00:00:00-05:00,1313.0481087800829,1317.8423430705395,1312.2522604481328,1317.1369294605809,18.684647302904565,0.0
2019-04-01 00:00:00-05:00,1313.9588971618257,1318.7311395518673,1313.150185858921,1318.01244813278,19.062240663900415,0.0
2019-04-02 00:00:00-05:00,1314.8696855435685,1319.619936033195,1314.0481112697096,1318.8879668049792,19.439834024896264,0.0
2019-04-03 00:00:00-05:00,1315.780473925311,1320.5087325145228,1314.9460366804979,1319.7634854771784,19.817427385892117,0.0
2019-04-04 00:00:00-05:00,1316.6912623070539,1321.3975289958507,1315.8439620912864,1320.6390041493776,20.195020746887966,0.0
2019-04-05 00:00:00-05:00,1317.6020506887967,1322.2863254771785,1316.7418875020746,1321.5145228215767,20.572614107883815,0.0
2019-04-06 00:00:00-05:00,1318.5128390705395,1323.1751219585062,1317.6398129128631,1322.390041493776,20.95020746887967,0.0
2019-04-07 00:00:00-05:00,1319.423627452282,1324.063918439834,1318.5377383236514,1323.265560165975,21.327800829875518,0.0
2019-04-08 00:00:00-05:00,1320.3344158340249,1324.952714921162,1319.43566373444,1324.1410788381743,21.705394190871367,0.0
2019-04-09 00:00:00-05:00,1321.2452042157677,1325.8415114024897,1320.3335891452282,1325.0165975103735,22.08298755186722,0.0
2019-04-10 00:00:00-05:00,1322.1559925975102,1326.7303078838174,1321.2315145560165,1325.8921161825726,22.460580912863072,0.0
2019-04-11 00:00:00-05:00,1323.066780979253,1327.6191043651452,1322.129439966805,1326.7676348547718,22.83817427385892,0.0
2019-04-12 00:00:00-05:00,1323.9775693609959,1328.5079008464731,1323.0273653775932,1327.643153526971,23.21576763485477,0.0
2019-04-13 00:00:00-05:00,1324.8883577427387,1329.396697327801,1323.9252907883817,1328.5186721991702,23.593360995850624,0.0
2019-04-14 00:00:00-05:00,1325.7991461244812,1330.2854938091286,1324.82321619917,1329.3941908713693,23.970954356846473,0.0
2019-04-15 00:00:00-05:00,1326.709934506224,1331.1742902904564,1325.7211416099585,1330.2697095435685,24.348547717842322,0.0
2019-04-16 00:00:00-05:00,1327.6207228879668,1332.0630867717844,1326.6190670207468,1331.1452282157677,24.726141078838175,0.0
2019-04-17 00:00:00-05:00,1328.5315112697094,1332.951883253112,1327.5169924315353,1332.0207468879669,25.103734439834025,0.0
2019-04-18 00:00:00-05:00,1329.4422996514522,1333.8406797344398,1328.4149178423236,1332.896265560166,25.481327800829874,0.0
2019-04-19 00:00:00-05:00,1330.353088033195,1334.7294762157676,1329.312843253112,1333.7717842323652,25.858921161825727,0.0
2019-04-20 00:00:00-05:00,1331.2638764149378,1335.6182726970956,1330.2107686639004,1334.6473029045644,26.236514522821576,0.0
2019-04-21 00:00:00-05:00,1332.1746647966804,1336.5070691784233,1331.1086940746889,1335.5228215767636,26.614107883817425,0.0
2019-04-22 00:00:00-05:00,1333.0854531784232,1337.395865659751,1332.0066194854771,1336.3983402489625,26.991701244813278,0.0
2019-04-23 00:00:00-05:00,1333.996241560166,1338.2846621410788,1332.9045448962656,1337.2738589211617,27.369294605809127,0.0
2019-04-24 00:00:00-05:00,1334.9070299419086,1339.1734586224065,1333.802470307054,1338.149377593361,27.74688796680498,0.0
2019-04-25 00:00:00-05:00,1335.8178183236514,1340.0622551037345,1334.7003957178422,1339.02489626556,28.12448132780083,0.0
2019-04-26 00:00:00-05:00,1336.7286067053942,1340.9510515850623,1335.5983211286307,1339.9004149377593,28.50207468879668,0.0
2019-04-27 00:00:00-05:00,1337.6393950871368,1341.83984806639,1336.496246539419,1340.7759336099584,28.87966804979253,0.0
2019-04-28 00:00:00-05:00,1338.5501834688796,1342.7286445477177,1337.3941719502075,1341.6514522821576,29.25726141078838,0.0
2019-04-29 00:00:00-05:00,1339.4609718506224,1343.6174410290457,1338.2920973609957,1342.5269709543568,29.634854771784234,0.0
2019-04-30 00:00:00-05:00,1340.3717602323652,1344.5062375103735,1339.1900227717842,1343.402489626556,30.012448132780083,0.0
2019-05-01 00:00:00-05:00,1341.2825486141078,1345.3950339917012,1340.0879481825725,1344.2780082987551,30.390041493775932,0.0
2019-05-02 00:00:00-05:00,1342.1933369958506,1346.283830473029,1340.985873593361,1345.1535269709543,30.767634854771785,0.0
2019-05-03 00:00:00-05:00,1343.1041253775934,1347.172626954357,1341.8837990041493,1346.0290456431535,31.145228215767634,0.0
2019-05-04 00:00:00-05:00,1344.014913759336,1348.0614234356847,1342.7817244149378,1346.9045643153527,31.522821576763484,0.0
2019-05-05 00:00:00-05:00,1344.9257021410788,1348.9502199170124,1343.679649825726,1347.7800829875519,31.900414937759336,0.0
2019-05-06 00:00:00-05:00,1345.8364905228216,1349.8390163983402,1344.5775752365146,1348.655601659751,32.27800829875518,0.0
2019-05-07 00:00:00-05:00,1346.7472789045644,1350.7278128796681,1345.4755006473029,1349.5311203319502,32.655601659751035,0.0
2019-05-08 00:00:00-05:00,1347.658067286307,1351.6166093609959,1346.3734260580914,1350.4066390041494,33.03319502074689,0.0
2019-05-09 00:00:00-05:00,1348.5688556680498,1352.5054058423236,1347.2713514688796,1351.2821576763486,33.410788381742734,0.0
2019-05-10 00:00:00-05:00,1349.4796440497926,1353.3942023236514,1348.1692768796681,1352.1576763485477,33.78838174273859,0.0
2019-05-11 00:00:00-05:00,1350.3904324315351,1354.2829988049793,1349.0672022904564,1353.033195020747,34.16597510373444,0.0
2019-05-12 00:00:00-05:00,1351.301220813278,1355.171795286307,1349.9651277012447,1353.908713692946,34.543568464730285,0.0
2019-05-13 00:00:00-05:00,1352.2120091950208,1356.0605917676348,1350.8630531120332,1354.7842323651453,34.921161825726145,0.0
2019-05-14 00:00:00-05:00,1353.1227975767636,1356.9493882489626,1351.7609785228215,1355.6597510373444,35.29875518672199,0.0
2019-05-15 00:00:00-05:00,1354.0335859585061,1357.8381847302905,1352.65890393361,1356.5352697095436,35.67634854771784,0.0
2019-05-16 00:00:00-05:00,1354.944374340249,1358.7269812116183,1353.5568293443982,1357.4107883817428,36.053941908713696,0.0
2019-05-17 00:00:00-05:00,1355.8551627219917,1359.615777692946,1354.4547547551867,1358.286307053942,36.43153526970954,0.0
2019-05-18 00:00:00-05:00,1356.7659511037343,1360.5045741742738,1355.352680165975,1359.1618257261412,36.809128630705395,0.0
2019-05-19 00:00:00-05:00,1357.6767394854771,1361.3933706556018,1356.2506055767635,1360.0373443983403,37.18672199170125,0.0
2019-05-20 00:00:00-05:00,1358.58752786722,1362.2821671369295,1357.1485309875518,1360.9128630705395,37.56431535269709,0.0
2019-05-21 00:00:00-05:00,1359.4983162489625,1363.1709636182572,1358.0464563983403,1361.7883817427387,37.941908713692946,0.0
2019-05-22 00:00:00-05:00,1360.4091046307053,1364.059760099585,1358.9443818091286,1362.6639004149379,38.3195020746888,0.0
2019-05-23 00:00:00-05:00,1361.3198930124481,1364.948556580913,1359.842307219917,1363.539419087137,38.697095435684645,0.0
2019-05-24 00:00:00-05:00,1362.230681394191,1365.8373530622407,1360.7402326307053,1364.414937759336,39.0746887966805,0.0
2019-05-25 00:00:00-05:00,1363.1414697759335,1366.7261495435685,1361.6381580414939,1365.2904564315352,39.45228215767635,0.0
2019-05-26 00:00:00-05:00,1364.0522581576763,1367.6149460248962,1362.5360834522821,1366.1659751037344,39.829875518672196,0.0
2019-05-27 00:00:00-05:00,1364.963046539419,1368.5037425062242,1363.4340088630706,1367.0414937759335,40.20746887966805,0.0
2019-05-28 00:00:00-05:00,1365.8738349211617,1369.392538987552,1364.331934273859,1367.9170124481327,40.5850622406639,0.0
2019-05-29 00:00:00-05:00,1366.7846233029045,1370.2813354688797,1365.2298596846472,1368.792531120332,40.96265560165975,0.0
2019-05-30 00:00:00-05:00,1367.6954116846473,1371.1701319502074,1366.1277850954357,1369.668049792531,41.3402489626556,0.0
2019-05-31 00:00:00-05:00,1368.60620006639,1372.0589284315354,1367.025710506224,1370.5435684647302,41.71784232365145,0.0
2019-06-01 00:00:00-05:00,1369.5169884481327,1372.9477249128631,1367.9236359170125,1371.4190871369294,42.0954356846473,0.0
2019-06-02 00:00:00-05:00,1370.4277768298755,1373.8365213941909,1368.8215613278007,1372.2946058091286,42.47302904564315,0.0
2019-06-03 00:00:00-05:00,1371.3385652116183,1374.7253178755186,1369.7194867385892,1373.1701244813278,42.850622406639005,0.0
2019-06-04 00:00:00-05:00,1372.2493535933609,1375.6141143568466,1370.6174121493775,1374.045643153527,43.22821576763485,0.0
2019-06-05 00:00:00-05:00,1373.1601419751037,1376.5029108381743,1371.515337560166,1374.9211618257261,43.6058091286307,0.0
2019-06-06 00:00:00-05:00,1374.0709303568465,1377.391707319502,1372.4132629709543,1375.7966804979253,43.983402489626556,0.0
2019-06-07 00:00:00-05:00,1374.9817187385893,1378.2805038008298,1373.3111883817428,1376.6721991701245,44.36099585062241,0.0
2019-06-08 00:00:00-05:00,1375.8925071203319,1379.1693002821576,1374.209113792531,1377.5477178423237,44.738589211618255,0.0
2019-06-09 00:00:00-05:00,1376.8032955020747,1380.0580967634855,1375.1070392033196,1378.4232365145228,45.11618257261411,0.0
2019-06-10 00:00:00-05:00,1377.7140838838175,1380.9468932448133,1376.0049646141078,1379.298755186722,45.49377593360996,0.0
2019-06-11 00:00:00-05:00,1378.62487226556,1381.835689726141,1376.9028900248964,1380.1742738589212,45.871369294605806,0.0
2019-06-12 00:00:00-05:00,1379.5356606473028,1382.724486207469,1377.8008154356846,1381.0497925311204,46.24896265560166,0.0
2019-06-13 00:00:00-05:00,1380.4464490290457,1383.6132826887967,1378.698740846473,1381.9253112033196,46.62655601659751,0.0
2019-06-14 00:00:00-05:00,1381.3572374107885,1384.5020791701245,1379.5966662572614,1382.8008298755187,47.00414937759336,0.0
2019-06-15 00:00:00-05:00,1382.268025792531,1385.3908756514522,1380.4945916680497,1383.676348547718,47.38174273858921,0.0
2019-06-16 00:00:00-05:00,1383.1788141742738,1386.27967213278,1381.3925170788382,1384.551867219917,47.75933609958506,0.0
2019-06-17 00:00:00-05:00,1384.0896025560166,1387.168468614108,1382.2904424896265,1385.4273858921163,48.13692946058091,0.0
2019-06-18 00:00:00-05:00,1385.0003909377592,1388.0572650954357,1383.188367900415,1386.3029045643154,48.51452282157676,0.0
2019-06-19 00:00:00-05:00,1385.911179319502,1388.9460615767634,1384.0862933112032,1387.1784232365146,48.892116182572614,0.0
2019-06-20 00:00:00-05:00,1386.8219677012448,1389.8348580580912,1384.9842187219917,1388.0539419087138,49.26970954356847,0.0
2019-06-21 00:00:00-05:00,1387.7327560829876,1390.7236545394192,1385.88214413278,1388.9294605809127,49.64730290456431,0.0
2019-06-22 00:00:00-05:00,1388.6435444647302,1391.612451020747,1386.7800695435685,1389.804979253112,50.024896265560166,0.0
2019-06-23 00:00:00-05:00,1389.554332846473,1392.5012475020746,1387.6779949543568,1390.680497925311,50.40248962655602,0.0
2019-06-24 00:00:00-05:00,1390.4651212282158,1393.3900439834024,1388.5759203651453,1391.5560165975103,50.780082987551864,0.0
2019-06-25 00:00:00-05:00,1391.3759096099584,1394.2788404647304,1389.4738457759336,1392.4315352697095,51.15767634854772,0.0
2019-06-26 00:00:00-05:00,1392.2866979917012,1395.167636946058,1390.371771186722,1393.3070539419086,51.53526970954357,0.0
2019-06-27 00:00:00-05:00,1393.197486373444,1396.0564334273859,1391.2696965975103,1394.1825726141078,51.912863070539416,0.0
2019-06-28 00:00:00-05:00,1394.1082747551866,1396.9452299087136,1392.1676220082986,1395.058091286307,52.29045643153527,0.0
2019-06-29 00:00:00-05:00,1395.0190631369294,1397.8340263900416,1393.0655474190871,1395.9336099585062,52.66804979253112,0.0
2019-06-30 00:00:00-05:00,1395.9298515186722,1398.7228228713693,1393.9634728298754,1396.8091286307053,53.04564315352697,0.0
2019-07-01 00:00:00-05:00,1396.840639900415,1399.611619352697,1394.861398240664,1397.6846473029045,53.42323651452282,0.0
2019-07-02 00:00:00-05:00,1397.7514282821576,1400.5004158340248,1395.7593236514522,1398.5601659751037,53.80082987551867,0.0
2019-07-03 00:00:00-05:00,1398.6622166639004,1401.3892123153528,1396.6572490622407,1399.4356846473029,54.17842323651452,0.0
2019-07-04 00:00:00-05:00,1399.5730050456432,1402.2780087966805,1397.555174473029,1400.311203319502,54.55601659751037,0.0
2019-07-05 00:00:00-05:00,1400.4837934273858,1403.1668052780083,1398.4530998838175,1401.1867219917012,54.933609958506224,0.0
2019-07-06 00:00:00-05:00,1401.3945818091286,1404.055601759336,1399.3510252946057,1402.0622406639004,55.31120331950207,0.0
2019-07-07 00:00:00-05:00,1402.3053701908714,1404.944398240664,1400.2489507053942,1402.9377593360996,55.68879668049792,0.0
2019-07-08 00:00:00-05:00,1403.2161585726142,1405.8331947219917,1401.1468761161825,1403.8132780082988,56.066390041493776,0.0
2019-07-09 00:00:00-05:00,1404.1269469543568,1406.7219912033195,1402.044801526971,1404.688796680498,56.44398340248963,0.0
2019-07-10 00:00:00-05:00,1405.0377353360996,1407.6107876846472,1402.9427269377593,1405.5643153526971,56.821576763485474,0.0
2019-07-11 00:00:00-05:00,1405.9485237178424,1408.4995841659752,1403.8406523485478,1406.4398340248963,57.19917012448133,0.0
2019-07-12 00:00:00-05:00,1406.859312099585,1409.388380647303,1404.738577759336,1407.3153526970955,57.57676348547718,0.0
2019-07-13 00:00:00-05:00,1407.7701004813277,1410.2771771286307,1405.6365031701243,1408.1908713692947,57.954356846473026,0.0
2019-07-14 00:00:00-05:00,1408.6808888630705,1411.1659736099584,1406.5344285809128,1409.0663900414938,58.33195020746888,0.0
2019-07-15 00:00:00-05:00,1409.5916772448131,1412.0547700912864,1407.4323539917013,1409.941908713693,58.70954356846473,0.0
2019-07-16 00:00:00-05:00,1410.502465626556,1412.9435665726141,1408.3302794024896,1410.8174273858922,59.08713692946058,0.0
2019-07-17 00:00:00-05:00,1411.4132540082987,1413.832363053942,1409.228204813278,1411.6929460580914,59.46473029045643,0.0
2019-07-18 00:00:00-05:00,1412.3240423900415,1414.7211595352696,1410.1261302240664,1412.5684647302905,59.84232365145228,0.0
2019-07-19 00:00:00-05:00,1413.2348307717841,1415.6099560165976,1411.0240556348547,1413.4439834024897,60.21991701244813,0.0
2019-07-20 00:00:00-05:00,1414.145619153527,1416.4987524979254,1411.9219810456432,1414.319502074689,60.59751037344398,0.0
2019-07-21 00:00:00-05:00,1415.0564075352697,1417.387548979253,1412.8199064564315,1415.195020746888,60.975103734439834,0.0
2019-07-22 00:00:00-05:00,1415.9671959170123,1418.2763454605808,1413.71783186722,1416.0705394190873,61.35269709543569,0.0
2019-07-23 00:00:00-05:00,1416.877984298755,1419.1651419419086,1414.6157572780082,1416.9460580912862,61.73029045643153,0.0
2019-07-24 00:00:00-05:00,1417.788772680498,1420.0539384232366,1415.5136826887967,1417.8215767634854,62.107883817427386,0.0
2019-07-25 00:00:00-05:00,1418.6995610622407,1420.9427349045643,1416.411608099585,1418.6970954356846,62.48547717842324,0.0
2019-07-26 00:00:00-05:00,1419.6103494439833,1421.831531385892,1417.3095335103735,1419.5726141078837,62.863070539419084,0.0
2019-07-27 00:00:00-05:00,1420.521137825726,1422.72032786722,1418.2074589211618,1420.448132780083,63.24066390041494,0.0
2019-07-28 00:00:00-05:00,1421.431926207469,1423.6091243485478,1419.1053843319503,1421.323651452282,63.61825726141079,0.0
2019-07-29 00:00:00-05:00,1422.3427145892115,1424.4979208298755,1420.0033097427386,1422.1991701244813,63.995850622406635,0.0
2019-07-30 00:00:00-05:00,1423.2535029709543,1425.3867173112033,1420.901235153527,1423.0746887966804,64.3734439834025,0.0
2019-07-31 00:00:00-05:00,1424.164291352697,1426.275513792531,1421.7991605643153,1423.9502074688796,64.75103734439834,0.0
2019-08-01 00:00:00-05:00,1425.07507973444,1427.164310273859,1422.6970859751036,1424.8257261410788,65.12863070539419,0.0
2019-08-02 00:00:00-05:00,1425.9858681161825,1428.0531067551867,1423.5950113858921,1425.701244813278,65.50622406639005,0.0
2019-08-03 00:00:00-05:00,1426.8966564979253,1428.9419032365145,1424.4929367966804,1426.5767634854772,65.88381742738589,0.0
2019-08-04 00:00:00-05:00,1427.807444879668,1429.8306997178424,1425.390862207469,1427.4522821576763,66.26141078838174,0.0
2019-08-05 00:00:00-05:00,1428.7182332614107,1430.7194961991702,1426.2887876182572,1428.3278008298755,66.6390041493776,0.0
2019-08-06 00:00:00-05:00,1429.6290216431535,1431.608292680498,1427.1867130290457,1429.2033195020747,67.01659751037344,0.0
2019-08-07 00:00:00-05:00,1430.5398100248963,1432.4970891618257,1428.084638439834,1430.0788381742739,67.39419087136929,0.0
2019-08-08 00:00:00-05:00,1431.450598406639,1433.3858856431534,1428.9825638506225,1430.954356846473,67.77178423236515,0.0
2019-08-09 00:00:00-05:00,1432.3613867883817,1434.2746821244814,1429.8804892614107,1431.8298755186722,68.149377593361,0.0
2019-08-10 00:00:00-05:00,1433.2721751701245,1435.1634786058091,1430.7784146721992,1432.7053941908714,68.52697095435684,0.0
2019-08-11 00:00:00-05:00,1434.1829635518673,1436.0522750871369,1431.6763400829875,1433.5809128630706,68.9045643153527,0.0
2019-08-12 00:00:00-05:00,1435.0937519336098,1436.9410715684646,1432.574265493776,1434.4564315352698,69.28215767634855,0.0
2019-08-13 00:00:00-05:00,1436.0045403153526,1437.8298680497926,1433.4721909045643,1435.331950207469,69.65975103734439,0.0
2019-08-14 00:00:00-05:00,1436.9153286970954,1438.7186645311203,1434.3701163153528,1436.207468879668,70.03734439834025,0.0
2019-08-15 00:00:00-05:00,1437.8261170788383,1439.607461012448,1435.268041726141,1437.0829875518673,70.4149377593361,0.0
2019-08-16 00:00:00-05:00,1438.7369054605808,1440.4962574937758,1436.1659671369293,1437.9585062240665,70.79253112033194,0.0
2019-08-17 00:00:00-05:00,1439.6476938423236,1441.3850539751038,1437.0638925477178,1438.8340248962656,71.1701244813278,0.0
2019-08-18 00:00:00-05:00,1440.5584822240664,1442.2738504564315,1437.9618179585061,1439.7095435684648,71.54771784232365,0.0
2019-08-19 00:00:00-05:00,1441.469270605809,1443.1626469377593,1438.8597433692946,1440.5850622406638,71.9253112033195,0.0
2019-08-20 00:00:00-05:00,1442.3800589875518,1444.051443419087,1439.757668780083,1441.460580912863,72.30290456431536,0.0
2019-08-21 00:00:00-05:00,1443.2908473692946,1444.940239900415,1440.6555941908714,1442.3360995850621,72.6804979253112,0.0
2019-08-22 00:00:00-05:00,1444.2016357510374,1445.8290363817428,1441.5535196016597,1443.2116182572613,73.05809128630705,0.0
2019-08-23 00:00:00-05:00,1445.11242413278,1446.7178328630705,1442.4514450124482,1444.0871369294605,73.4356846473029,0.0
2019-08-24 00:00:00-05:00,1446.0232125145228,1447.6066293443982,1443.3493704232365,1444.9626556016597,73.81327800829875,0.0
2019-08-25 00:00:00-05:00,1446.9340008962656,1448.4954258257262,1444.247295834025,1445.8381742738588,74.1908713692946,0.0
2019-08-26 00:00:00-05:00,1447.8447892780082,1449.384222307054,1445.1452212448132,1446.713692946058,74.56846473029046,0.0
2019-08-27 00:00:00-05:00,1448.755577659751,1450.2730187883817,1446.0431466556017,1447.5892116182572,74.9460580912863,0.0
2019-08-28 00:00:00-05:00,1449.6663660414938,1451.1618152697095,1446.94107206639,1448.4647302904564,75.32365145228215,0.0
2019-08-29 00:00:00-05:00,1450.5771544232366,1452.0506117510374,1447.8389974771785,1449.3402489626556,75.70124481327801,0.0
2019-08-30 00:00:00-05:00,1451.4879428049792,1452.9394082323652,1448.7369228879668,1450.2157676348547,76.07883817427386,0.0
2019-08-31 00:00:00-05:00,1452.398731186722,1453.828204713693,1449.634848298755,1451.091286307054,76.4564315352697,0.0
2019-09-01 00:00:00-05:00,1453.3095195684648,1454.7170011950207,1450.5327737095436,1451.966804979253,76.83402489626556,0.0
2019-09-02 00:00:00-05:00,1454.2203079502074,1455.6057976763486,1451.430699120332,1452.8423236514523,77.2116182572614,0.0
2019-09-03 00:00:00-05:00,1455.1310963319502,1456.4945941576764,1452.3286245311203,1453.7178423236514,77.58921161825727,0.0
2019-09-04 00:00:00-05:00,1456.041884713693,1457.3833906390041,1453.2265499419086,1454.5933609958506,77.96680497925311,0.0
2019-09-05 00:00:00-05:00,1456.9526730954356,1458.2721871203319,1454.1244753526971,1455.4688796680498,78.34439834024896,0.0
2019-09-06 00:00:00-05:00,1457.8634614771784,1459.1609836016596,1455.0224007634854,1456.344398340249,78.72199170124482,0.0
2019-09-07 00:00:00-05:00,1458.7742498589212,1460.0497800829876,1455.920326174274,1457.2199170124481,79.09958506224066,0.0
2019-09-08 00:00:00-05:00,1459.6850382406637,1460.9385765643153,1456.8182515850622,1458.0954356846473,79.47717842323651,0.0
2019-09-09 00:00:00-05:00,1460.5958266224065,1461.827373045643,1457.7161769958507,1458.9709543568465,79.85477178423237,0.0
2019-09-10 00:00:00-05:00,1461.5066150041494,1462.716169526971,1458.614102406639,1459.8464730290457,80.23236514522821,0.0
2019-09-11 00:00:00-05:00,1462.4174033858922,1463.6049660082988,1459.5120278174275,1460.7219917012449,80.60995850622406,0.0
2019-09-12 00:00:00-05:00,1463.3281917676347,1464.4937624896265,1460.4099532282157,1461.597510373444,80.98755186721992,0.0
2019-09-13 00:00:00-05:00,1464.2389801493775,1465.3825589709543,1461.3078786390042,1462.4730290456432,81.36514522821577,0.0
2019-09-14 00:00:00-05:00,1465.1497685311203,1466.271355452282,1462.2058040497925,1463.3485477178424,81.74273858921161,0.0
2019-09-15 00:00:00-05:00,1466.060556912863,1467.16015193361,1463.1037294605808,1464.2240663900416,82.12033195020747,0.0
2019-09-16 00:00:00-05:00,1466.9713452946057,1468.0489484149377,1464.0016548713693,1465.0995850622407,82.49792531120332,0.0
2019-09-17 00:00:00-05:00,1467.8821336763485,1468.9377448962655,1464.8995802821578,1465.97510373444,82.87551867219916,0.0
2019-09-18 00:00:00-05:00,1468.7929220580913,1469.8265413775935,1465.797505692946,1466.850622406639,83.25311203319502,0.0
2019-09-19 00:00:00-05:00,1469.703710439834,1470.7153378589212,1466.6954311037343,1467.7261410788383,83.63070539419087,0.0
2019-09-20 00:00:00-05:00,1470.6144988215767,1471.604134340249,1467.5933565145228,1468.6016597510375,84.00829875518671,0.0
2019-09-21 00:00:00-05:00,1471.5252872033195,1472.4929308215767,1468.4912819253111,1469.4771784232366,84.38589211618257,0.0
2019-09-22 00:00:00-05:00,1472.436075585062,1473.3817273029044,1469.3892073360996,1470.3526970954356,84.76348547717842,0.0
2019-09-23 00:00:00-05:00,1473.346863966805,1474.2705237842324,1470.287132746888,1471.2282157676348,85.14107883817427,0.0
2019-09-24 00:00:00-05:00,1474.2576523485477,1475.1593202655602,1471.1850581576764,1472.103734439834,85.51867219917013,0.0
2019-09-25 00:00:00-05:00,1475.1684407302905,1476.048116746888,1472.0829835684647,1472.9792531120331,85.89626556016597,0.0
2019-09-26 00:00:00-05:00,1476.079229112033,1476.9369132282156,1472.9809089792532,1473.8547717842323,86.27385892116182,0.0
2019-09-27 00:00:00-05:00,1476.990017493776,1477.8257097095436,1473.8788343900414,1474.7302904564315,86.65145228215768,0.0
2019-09-28 00:00:00-05:00,1477.9008058755187,1478.7145061908714,1474.77675980083,1475.6058091286307,87.02904564315352,0.0
2019-09-29 00:00:00-05:00,1478.8115942572613,1479.603302672199,1475.6746852116182,1476.4813278008298,87.40663900414937,0.0
2019-09-30 00:00:00-05:00,1479.722382639004,1480.4920991535269,1476.5726106224065,1477.356846473029,87.78423236514523,0.0
2019-10-01 00:00:00-05:00,1480.6331710207469,1481.3808956348548,1477.470536033195,1478.2323651452282,88.16182572614107,0.0
2019-10-02 00:00:00-05:00,1481.5439594024897,1482.2696921161826,1478.3684614439835,1479.1078838174274,88.53941908713693,0.0
2019-10-03 00:00:00-05:00,1482.4547477842323,1483.1584885975103,1479.2663868547718,1479.9834024896265,88.91701244813278,0.0
2019-10-04 00:00:00-05:00,1483.365536165975,1484.047285078838,1480.16431226556,1480.8589211618257,89.29460580912863,0.0
2019-10-05 00:00:00-05:00,1484.2763245477179,1484.936081560166,1481.0622376763486,1481.734439834025,89.67219917012449,0.0
2019-10-06 00:00:00-05:00,1485.1871129294605,1485.8248780414938,1481.9601630871368,1482.609958506224,90.04979253112033,0.0
2019-10-07 00:00:00-05:00,1486.0979013112033,1486.7136745228215,1482.8580884979253,1483.4854771784233,90.42738589211618,0.0
2019-10-08 00:00:00-05:00,1487.008689692946,1487.6024710041493,1483.7560139087136,1484.3609958506224,90.80497925311204,0.0
2019-10-09 00:00:00-05:00,1487.9194780746889,1488.4912674854772,1484.6539393195021,1485.2365145228216,91.18257261410788,0.0
2019-10-10 00:00:00-05:00,1488.8302664564314,1489.380063966805,1485.5518647302904,1486.1120331950208,91.56016597510373,0.0
2019-10-11 00:00:00-05:00,1489.7410548381743,1490.2688604481327,1486.449790141079,1486.98755186722,91.93775933609959,0.0
2019-10-12 00:00:00-05:00,1490.651843219917,1491.1576569294605,1487.3477155518672,1487.8630705394191,92.31535269709543,0.0
2019-10-13 00:00:00-05:00,1491.5626316016596,1492.0464534107884,1488.2456409626557,1488.7385892116183,92.69294605809128,0.0
2019-10-14 00:00:00-05:00,1492.4734199834024,1492.9352498921162,1489.143566373444,1489.6141078838175,93.07053941908714,0.0
2019-10-15 00:00:00-05:00,1493.3842083651452,1493.824046373444,1490.0414917842324,1490.4896265560167,93.44813278008299,0.0
2019-10-16 00:00:00-05:00,1494.294996746888,1494.7128428547717,1490.9394171950207,1491.3651452282159,93.82572614107883,0.0
2019-10-17 00:00:00-05:00,1495.2057851286306,1495.6016393360997,1491.8373426058092,1492.240663900415,94.20331950207469,0.0
2019-10-18 00:00:00-05:00,1496.1165735103734,1496.4904358174274,1492.7352680165975,1493.116182572614,94.58091286307054,0.0
2019-10-19 00:00:00-05:00,1497.0273618921162,1497.3792322987551,1493.6331934273858,1493.9917012448132,94.95850622406638,0.0
2019-10-20 00:00:00-05:00,1497.9381502738588,1498.268028780083,1494.5311188381743,1494.8672199170123,95.33609958506224,0.0
2019-10-21 00:00:00-05:00,1498.8489386556016,1499.1568252614106,1495.4290442489626,1495.7427385892115,95.71369294605809,0.0
2019-10-22 00:00:00-05:00,1499.7597270373444,1500.0456217427386,1496.326969659751,1496.6182572614107,96.09128630705393,0.0
2019-10-23 00:00:00-05:00,1500.6705154190872,1500.9344182240663,1497.2248950705393,1497.4937759336099,96.4688796680498,0.0
2019-10-24 00:00:00-05:00,1501.5813038008298,1501.823214705394,1498.1228204813278,1498.369294605809,96.84647302904564,0.0
2019-10-25 00:00:00-05:00,1502.4920921825726,1502.712011186722,1499.020745892116,1499.2448132780082,97.22406639004149,0.0
2019-10-26 00:00:00-05:00,1503.4028805643154,1503.6008076680498,1499.9186713029046,1500.1203319502074,97.60165975103735,0.0
2019-10-27 00:00:00-05:00,1504.313668946058,1504.4896041493776,1500.816596713693,1500.9958506224066,97.97925311203319,0.0
2019-10-28 00:00:00-05:00,1505.2244573278008,1505.3784006307053,1501.7145221244814,1501.8713692946058,98.35684647302904,0.0
2019-10-29 00:00:00-05:00,1506.1352457095436,1506.267197112033,1502.6124475352697,1502.746887966805,98.7344398340249,0.0
2019-10-30 00:00:00-05:00,1507.0460340912862,1507.155993593361,1503.5103729460582,1503.622406639004,99.11203319502074,0.0
2019-10-31 00:00:00-05:00,1507.956822473029,1508.0447900746888,1504.4082983568464,1504.4979253112033,99.48962655601659,0.0
2019-11-01 00:00:00-05:00,1508.8676108547718,1508.9335865560165,1505.306223767635,1505.3734439834025,99.86721991701245,0.0
2019-11-02 00:00:00-05:00,1509.7783992365146,1509.8223830373445,1506.2041491784232,1506.2489626556016,100.2448132780083,0.0
2019-11-03 00:00:00-05:00,1510.6891876182572,1510.7111795186722,1507.1020745892115,1507.1244813278008,100.62240663900414,0.0
2019-11-04 00:00:00-05:00,1511.599976,1511.599976,1508.0,1508.0,101.0,0.0
2019-11-05 00:00:00-05:00,1507.099976,1507.099976,1480.800049,1480.800049,31.0,0.0
2019-11-06 00:00:00-05:00,1483.199951,1491.0,1483.199951,1490.199951,567.0,0.0
2019-11-07 00:00:00-05:00,1489.099976,1489.099976,1464.199951,1464.199951,581.0,0.0
2019-11-08 00:00:00-05:00,1469.099976,1469.099976,1461.300049,1461.300049,21.0,0.0
2019-11-09 00:00:00-05:00,1466.399984,1466.399984,1457.300049,1459.3666993333334,21.333333333333332,0.0
2019-11-10 00:00:00-05:00,1463.699992,1463.699992,1453.300049,1457.4333496666666,21.666666666666668,0.0
2019-11-11 00:00:00-05:00,1461.0,1461.0,1449.300049,1455.5,22.0,0.0
2019-11-12 00:00:00-05:00,1454.900024,1454.900024,1447.099976,1452.099976,6.0,0.0
2019-11-13 00:00:00-05:00,1456.800049,1463.300049,1456.800049,1461.699951,56.0,0.0
2019-11-14 00:00:00-05:00,1463.800049,1471.800049,1463.699951,1471.800049,83.0,0.0
2019-11-15 00:00:00-05:00,1469.099976,1469.099976,1467.300049,1467.300049,13.0,0.0
2019-11-16 00:00:00-05:00,1470.0666506666666,1470.0666506666666,1468.1000163333333,1468.5000406666666,55.666666666666664,0.0
2019-11-17 00:00:00-05:00,1471.0333253333333,1471.0333253333333,1468.8999836666667,1469.7000323333334,98.33333333333333,0.0
2019-11-18 00:00:00-05:00,1472.0,1472.0,1469.699951,1470.900024,141.0,0.0
2019-11-19 00:00:00-05:00,1467.699951,1474.300049,1467.699951,1473.300049,18.0,0.0
2019-11-20 00:00:00-05:00,1472.599976,1474.5,1467.300049,1473.300049,31.0,0.0
2019-11-21 00:00:00-05:00,1463.099976,1463.099976,1463.099976,1463.099976,16.0,0.0
2019-11-22 00:00:00-05:00,1468.599976,1468.599976,1463.099976,1463.099976,19.0,0.0
2019-11-23 00:00:00-05:00,1464.7666426666667,1464.7666426666667,1460.5666506666666,1460.9333093333332,17.333333333333332,0.0
2019-11-24 00:00:00-05:00,1460.9333093333332,1460.9333093333332,1458.0333253333333,1458.7666426666667,15.666666666666666,0.0
2019-11-25 00:00:00-05:00,1457.099976,1457.099976,1455.5,1456.599976,14.0,0.0
2019-11-26 00:00:00-05:00,1459.800049,1459.800049,1459.800049,1459.800049,96489.53333333334,0.0
2019-11-27 00:00:00-05:00,1461.099976,1461.900024,1452.0,1453.400024,97890.4,0.0
2019-11-28 00:00:00-05:00,1457.349976,1463.75,1452.049988,1459.5,47692.0,0.0
2019-11-29 00:00:00-05:00,1453.599976,1465.599976,1452.099976,1465.599976,7020.0,0.0
2019-11-30 00:00:00-05:00,1456.666667,1465.199992,1452.5000003333332,1464.5000003333332,5404.0,0.0
2019-12-01 00:00:00-05:00,1459.733358,1464.800008,1452.9000246666667,1463.4000246666667,3788.0,0.0
2019-12-02 00:00:00-05:00,1462.800049,1464.400024,1453.300049,1462.300049,2172.0,0.0
2019-12-03 00:00:00-05:00,1461.599976,1480.400024,1459.5,1478.199951,1460.0,0.0
2019-12-04 00:00:00-05:00,1477.5,1483.400024,1471.199951,1474.0,613.0,0.0
2019-12-05 00:00:00-05:00,1474.699951,1478.0,1472.300049,1476.900024,907.0,0.0
2019-12-06 00:00:00-05:00,1475.0,1476.0,1458.199951,1459.099976,899.0,0.0
2019-12-07 00:00:00-05:00,1469.6000163333333,1472.0666503333334,1458.3332926666667,1459.166667,1086.3333333333333,0.0
2019-12-08 00:00:00-05:00,1464.2000326666666,1468.1333006666666,1458.4666343333333,1459.233358,1273.6666666666667,0.0
2019-12-09 00:00:00-05:00,1458.800049,1464.199951,1458.599976,1459.300049,1461.0,0.0
2019-12-10 00:00:00-05:00,1460.699951,1467.199951,1460.699951,1462.599976,367.0,0.0
2019-12-11 00:00:00-05:00,1463.099976,1475.400024,1463.099976,1469.400024,393.0,0.0
2019-12-12 00:00:00-05:00,1475.099976,1483.900024,1463.699951,1466.699951,955.0,0.0
2019-12-13 00:00:00-05:00,1463.099976,1475.900024,1463.099976,1475.599976,468.0,0.0
2019-12-14 00:00:00-05:00,1466.666667,1475.7000323333334,1466.666667,1475.399984,345.0,0.0
2019-12-15 00:00:00-05:00,1470.233358,1475.5000406666666,1470.233358,1475.199992,222.0,0.0
2019-12-16 00:00:00-05:00,1473.800049,1475.300049,1473.800049,1475.0,99.0,0.0
2019-12-17 00:00:00-05:00,1474.099976,1476.900024,1474.0,1474.599976,410.0,0.0
2019-12-18 00:00:00-05:00,1472.599976,1472.599976,1472.599976,1472.599976,250.0,0.0
2019-12-19 00:00:00-05:00,1475.900024,1478.900024,1473.300049,1478.199951,319.0,0.0
2019-12-20 00:00:00-05:00,1476.699951,1478.099976,1474.699951,1474.699951,118.0,0.0
2019-12-21 00:00:00-05:00,1478.5666503333334,1479.5666506666666,1476.4333086666668,1477.2999673333334,209.0,0.0
2019-12-22 00:00:00-05:00,1480.4333496666666,1481.0333253333333,1478.1666663333333,1479.8999836666667,300.0,0.0
2019-12-23 00:00:00-05:00,1482.300049,1482.5,1479.900024,1482.5,391.0,0.0
2019-12-24 00:00:00-05:00,1488.699951,1499.099976,1488.699951,1499.099976,52.0,0.0
2019-12-25 00:00:00-05:00,1496.949951,1505.7000125,1496.8499755,1504.2000125,89.0,0.0
2019-12-26 00:00:00-05:00,1505.199951,1512.300049,1505.0,1509.300049,126.0,0.0
2019-12-27 00:00:00-05:00,1513.800049,1513.800049,1513.800049,1513.800049,839.0,0.0
2019-12-28 00:00:00-05:00,1513.4000246666667,1514.233358,1512.533366,1514.033366,708.0,0.0
2019-12-29 00:00:00-05:00,1513.0000003333332,1514.666667,1511.266683,1514.266683,577.0,0.0
2019-12-30 00:00:00-05:00,1512.599976,1515.099976,1510.0,1514.5,446.0,0.0
2019-12-31 00:00:00-05:00,1513.800049,1523.400024,1513.800049,1519.5,301.0,0.0
2020-01-01 00:00:00-05:00,1515.9500125,1526.0499875,1515.9000245,1522.0,257.5,0.0
2020-01-02 00:00:00-05:00,1518.099976,1528.699951,1518.0,1524.5,214.0,0.0
2020-01-03 00:00:00-05:00,1530.099976,1552.699951,1530.099976,1549.199951,107.0,0.0
2020-01-04 00:00:00-05:00,1546.7333173333334,1561.7999673333334,1540.199992,1554.8666176666668,210.0,0.0
2020-01-05 00:00:00-05:00,1563.3666586666666,1570.8999836666667,1550.300008,1560.5332843333333,313.0,0.0
2020-01-06 00:00:00-05:00,1580.0,1580.0,1560.400024,1566.199951,416.0,0.0
2020-01-07 00:00:00-05:00,1558.300049,1576.300049,1558.300049,1571.800049,47.0,0.0
2020-01-08 00:00:00-05:00,1579.699951,1604.199951,1552.300049,1557.400024,236.0,0.0
2020-01-09 00:00:00-05:00,1555.699951,1555.699951,1543.300049,1551.699951,54.0,0.0
2020-01-10 00:00:00-05:00,1551.199951,1558.800049,1545.400024,1557.5,16.0,0.0
2020-01-11 00:00:00-05:00,1553.266642,1558.533366,1546.400024,1554.4666746666667,26.666666666666664,0.0
2020-01-12 00:00:00-05:00,1555.333333,1558.266683,1547.400024,1551.4333493333334,37.33333333333333,0.0
2020-01-13 00:00:00-05:00,1557.400024,1558.0,1548.400024,1548.400024,48.0,0.0
2020-01-14 00:00:00-05:00,1546.699951,1546.699951,1534.900024,1542.400024,32.0,0.0
2020-01-15 00:00:00-05:00,1548.0,1553.900024,1545.599976,1552.099976,11.0,0.0
2020-01-16 00:00:00-05:00,1555.699951,1556.099976,1548.5,1549.0,98.0,0.0
2020-01-17 00:00:00-05:00,1554.099976,1558.800049,1553.599976,1558.800049,108.0,0.0
2020-01-18 00:00:00-05:00,1555.39999425,1560.6500245,1552.949982,1558.20004275,92.25,0.0
2020-01-19 00:00:00-05:00,1556.7000125,1562.5,1552.299988,1557.6000365,76.5,0.0
2020-01-20 00:00:00-05:00,1558.00003075,1564.3499755,1551.6499939999999,1557.00003025,60.75,0.0
2020-01-21 00:00:00-05:00,1559.300049,1566.199951,1551.0,1556.400024,45.0,0.0
2020-01-22 00:00:00-05:00,1549.800049,1557.099976,1549.800049,1555.300049,42.0,0.0
2020-01-23 00:00:00-05:00,1553.099976,1564.599976,1552.199951,1564.599976,15.0,0.0
2020-01-24 00:00:00-05:00,1556.300049,1571.099976,1556.300049,1571.099976,43.0,0.0
2020-01-25 00:00:00-05:00,1565.6333823333332,1575.5666506666666,1563.1333823333332,1573.0000003333332,36.0,0.0
2020-01-26 00:00:00-05:00,1574.9667156666667,1580.0333253333333,1569.9667156666667,1574.9000246666667,29.0,0.0
2020-01-27 00:00:00-05:00,1584.300049,1584.5,1576.800049,1576.800049,22.0,0.0
2020-01-28 00:00:00-05:00,1576.400024,1576.400024,1569.199951,1569.199951,3.0,0.0
2020-01-29 00:00:00-05:00,1569.800049,1569.800049,1569.800049,1569.800049,62946.0,0.0
2020-01-30 00:00:00-05:00,1576.800049,1585.0,1571.400024,1583.5,63158.4,0.0
2020-01-31 00:00:00-05:00,1573.400024,1589.0,1570.0,1582.900024,1095.0,0.0
2020-02-01 00:00:00-05:00,1579.900024,1590.4333496666666,1569.3999836666667,1580.9999996666668,1084.0,0.0
2020-02-02 00:00:00-05:00,1586.400024,1591.8666993333334,1568.7999673333334,1579.0999753333333,1073.0,0.0
2020-02-03 00:00:00-05:00,1592.900024,1593.300049,1568.199951,1577.199951,1062.0,0.0
2020-02-04 00:00:00-05:00,1577.699951,1577.699951,1547.800049,1550.400024,978.0,0.0
2020-02-05 00:00:00-05:00,1553.199951,1560.699951,1547.699951,1557.800049,1305.0,0.0
2020-02-06 00:00:00-05:00,1553.599976,1565.599976,1551.599976,1565.099976,110.0,0.0
2020-02-07 00:00:00-05:00,1564.900024,1571.900024,1560.5,1568.599976,431.0,0.0
2020-02-08 00:00:00-05:00,1566.366699,1572.833333,1563.199992,1570.633301,330.0,0.0
2020-02-09 00:00:00-05:00,1567.833374,1573.766642,1565.899984,1572.666626,229.0,0.0
2020-02-10 00:00:00-05:00,1569.300049,1574.699951,1568.599976,1574.699951,128.0,0.0
2020-02-11 00:00:00-05:00,1570.900024,1571.099976,1561.900024,1565.599976,440.0,0.0
2020-02-12 00:00:00-05:00,1565.199951,1568.699951,1561.0,1567.400024,36.0,0.0
2020-02-13 00:00:00-05:00,1570.199951,1575.099976,1570.199951,1575.099976,74.0,0.0
2020-02-14 00:00:00-05:00,1575.800049,1582.699951,1574.800049,1582.699951,68.0,0.0
2020-02-15 00:00:00-05:00,1576.800049,1588.0999755,1576.050049,1587.02496325,128.5,0.0
2020-02-16 00:00:00-05:00,1577.800049,1593.5,1577.300049,1591.3499755,189.0,0.0
2020-02-17 00:00:00-05:00,1578.800049,1598.9000245,1578.550049,1595.6749877500001,249.5,0.0
2020-02-18 00:00:00-05:00,1579.800049,1604.300049,1579.800049,1600.0,310.0,0.0
2020-02-19 00:00:00-05:00,1600.599976,1610.5,1599.699951,1607.5,542.0,0.0
2020-02-20 00:00:00-05:00,1606.5,1621.0,1603.0,1616.599976,117.0,0.0
2020-02-21 00:00:00-05:00,1619.300049,1645.0,1619.300049,1644.599976,186.0,0.0
2020-02-22 00:00:00-05:00,1631.8666993333334,1658.8666586666666,1629.533366,1653.8666586666666,269.0,0.0
2020-02-23 00:00:00-05:00,1644.4333496666666,1672.7333173333334,1639.766683,1663.1333413333334,352.0,0.0
2020-02-24 00:00:00-05:00,1657.0,1686.599976,1650.0,1672.400024,435.0,0.0
2020-02-25 00:00:00-05:00,1645.099976,1653.699951,1632.300049,1646.900024,409.0,0.0
2020-02-26 00:00:00-05:00,1644.0,1648.099976,1636.400024,1640.0,1990.0,0.0
2020-02-27 00:00:00-05:00,1641.099976,1658.0,1638.5,1640.0,707.0,0.0
2020-02-28 00:00:00-05:00,1640.300049,1642.5,1564.099976,1564.099976,289.0,0.0
2020-02-29 00:00:00-05:00,1621.5000406666666,1631.1000163333333,1567.5000003333332,1573.5000003333332,371.6666666666667,0.0
2020-03-01 00:00:00-05:00,1602.7000323333334,1619.7000326666666,1570.9000246666667,1582.9000246666667,454.33333333333337,0.0
2020-03-02 00:00:00-05:00,1583.900024,1608.300049,1574.300049,1592.300049,537.0,0.0
2020-03-03 00:00:00-05:00,1594.5,1645.300049,1594.0,1642.099976,610.0,0.0
2020-03-04 00:00:00-05:00,1645.400024,1645.900024,1631.300049,1641.099976,83.0,0.0
2020-03-05 00:00:00-05:00,1637.300049,1672.900024,1637.199951,1666.400024,154.0,0.0
2020-03-06 00:00:00-05:00,1670.800049,1686.199951,1647.199951,1670.800049,175.0,0.0
2020-03-07 00:00:00-05:00,1671.6386381078837,1687.065096228216,1648.1364658257262,1671.7112522157677,175.0622406639004,0.0
2020-03-08 00:00:00-05:00,1672.4772272157675,1687.9302414564315,1649.0729806514523,1672.6224554315352,175.12448132780082,0.0
2020-03-09 00:00:00-05:00,1673.3158163236515,1688.7953866846474,1650.0094954771785,1673.533658647303,175.18672199170123,0.0
2020-03-10 00:00:00-05:00,1674.1544054315352,1689.6605319128632,1650.9460103029046,1674.4448618630704,175.24896265560167,0.0
2020-03-11 00:00:00-05:00,1674.992994539419,1690.5256771410789,1651.8825251286307,1675.3560650788381,175.31120331950208,0.0
2020-03-12 00:00:00-05:00,1675.8315836473028,1691.3908223692947,1652.8190399543569,1676.2672682946059,175.3734439834025,0.0
2020-03-13 00:00:00-05:00,1676.6701727551867,1692.2559675975103,1653.755554780083,1677.1784715103734,175.4356846473029,0.0
2020-03-14 00:00:00-05:00,1677.5087618630705,1693.1211128257262,1654.6920696058091,1678.089674726141,175.49792531120332,0.0
2020-03-15 00:00:00-05:00,1678.3473509709543,1693.986258053942,1655.6285844315353,1679.0008779419086,175.56016597510373,0.0
2020-03-16 00:00:00-05:00,1679.185940078838,1694.8514032821577,1656.5650992572614,1679.9120811576763,175.62240663900414,0.0
2020-03-17 00:00:00-05:00,1680.024529186722,1695.7165485103735,1657.5016140829875,1680.823284373444,175.68464730290455,0.0
2020-03-18 00:00:00-05:00,1680.8631182946058,1696.5816937385894,1658.4381289087137,1681.7344875892115,175.746887966805,0.0
2020-03-19 00:00:00-05:00,1681.7017074024895,1697.446838966805,1659.3746437344398,1682.6456908049793,175.8091286307054,0.0
2020-03-20 00:00:00-05:00,1682.5402965103733,1698.3119841950208,1660.311158560166,1683.5568940207468,175.8713692946058,0.0
2020-03-21 00:00:00-05:00,1683.3788856182573,1699.1771294232365,1661.247673385892,1684.4680972365145,175.93360995850622,0.0
2020-03-22 00:00:00-05:00,1684.217474726141,1700.0422746514523,1662.1841882116182,1685.379300452282,175.99585062240664,0.0
2020-03-23 00:00:00-05:00,1685.0560638340248,1700.9074198796682,1663.1207030373444,1686.2905036680497,176.05809128630705,0.0
2020-03-24 00:00:00-05:00,1685.8946529419086,1701.7725651078838,1664.0572178630705,1687.2017068838175,176.12033195020746,0.0
2020-03-25 00:00:00-05:00,1686.7332420497926,1702.6377103360996,1664.9937326887966,1688.112910099585,176.1825726141079,0.0
2020-03-26 00:00:00-05:00,1687.5718311576763,1703.5028555643155,1665.9302475145228,1689.0241133153527,176.2448132780083,0.0
2020-03-27 00:00:00-05:00,1688.41042026556,1704.3680007925311,1666.8667623402491,1689.9353165311202,176.30705394190872,0.0
2020-03-28 00:00:00-05:00,1689.2490093734439,1705.233146020747,1667.8032771659753,1690.846519746888,176.36929460580913,0.0
2020-03-29 00:00:00-05:00,1690.0875984813279,1706.0982912489628,1668.7397919917014,1691.7577229626556,176.43153526970954,0.0
2020-03-30 00:00:00-05:00,1690.9261875892116,1706.9634364771784,1669.6763068174275,1692.6689261784231,176.49377593360995,0.0
2020-03-31 00:00:00-05:00,1691.7647766970954,1707.8285817053943,1670.6128216431537,1693.5801293941909,176.55601659751036,0.0
2020-04-01 00:00:00-05:00,1692.6033658049791,1708.69372693361,1671.5493364688798,1694.4913326099584,176.61825726141078,0.0
2020-04-02 00:00:00-05:00,1693.441954912863,1709.5588721618258,1672.485851294606,1695.402535825726,176.68049792531122,0.0
2020-04-03 00:00:00-05:00,1694.280544020747,1710.4240173900416,1673.422366120332,1696.3137390414938,176.74273858921163,0.0
2020-04-04 00:00:00-05:00,1695.1191331286307,1711.2891626182573,1674.3588809460582,1697.2249422572613,176.80497925311204,0.0
2020-04-05 00:00:00-05:00,1695.9577222365144,1712.154307846473,1675.2953957717843,1698.136145473029,176.86721991701245,0.0
2020-04-06 00:00:00-05:00,1696.7963113443982,1713.019453074689,1676.2319105975105,1699.0473486887965,176.92946058091286,0.0
2020-04-07 00:00:00-05:00,1697.6349004522822,1713.8845983029046,1677.1684254232366,1699.9585519045643,176.99170124481327,0.0
2020-04-08 00:00:00-05:00,1698.473489560166,1714.7497435311204,1678.1049402489627,1700.869755120332,177.05394190871368,0.0
2020-04-09 00:00:00-05:00,1699.3120786680497,1715.614888759336,1679.0414550746889,1701.7809583360995,177.11618257261412,0.0
2020-04-10 00:00:00-05:00,1700.1506677759335,1716.480033987552,1679.977969900415,1702.6921615518672,177.17842323651453,0.0
2020-04-11 00:00:00-05:00,1700.9892568838175,1717.3451792157678,1680.9144847261412,1703.6033647676347,177.24066390041494,0.0
2020-04-12 00:00:00-05:00,1701.8278459917012,1718.2103244439834,1681.8509995518673,1704.5145679834025,177.30290456431536,0.0
2020-04-13 00:00:00-05:00,1702.666435099585,1719.0754696721992,1682.7875143775934,1705.4257711991702,177.36514522821577,0.0
2020-04-14 00:00:00-05:00,1703.5050242074688,1719.940614900415,1683.7240292033196,1706.3369744149377,177.42738589211618,0.0
2020-04-15 00:00:00-05:00,1704.3436133153527,1720.8057601286307,1684.6605440290457,1707.2481776307054,177.4896265560166,0.0
2020-04-16 00:00:00-05:00,1705.1822024232365,1721.6709053568466,1685.5970588547718,1708.159380846473,177.551867219917,0.0
2020-04-17 00:00:00-05:00,1706.0207915311203,1722.5360505850622,1686.533573680498,1709.0705840622406,177.61410788381744,0.0
2020-04-18 00:00:00-05:00,1706.859380639004,1723.401195813278,1687.470088506224,1709.9817872780081,177.67634854771785,0.0
2020-04-19 00:00:00-05:00,1707.697969746888,1724.266341041494,1688.4066033319502,1710.8929904937759,177.73858921161826,0.0
2020-04-20 00:00:00-05:00,1708.5365588547718,1725.1314862697095,1689.3431181576764,1711.8041937095436,177.80082987551867,0.0
2020-04-21 00:00:00-05:00,1709.3751479626555,1725.9966314979254,1690.2796329834025,1712.715396925311,177.86307053941908,0.0
2020-04-22 00:00:00-05:00,1710.2137370705393,1726.8617767261412,1691.2161478091286,1713.6266001410788,177.9253112033195,0.0
2020-04-23 00:00:00-05:00,1711.0523261784233,1727.7269219543568,1692.1526626348548,1714.5378033568463,177.9875518672199,0.0
2020-04-24 00:00:00-05:00,1711.890915286307,1728.5920671825727,1693.089177460581,1715.449006572614,178.04979253112032,0.0
2020-04-25 00:00:00-05:00,1712.7295043941908,1729.4572124107885,1694.025692286307,1716.3602097883818,178.11203319502076,0.0
2020-04-26 00:00:00-05:00,1713.5680935020746,1730.3223576390042,1694.9622071120332,1717.2714130041493,178.17427385892117,0.0
2020-04-27 00:00:00-05:00,1714.4066826099586,1731.18750286722,1695.8987219377593,1718.182616219917,178.23651452282158,0.0
2020-04-28 00:00:00-05:00,1715.2452717178423,1732.0526480954356,1696.8352367634855,1719.0938194356845,178.298755186722,0.0
2020-04-29 00:00:00-05:00,1716.083860825726,1732.9177933236515,1697.7717515892116,1720.0050226514522,178.3609958506224,0.0
2020-04-30 00:00:00-05:00,1716.9224499336099,1733.7829385518673,1698.7082664149377,1720.91622586722,178.4232365145228,0.0
2020-05-01 00:00:00-05:00,1717.7610390414936,1734.648083780083,1699.6447812406639,1721.8274290829875,178.48547717842322,0.0
2020-05-02 00:00:00-05:00,1718.5996281493776,1735.5132290082988,1700.58129606639,1722.7386322987552,178.54771784232366,0.0
2020-05-03 00:00:00-05:00,1719.4382172572614,1736.3783742365147,1701.5178108921161,1723.6498355145227,178.60995850622407,0.0
2020-05-04 00:00:00-05:00,1720.2768063651451,1737.2435194647303,1702.4543257178423,1724.5610387302904,178.6721991701245,0.0
2020-05-05 00:00:00-05:00,1721.115395473029,1738.1086646929461,1703.3908405435686,1725.4722419460581,178.7344398340249,0.0
2020-05-06 00:00:00-05:00,1721.953984580913,1738.9738099211618,1704.3273553692948,1726.3834451618256,178.7966804979253,0.0
2020-05-07 00:00:00-05:00,1722.7925736887967,1739.8389551493776,1705.263870195021,1727.2946483775934,178.85892116182572,0.0
2020-05-08 00:00:00-05:00,1723.6311627966804,1740.7041003775935,1706.200385020747,1728.2058515933609,178.92116182572613,0.0
2020-05-09 00:00:00-05:00,1724.4697519045642,1741.569245605809,1707.1368998464732,1729.1170548091286,178.98340248962654,0.0
2020-05-10 00:00:00-05:00,1725.3083410124482,1742.434390834025,1708.0734146721993,1730.0282580248963,179.04564315352698,0.0
2020-05-11 00:00:00-05:00,1726.146930120332,1743.2995360622408,1709.0099294979254,1730.9394612406638,179.1078838174274,0.0
2020-05-12 00:00:00-05:00,1726.9855192282157,1744.1646812904564,1709.9464443236516,1731.8506644564316,179.1701244813278,0.0
2020-05-13 00:00:00-05:00,1727.8241083360995,1745.0298265186723,1710.8829591493777,1732.761867672199,179.23236514522821,0.0
2020-05-14 00:00:00-05:00,1728.6626974439835,1745.8949717468881,1711.8194739751038,1733.6730708879668,179.29460580912863,0.0
2020-05-15 00:00:00-05:00,1729.5012865518672,1746.7601169751038,1712.75598880083,1734.5842741037345,179.35684647302904,0.0
2020-05-16 00:00:00-05:00,1730.339875659751,1747.6252622033196,1713.6925036265561,1735.495477319502,179.41908713692945,0.0
2020-05-17 00:00:00-05:00,1731.1784647676348,1748.4904074315352,1714.6290184522823,1736.4066805352697,179.4813278008299,0.0
2020-05-18 00:00:00-05:00,1732.0170538755187,1749.355552659751,1715.5655332780084,1737.3178837510372,179.5435684647303,0.0
2020-05-19 00:00:00-05:00,1732.8556429834025,1750.220697887967,1716.5020481037345,1738.229086966805,179.6058091286307,0.0
2020-05-20 00:00:00-05:00,1733.6942320912863,1751.0858431161826,1717.4385629294607,1739.1402901825727,179.66804979253112,0.0
2020-05-21 00:00:00-05:00,1734.53282119917,1751.9509883443984,1718.3750777551868,1740.0514933983402,179.73029045643153,0.0
2020-05-22 00:00:00-05:00,1735.371410307054,1752.8161335726143,1719.311592580913,1740.962696614108,179.79253112033194,0.0
2020-05-23 00:00:00-05:00,1736.2099994149378,1753.68127880083,1720.248107406639,1741.8738998298754,179.85477178423236,0.0
2020-05-24 00:00:00-05:00,1737.0485885228215,1754.5464240290457,1721.1846222323652,1742.7851030456432,179.91701244813277,0.0
2020-05-25 00:00:00-05:00,1737.8871776307053,1755.4115692572614,1722.1211370580913,1743.6963062614107,179.9792531120332,0.0
2020-05-26 00:00:00-05:00,1738.7257667385893,1756.2767144854772,1723.0576518838175,1744.6075094771784,180.04149377593362,0.0
2020-05-27 00:00:00-05:00,1739.564355846473,1757.141859713693,1723.9941667095436,1745.518712692946,180.10373443983403,0.0
2020-05-28 00:00:00-05:00,1740.4029449543568,1758.0070049419087,1724.9306815352697,1746.4299159087136,180.16597510373444,0.0
2020-05-29 00:00:00-05:00,1741.2415340622406,1758.8721501701245,1725.8671963609959,1747.3411191244813,180.22821576763485,0.0
2020-05-30 00:00:00-05:00,1742.0801231701244,1759.7372953983404,1726.803711186722,1748.2523223402488,180.29045643153526,0.0
2020-05-31 00:00:00-05:00,1742.9187122780083,1760.602440626556,1727.7402260124481,1749.1635255560166,180.35269709543567,0.0
2020-06-01 00:00:00-05:00,1743.757301385892,1761.4675858547719,1728.6767408381743,1750.0747287717843,180.4149377593361,0.0
2020-06-02 00:00:00-05:00,1744.5958904937759,1762.3327310829877,1729.6132556639004,1750.9859319875518,180.47717842323652,0.0
2020-06-03 00:00:00-05:00,1745.4344796016596,1763.1978763112033,1730.5497704896266,1751.8971352033195,180.53941908713693,0.0
2020-06-04 00:00:00-05:00,1746.2730687095436,1764.0630215394192,1731.4862853153527,1752.808338419087,180.60165975103735,0.0
2020-06-05 00:00:00-05:00,1747.1116578174274,1764.9281667676348,1732.4228001410788,1753.7195416348547,180.66390041493776,0.0
2020-06-06 00:00:00-05:00,1747.9502469253111,1765.7933119958507,1733.359314966805,1754.6307448506225,180.72614107883817,0.0
2020-06-07 00:00:00-05:00,1748.788836033195,1766.6584572240665,1734.295829792531,1755.54194806639,180.78838174273858,0.0
2020-06-08 00:00:00-05:00,1749.627425141079,1767.5236024522821,1735.2323446182572,1756.4531512821577,180.850622406639,0.0
2020-06-09 00:00:00-05:00,1750.4660142489627,1768.388747680498,1736.1688594439834,1757.3643544979252,180.91286307053943,0.0
2020-06-10 00:00:00-05:00,1751.3046033568464,1769.2538929087139,1737.1053742697095,1758.275557713693,180.97510373443984,0.0
2020-06-11 00:00:00-05:00,1752.1431924647302,1770.1190381369295,1738.0418890954356,1759.1867609294607,181.03734439834025,0.0
2020-06-12 00:00:00-05:00,1752.9817815726142,1770.9841833651453,1738.9784039211618,1760.0979641452282,181.09958506224066,0.0
2020-06-13 00:00:00-05:00,1753.820370680498,1771.849328593361,1739.914918746888,1761.009167360996,181.16182572614107,0.0
2020-06-14 00:00:00-05:00,1754.6589597883817,1772.7144738215768,1740.851433572614,1761.9203705767634,181.2240663900415,0.0
2020-06-15 00:00:00-05:00,1755.4975488962655,1773.5796190497927,1741.7879483983402,1762.8315737925311,181.2863070539419,0.0
2020-06-16 00:00:00-05:00,1756.3361380041495,1774.4447642780083,1742.7244632240665,1763.7427770082986,181.34854771784234,0.0
2020-06-17 00:00:00-05:00,1757.1747271120332,1775.3099095062241,1743.6609780497927,1764.6539802240663,181.41078838174275,0.0
2020-06-18 00:00:00-05:00,1758.013316219917,1776.17505473444,1744.5974928755188,1765.565183439834,181.47302904564316,0.0
2020-06-19 00:00:00-05:00,1758.8519053278008,1777.0401999626556,1745.534007701245,1766.4763866556016,181.53526970954357,0.0
2020-06-20 00:00:00-05:00,1759.6904944356847,1777.9053451908715,1746.470522526971,1767.3875898713693,181.59751037344398,0.0
2020-06-21 00:00:00-05:00,1760.5290835435685,1778.7704904190873,1747.4070373526972,1768.2987930871368,181.6597510373444,0.0
2020-06-22 00:00:00-05:00,1761.3676726514523,1779.635635647303,1748.3435521784234,1769.2099963029045,181.7219917012448,0.0
2020-06-23 00:00:00-05:00,1762.206261759336,1780.5007808755188,1749.2800670041495,1770.1211995186723,181.78423236514521,0.0
2020-06-24 00:00:00-05:00,1763.0448508672198,1781.3659261037344,1750.2165818298756,1771.0324027344398,181.84647302904565,0.0
2020-06-25 00:00:00-05:00,1763.8834399751038,1782.2310713319503,1751.1530966556018,1771.9436059502075,181.90871369294607,0.0
2020-06-26 00:00:00-05:00,1764.7220290829875,1783.096216560166,1752.089611481328,1772.854809165975,181.97095435684648,0.0
2020-06-27 00:00:00-05:00,1765.5606181908713,1783.9613617883817,1753.026126307054,1773.7660123817427,182.0331950207469,0.0
2020-06-28 00:00:00-05:00,1766.399207298755,1784.8265070165976,1753.9626411327802,1774.6772155975104,182.0954356846473,0.0
2020-06-29 00:00:00-05:00,1767.237796406639,1785.6916522448134,1754.8991559585063,1775.588418813278,182.1576763485477,0.0
2020-06-30 00:00:00-05:00,1768.0763855145228,1786.556797473029,1755.8356707842324,1776.4996220290457,182.21991701244812,0.0
2020-07-01 00:00:00-05:00,1768.9149746224066,1787.421942701245,1756.7721856099586,1777.4108252448132,182.28215767634856,0.0
2020-07-02 00:00:00-05:00,1769.7535637302904,1788.2870879294605,1757.7087004356847,1778.322028460581,182.34439834024897,0.0
2020-07-03 00:00:00-05:00,1770.5921528381743,1789.1522331576764,1758.6452152614108,1779.2332316763486,182.40663900414938,0.0
2020-07-04 00:00:00-05:00,1771.430741946058,1790.0173783858922,1759.581730087137,1780.1444348921161,182.4688796680498,0.0
2020-07-05 00:00:00-05:00,1772.2693310539419,1790.8825236141079,1760.518244912863,1781.0556381078839,182.5311203319502,0.0
2020-07-06 00:00:00-05:00,1773.1079201618256,1791.7476688423237,1761.4547597385892,1781.9668413236514,182.59336099585062,0.0
2020-07-07 00:00:00-05:00,1773.9465092697096,1792.6128140705396,1762.3912745643154,1782.878044539419,182.65560165975103,0.0
2020-07-08 00:00:00-05:00,1774.7850983775934,1793.4779592987552,1763.3277893900415,1783.7892477551868,182.71784232365144,0.0
2020-07-09 00:00:00-05:00,1775.6236874854771,1794.343104526971,1764.2643042157677,1784.7004509709543,182.78008298755188,0.0
2020-07-10 00:00:00-05:00,1776.462276593361,1795.208249755187,1765.2008190414938,1785.611654186722,182.8423236514523,0.0
2020-07-11 00:00:00-05:00,1777.300865701245,1796.0733949834025,1766.13733386722,1786.5228574024895,182.9045643153527,0.0
2020-07-12 00:00:00-05:00,1778.1394548091287,1796.9385402116184,1767.073848692946,1787.4340606182573,182.9668049792531,0.0
2020-07-13 00:00:00-05:00,1778.9780439170124,1797.803685439834,1768.0103635186722,1788.345263834025,183.02904564315352,0.0
2020-07-14 00:00:00-05:00,1779.8166330248962,1798.6688306680498,1768.9468783443983,1789.2564670497925,183.09128630705393,0.0
2020-07-15 00:00:00-05:00,1780.6552221327802,1799.5339758962657,1769.8833931701245,1790.1676702655602,183.15352697095435,0.0
2020-07-16 00:00:00-05:00,1781.493811240664,1800.3991211244813,1770.8199079958506,1791.0788734813277,183.21576763485479,0.0
2020-07-17 00:00:00-05:00,1782.3324003485477,1801.2642663526972,1771.7564228215767,1791.9900766970954,183.2780082987552,0.0
2020-07-18 00:00:00-05:00,1783.1709894564315,1802.129411580913,1772.6929376473029,1792.9012799128632,183.3402489626556,0.0
2020-07-19 00:00:00-05:00,1784.0095785643152,1802.9945568091287,1773.629452473029,1793.8124831286307,183.40248962655602,0.0
2020-07-20 00:00:00-05:00,1784.8481676721992,1803.8597020373445,1774.5659672987551,1794.7236863443984,183.46473029045643,0.0
2020-07-21 00:00:00-05:00,1785.686756780083,1804.7248472655601,1775.5024821244813,1795.634889560166,183.52697095435684,0.0
2020-07-22 00:00:00-05:00,1786.5253458879668,1805.589992493776,1776.4389969502074,1796.5460927759336,183.58921161825725,0.0
2020-07-23 00:00:00-05:00,1787.3639349958505,1806.4551377219918,1777.3755117759338,1797.4572959917011,183.65145228215766,0.0
2020-07-24 00:00:00-05:00,1788.2025241037345,1807.3202829502075,1778.31202660166,1798.3684992074689,183.7136929460581,0.0
2020-07-25 00:00:00-05:00,1789.0411132116183,1808.1854281784233,1779.248541427386,1799.2797024232366,183.7759336099585,0.0
2020-07-26 00:00:00-05:00,1789.879702319502,1809.0505734066392,1780.1850562531122,1800.190905639004,183.83817427385893,0.0
2020-07-27 00:00:00-05:00,1790.7182914273858,1809.9157186348548,1781.1215710788383,1801.1021088547718,183.90041493775934,0.0
2020-07-28 00:00:00-05:00,1791.5568805352698,1810.7808638630706,1782.0580859045645,1802.0133120705393,183.96265560165975,0.0
2020-07-29 00:00:00-05:00,1792.3954696431535,1811.6460090912865,1782.9946007302906,1802.924515286307,184.02489626556016,0.0
2020-07-30 00:00:00-05:00,1793.2340587510373,1812.511154319502,1783.9311155560167,1803.8357185020748,184.08713692946057,0.0
2020-07-31 00:00:00-05:00,1794.072647858921,1813.376299547718,1784.8676303817429,1804.7469217178423,184.149377593361,0.0
2020-08-01 00:00:00-05:00,1794.911236966805,1814.2414447759336,1785.804145207469,1805.65812493361,184.21161825726142,0.0
2020-08-02 00:00:00-05:00,1795.7498260746888,1815.1065900041494,1786.7406600331951,1806.5693281493775,184.27385892116183,0.0
2020-08-03 00:00:00-05:00,1796.5884151825726,1815.9717352323653,1787.6771748589213,1807.4805313651452,184.33609958506224,0.0
2020-08-04 00:00:00-05:00,1797.4270042904564,1816.836880460581,1788.6136896846474,1808.391734580913,184.39834024896265,0.0
2020-08-05 00:00:00-05:00,1798.2655933983403,1817.7020256887968,1789.5502045103735,1809.3029377966805,184.46058091286307,0.0
2020-08-06 00:00:00-05:00,1799.104182506224,1818.5671709170124,1790.4867193360997,1810.2141410124482,184.52282157676348,0.0
2020-08-07 00:00:00-05:00,1799.9427716141079,1819.4323161452282,1791.4232341618258,1811.1253442282157,184.5850622406639,0.0
2020-08-08 00:00:00-05:00,1800.7813607219916,1820.297461373444,1792.359748987552,1812.0365474439834,184.64730290456433,0.0
2020-08-09 00:00:00-05:00,1801.6199498298756,1821.1626066016597,1793.296263813278,1812.947750659751,184.70954356846474,0.0
2020-08-10 00:00:00-05:00,1802.4585389377594,1822.0277518298756,1794.2327786390042,1813.8589538755186,184.77178423236515,0.0
2020-08-11 00:00:00-05:00,1803.2971280456431,1822.8928970580914,1795.1692934647303,1814.7701570912864,184.83402489626556,0.0
2020-08-12 00:00:00-05:00,1804.135717153527,1823.758042286307,1796.1058082904565,1815.6813603070539,184.89626556016597,0.0
2020-08-13 00:00:00-05:00,1804.9743062614107,1824.623187514523,1797.0423231161826,1816.5925635228216,184.95850622406638,0.0
2020-08-14 00:00:00-05:00,1805.8128953692947,1825.4883327427387,1797.9788379419088,1817.503766738589,185.0207468879668,0.0
2020-08-15 00:00:00-05:00,1806.6514844771784,1826.3534779709544,1798.9153527676349,1818.4149699543568,185.08298755186723,0.0
2020-08-16 00:00:00-05:00,1807.4900735850622,1827.2186231991702,1799.851867593361,1819.3261731701245,185.14522821576764,0.0
2020-08-17 00:00:00-05:00,1808.3286626929462,1828.083768427386,1800.7883824190872,1820.237376385892,185.20746887966806,0.0
2020-08-18 00:00:00-05:00,1809.16725180083,1828.9489136556017,1801.7248972448133,1821.1485796016598,185.26970954356847,0.0
2020-08-19 00:00:00-05:00,1810.0058409087137,1829.8140588838176,1802.6614120705394,1822.0597828174273,185.33195020746888,0.0
2020-08-20 00:00:00-05:00,1810.8444300165975,1830.6792041120332,1803.5979268962656,1822.970986033195,185.3941908713693,0.0
2020-08-21 00:00:00-05:00,1811.6830191244812,1831.544349340249,1804.5344417219917,1823.8821892489627,185.4564315352697,0.0
2020-08-22 00:00:00-05:00,1812.5216082323652,1832.4094945684649,1805.4709565477178,1824.7933924647302,185.5186721991701,0.0
2020-08-23 00:00:00-05:00,1813.360197340249,1833.2746397966805,1806.407471373444,1825.704595680498,185.58091286307055,0.0
2020-08-24 00:00:00-05:00,1814.1987864481328,1834.1397850248964,1807.34398619917,1826.6157988962655,185.64315352697096,0.0
2020-08-25 00:00:00-05:00,1815.0373755560165,1835.004930253112,1808.2805010248962,1827.5270021120332,185.70539419087137,0.0
2020-08-26 00:00:00-05:00,1815.8759646639005,1835.8700754813278,1809.2170158506224,1828.438205327801,185.76763485477179,0.0
2020-08-27 00:00:00-05:00,1816.7145537717843,1836.7352207095437,1810.1535306763485,1829.3494085435684,185.8298755186722,0.0
2020-08-28 00:00:00-05:00,1817.553142879668,1837.6003659377593,1811.0900455020746,1830.2606117593361,185.8921161825726,0.0
2020-08-29 00:00:00-05:00,1818.3917319875518,1838.4655111659752,1812.0265603278008,1831.1718149751036,185.95435684647302,0.0
2020-08-30 00:00:00-05:00,1819.2303210954358,1839.330656394191,1812.963075153527,1832.0830181908714,186.01659751037346,0.0
2020-08-31 00:00:00-05:00,1820.0689102033195,1840.1958016224066,1813.899589979253,1832.994221406639,186.07883817427387,0.0
2020-09-01 00:00:00-05:00,1820.9074993112033,1841.0609468506225,1814.8361048049792,1833.9054246224066,186.14107883817428,0.0
2020-09-02 00:00:00-05:00,1821.746088419087,1841.9260920788383,1815.7726196307053,1834.8166278381743,186.2033195020747,0.0
2020-09-03 00:00:00-05:00,1822.584677526971,1842.791237307054,1816.7091344564315,1835.7278310539418,186.2655601659751,0.0
2020-09-04 00:00:00-05:00,1823.4232666348548,1843.6563825352698,1817.6456492821576,1836.6390342697096,186.3278008298755,0.0
2020-09-05 00:00:00-05:00,1824.2618557427386,1844.5215277634857,1818.5821641078837,1837.5502374854773,186.39004149377593,0.0
2020-09-06 00:00:00-05:00,1825.1004448506224,1845.3866729917013,1819.51867893361,1838.4614407012448,186.45228215767634,0.0
2020-09-07 00:00:00-05:00,1825.9390339585061,1846.2518182199171,1820.4551937593362,1839.3726439170125,186.51452282157678,0.0
2020-09-08 00:00:00-05:00,1826.77762306639,1847.1169634481328,1821.3917085850624,1840.28384713278,186.5767634854772,0.0
2020-09-09 00:00:00-05:00,1827.6162121742739,1847.9821086763486,1822.3282234107885,1841.1950503485477,186.6390041493776,0.0
2020-09-10 00:00:00-05:00,1828.4548012821576,1848.8472539045645,1823.2647382365146,1842.1062535643155,186.701244813278,0.0
2020-09-11 00:00:00-05:00,1829.2933903900416,1849.71239913278,1824.2012530622408,1843.017456780083,186.76348547717842,0.0
2020-09-12 00:00:00-05:00,1830.1319794979254,1850.577544360996,1825.137767887967,1843.9286599958507,186.82572614107883,0.0
2020-09-13 00:00:00-05:00,1830.9705686058091,1851.4426895892116,1826.074282713693,1844.8398632116182,186.88796680497924,0.0
2020-09-14 00:00:00-05:00,1831.809157713693,1852.3078348174274,1827.0107975394192,1845.751066427386,186.95020746887968,0.0
2020-09-15 00:00:00-05:00,1832.6477468215767,1853.1729800456433,1827.9473123651453,1846.6622696431536,187.0124481327801,0.0
2020-09-16 00:00:00-05:00,1833.4863359294607,1854.038125273859,1828.8838271908714,1847.5734728589211,187.0746887966805,0.0
2020-09-17 00:00:00-05:00,1834.3249250373444,1854.9032705020747,1829.8203420165976,1848.4846760746889,187.13692946058092,0.0
2020-09-18 00:00:00-05:00,1835.1635141452282,1855.7684157302906,1830.7568568423237,1849.3958792904564,187.19917012448133,0.0
2020-09-19 00:00:00-05:00,1836.002103253112,1856.6335609585062,1831.6933716680498,1850.307082506224,187.26141078838174,0.0
2020-09-20 00:00:00-05:00,1836.840692360996,1857.498706186722,1832.629886493776,1851.2182857219918,187.32365145228215,0.0
2020-09-21 00:00:00-05:00,1837.6792814688797,1858.363851414938,1833.5664013195021,1852.1294889377593,187.38589211618256,0.0
2020-09-22 00:00:00-05:00,1838.5178705767635,1859.2289966431536,1834.5029161452283,1853.040692153527,187.448132780083,0.0
2020-09-23 00:00:00-05:00,1839.3564596846472,1860.0941418713694,1835.4394309709544,1853.9518953692946,187.5103734439834,0.0
2020-09-24 00:00:00-05:00,1840.1950487925312,1860.959287099585,1836.3759457966805,1854.8630985850623,187.57261410788382,0.0
2020-09-25 00:00:00-05:00,1841.033637900415,1861.8244323278009,1837.3124606224067,1855.7743018008298,187.63485477178423,0.0
2020-09-26 00:00:00-05:00,1841.8722270082988,1862.6895775560167,1838.2489754481328,1856.6855050165975,187.69709543568464,0.0
2020-09-27 00:00:00-05:00,1842.7108161161825,1863.5547227842324,1839.185490273859,1857.5967082323652,187.75933609958506,0.0
2020-09-28 00:00:00-05:00,1843.5494052240665,1864.4198680124482,1840.122005099585,1858.5079114481327,187.82157676348547,0.0
2020-09-29 00:00:00-05:00,1844.3879943319503,1865.285013240664,1841.0585199253112,1859.4191146639005,187.8838174273859,0.0
2020-09-30 00:00:00-05:00,1845.226583439834,1866.1501584688797,1841.9950347510373,1860.330317879668,187.94605809128632,0.0
2020-10-01 00:00:00-05:00,1846.0651725477178,1867.0153036970955,1842.9315495767635,1861.2415210954357,188.00829875518673,0.0
2020-10-02 00:00:00-05:00,1846.9037616556016,1867.8804489253112,1843.8680644024896,1862.1527243112034,188.07053941908714,0.0
2020-10-03 00:00:00-05:00,1847.7423507634855,1868.745594153527,1844.8045792282157,1863.063927526971,188.13278008298755,0.0
2020-10-04 00:00:00-05:00,1848.5809398713693,1869.6107393817429,1845.7410940539419,1863.9751307427387,188.19502074688796,0.0
2020-10-05 00:00:00-05:00,1849.419528979253,1870.4758846099585,1846.677608879668,1864.8863339585062,188.25726141078837,0.0
2020-10-06 00:00:00-05:00,1850.258118087137,1871.3410298381743,1847.6141237053941,1865.7975371742739,188.31950207468878,0.0
2020-10-07 00:00:00-05:00,1851.0967071950208,1872.2061750663902,1848.5506385311203,1866.7087403900414,188.38174273858922,0.0
2020-10-08 00:00:00-05:00,1851.9352963029046,1873.0713202946058,1849.4871533568464,1867.619943605809,188.44398340248964,0.0
2020-10-09 00:00:00-05:00,1852.7738854107884,1873.9364655228217,1850.4236681825726,1868.5311468215768,188.50622406639005,0.0
2020-10-10 00:00:00-05:00,1853.6124745186721,1874.8016107510375,1851.3601830082987,1869.4423500373443,188.56846473029046,0.0
2020-10-11 00:00:00-05:00,1854.451063626556,1875.6667559792531,1852.296697834025,1870.353553253112,188.63070539419087,0.0
2020-10-12 00:00:00-05:00,1855.2896527344399,1876.531901207469,1853.2332126597512,1871.2647564688796,188.69294605809128,0.0
2020-10-13 00:00:00-05:00,1856.1282418423236,1877.3970464356846,1854.1697274854773,1872.1759596846473,188.7551867219917,0.0
2020-10-14 00:00:00-05:00,1856.9668309502076,1878.2621916639005,1855.1062423112035,1873.087162900415,188.81742738589213,0.0
2020-10-15 00:00:00-05:00,1857.8054200580914,1879.1273368921163,1856.0427571369296,1873.9983661161825,188.87966804979254,0.0
2020-10-16 00:00:00-05:00,1858.6440091659751,1879.992482120332,1856.9792719626557,1874.9095693319503,188.94190871369295,0.0
2020-10-17 00:00:00-05:00,1859.482598273859,1880.8576273485478,1857.9157867883819,1875.8207725477178,189.00414937759336,0.0
2020-10-18 00:00:00-05:00,1860.3211873817427,1881.7227725767636,1858.852301614108,1876.7319757634855,189.06639004149378,0.0
2020-10-19 00:00:00-05:00,1861.1597764896267,1882.5879178049793,1859.7888164398341,1877.6431789792532,189.1286307053942,0.0
2020-10-20 00:00:00-05:00,1861.9983655975104,1883.4530630331951,1860.7253312655603,1878.5543821950207,189.1908713692946,0.0
2020-10-21 00:00:00-05:00,1862.8369547053942,1884.3182082614107,1861.6618460912864,1879.4655854107884,189.253112033195,0.0
2020-10-22 00:00:00-05:00,1863.675543813278,1885.1833534896266,1862.5983609170125,1880.376788626556,189.31535269709545,0.0
2020-10-23 00:00:00-05:00,1864.514132921162,1886.0484987178424,1863.5348757427387,1881.2879918423237,189.37759336099586,0.0
2020-10-24 00:00:00-05:00,1865.3527220290457,1886.913643946058,1864.4713905684648,1882.1991950580914,189.43983402489627,0.0
2020-10-25 00:00:00-05:00,1866.1913111369295,1887.778789174274,1865.407905394191,1883.110398273859,189.50207468879668,0.0
2020-10-26 00:00:00-05:00,1867.0299002448132,1888.6439344024898,1866.344420219917,1884.0216014896266,189.5643153526971,0.0
2020-10-27 00:00:00-05:00,1867.8684893526972,1889.5090796307054,1867.2809350456432,1884.9328047053941,189.6265560165975,0.0
2020-10-28 00:00:00-05:00,1868.707078460581,1890.3742248589213,1868.2174498713694,1885.8440079211618,189.68879668049792,0.0
2020-10-29 00:00:00-05:00,1869.5456675684648,1891.239370087137,1869.1539646970955,1886.7552111369296,189.75103734439836,0.0
2020-10-30 00:00:00-05:00,1870.3842566763485,1892.1045153153527,1870.0904795228216,1887.666414352697,189.81327800829877,0.0
2020-10-31 00:00:00-05:00,1871.2228457842325,1892.9696605435686,1871.0269943485478,1888.5776175684648,189.87551867219918,0.0
2020-11-01 00:00:00-05:00,1872.0614348921163,1893.8348057717842,1871.963509174274,1889.4888207842323,189.9377593360996,0.0
2020-11-02 00:00:00-05:00,1872.900024,1894.699951,1872.900024,1890.400024,190.0,0.0
2020-11-03 00:00:00-05:00,1891.5,1908.5,1891.5,1908.5,712.0,0.0
2020-11-04 00:00:00-05:00,1893.800049,1907.0,1885.300049,1894.599976,782.0,0.0
2020-11-05 00:00:00-05:00,1901.699951,1948.0,1901.699951,1945.300049,135.0,0.0
2020-11-06 00:00:00-05:00,1940.800049,1958.800049,1940.800049,1950.300049,304.0,0.0
2020-11-07 00:00:00-05:00,1945.733358,1960.266683,1909.5666913333332,1917.9333496666666,451.0,0.0
2020-11-08 00:00:00-05:00,1950.666667,1961.733317,1878.3333336666667,1885.5666503333334,598.0,0.0
2020-11-09 00:00:00-05:00,1955.599976,1963.199951,1847.099976,1853.199951,745.0,0.0
2020-11-10 00:00:00-05:00,1879.300049,1885.300049,1871.199951,1875.400024,276.0,0.0
2020-11-11 00:00:00-05:00,1878.800049,1878.800049,1855.5,1860.699951,222.0,0.0
2020-11-12 00:00:00-05:00,1869.0,1878.5,1866.599976,1872.599976,220.0,0.0
2020-11-13 00:00:00-05:00,1877.0,1890.099976,1876.800049,1885.699951,240.0,0.0
2020-11-14 00:00:00-05:00,1876.199992,1889.166667,1874.8666993333334,1886.233317,162.0,0.0
2020-11-15 00:00:00-05:00,1875.399984,1888.233358,1872.9333496666666,1886.766683,84.0,0.0
2020-11-16 00:00:00-05:00,1874.599976,1887.300049,1871.0,1887.300049,6.0,0.0
2020-11-17 00:00:00-05:00,1888.400024,1888.400024,1884.5,1884.5,59.0,0.0
2020-11-18 00:00:00-05:00,1873.5,1873.5,1873.5,1873.5,152.0,0.0
2020-11-19 00:00:00-05:00,1865.800049,1865.800049,1856.0,1861.099976,59.0,0.0
2020-11-20 00:00:00-05:00,1871.199951,1872.599976,1871.199951,1872.599976,1900.0,0.0
2020-11-21 00:00:00-05:00,1859.0666503333334,1861.0000003333332,1857.199951,1861.0000003333332,1547.6666666666667,0.0
2020-11-22 00:00:00-05:00,1846.9333496666666,1849.4000246666667,1843.199951,1849.4000246666667,1195.3333333333335,0.0
2020-11-23 00:00:00-05:00,1834.800049,1837.800049,1829.199951,1837.800049,843.0,0.0
2020-11-24 00:00:00-05:00,1829.300049,1829.300049,1799.300049,1804.800049,1041.0,0.0
2020-11-25 00:00:00-05:00,1801.400024,1805.699951,1801.400024,1805.699951,83644.2,0.0
2020-11-26 00:00:00-05:00,1803.75,1811.3499755,1786.0499875,1793.7999875,93259.13333333333,0.0
2020-11-27 00:00:00-05:00,1806.099976,1817.0,1770.699951,1781.900024,98257.2,0.0
2020-11-28 00:00:00-05:00,1799.0666506666666,1807.0666503333334,1767.8999836666667,1779.833333,48917.66666666667,0.0
2020-11-29 00:00:00-05:00,1792.0333253333333,1797.1333006666666,1765.1000163333333,1777.766642,26031.333333333336,0.0
2020-11-30 00:00:00-05:00,1785.0,1787.199951,1762.300049,1775.699951,3145.0,0.0
2020-12-01 00:00:00-05:00,1775.0,1815.900024,1774.900024,1814.099976,1859.0,0.0
2020-12-02 00:00:00-05:00,1811.300049,1830.0,1807.800049,1825.699951,771.0,0.0
2020-12-03 00:00:00-05:00,1829.199951,1842.0,1825.300049,1836.800049,1765.0,0.0
2020-12-04 00:00:00-05:00,1840.699951,1847.599976,1828.199951,1835.900024,1213.0,0.0
2020-12-05 00:00:00-05:00,1839.2999673333334,1854.0333253333333,1825.733317,1844.5333656666667,1284.3333333333333,0.0
2020-12-06 00:00:00-05:00,1837.8999836666667,1860.4666746666667,1823.266683,1853.1667073333333,1355.6666666666667,0.0
2020-12-07 00:00:00-05:00,1836.5,1866.900024,1820.800049,1861.800049,1427.0,0.0
2020-12-08 00:00:00-05:00,1863.0,1875.800049,1861.800049,1870.800049,121.0,0.0
2020-12-09 00:00:00-05:00,1867.099976,1867.099976,1827.0,1834.599976,215.0,0.0
2020-12-10 00:00:00-05:00,1833.199951,1849.099976,1828.0,1833.599976,177.0,0.0
2020-12-11 00:00:00-05:00,1838.5,1846.0,1829.099976,1839.800049,109.0,0.0
2020-12-12 00:00:00-05:00,1837.5,1842.5666503333334,1826.9666343333333,1836.1000163333333,158.66666666666666,0.0
2020-12-13 00:00:00-05:00,1836.5,1839.1333006666666,1824.8332926666667,1832.3999836666667,208.33333333333331,0.0
2020-12-14 00:00:00-05:00,1835.5,1835.699951,1822.699951,1828.699951,258.0,0.0
2020-12-15 00:00:00-05:00,1833.5,1853.599976,1833.199951,1852.300049,961.0,0.0
2020-12-16 00:00:00-05:00,1856.5,1864.699951,1850.5,1856.099976,1090.0,0.0
2020-12-17 00:00:00-05:00,1874.199951,1896.199951,1874.199951,1887.199951,414.0,0.0
2020-12-18 00:00:00-05:00,1882.400024,1889.5,1882.300049,1885.699951,276.0,0.0
2020-12-19 00:00:00-05:00,1883.2000323333334,1895.6666666666667,1877.9000246666667,1883.5332843333333,229.33333333333334,0.0
2020-12-20 00:00:00-05:00,1884.0000406666666,1901.8333333333333,1873.5000003333332,1881.3666176666668,182.66666666666669,0.0
2020-12-21 00:00:00-05:00,1884.800049,1908.0,1869.099976,1879.199951,136.0,0.0
2020-12-22 00:00:00-05:00,1882.199951,1882.199951,1861.0,1866.599976,233.0,0.0
2020-12-23 00:00:00-05:00,1867.0,1878.800049,1864.5,1874.699951,82.0,0.0
2020-12-24 00:00:00-05:00,1877.300049,1879.900024,1875.699951,1879.900024,46.0,0.0
2020-12-25 00:00:00-05:00,1881.85003675,1883.87503025,1875.199951,1879.22500575,53.25,0.0
2020-12-26 00:00:00-05:00,1886.4000245,1887.8500365,1874.699951,1878.5499875,60.5,0.0
2020-12-27 00:00:00-05:00,1890.9500122499999,1891.82504275,1874.199951,1877.87496925,67.75,0.0
2020-12-28 00:00:00-05:00,1895.5,1895.800049,1873.699951,1877.199951,75.0,0.0
2020-12-29 00:00:00-05:00,1881.300049,1881.300049,1879.699951,1879.699951,343.0,0.0
2020-12-30 00:00:00-05:00,1879.900024,1895.800049,1877.300049,1891.0,444.0,0.0
2020-12-31 00:00:00-05:00,1897.0,1901.300049,1892.699951,1893.099976,127.0,0.0
2021-01-01 00:00:00-05:00,1900.7999877500001,1912.25003075,1897.574951,1905.99996975,133.75,0.0
2021-01-02 00:00:00-05:00,1904.5999755,1923.2000125,1902.449951,1918.8999635,140.5,0.0
2021-01-03 00:00:00-05:00,1908.39996325,1934.14999425,1907.324951,1931.79995725,147.25,0.0
2021-01-04 00:00:00-05:00,1912.199951,1945.099976,1912.199951,1944.699951,154.0,0.0
2021-01-05 00:00:00-05:00,1941.699951,1952.699951,1941.300049,1952.699951,113.0,0.0
2021-01-06 00:00:00-05:00,1952.0,1959.900024,1901.5,1906.900024,331.0,0.0
2021-01-07 00:00:00-05:00,1922.599976,1926.699951,1912.0,1912.300049,122.0,0.0
2021-01-08 00:00:00-05:00,1908.0,1908.0,1834.099976,1834.099976,60.0,0.0
2021-01-09 00:00:00-05:00,1880.8333333333333,1888.5333253333333,1831.5666506666666,1839.2666426666667,46.666666666666664,0.0
2021-01-10 00:00:00-05:00,1853.6666666666667,1869.0666506666666,1829.0333253333333,1844.4333093333332,33.33333333333333,0.0
2021-01-11 00:00:00-05:00,1826.5,1849.599976,1826.5,1849.599976,20.0,0.0
2021-01-12 00:00:00-05:00,1849.0,1859.699951,1839.400024,1842.900024,176.0,0.0
2021-01-13 00:00:00-05:00,1858.0,1858.599976,1853.599976,1853.599976,189.0,0.0
2021-01-14 00:00:00-05:00,1836.699951,1850.699951,1836.699951,1850.300049,149.0,0.0
2021-01-15 00:00:00-05:00,1829.400024,1829.400024,1825.0,1829.300049,31.0,0.0
2021-01-16 00:00:00-05:00,1822.550018,1832.775024,1819.25,1831.85003675,26.5,0.0
2021-01-17 00:00:00-05:00,1815.700012,1836.150024,1813.5,1834.4000245,22.0,0.0
2021-01-18 00:00:00-05:00,1808.8500060000001,1839.525024,1807.75,1836.9500122499999,17.5,0.0
2021-01-19 00:00:00-05:00,1802.0,1842.900024,1802.0,1839.5,13.0,0.0
2021-01-20 00:00:00-05:00,1847.800049,1866.599976,1844.400024,1865.900024,16.0,0.0
2021-01-21 00:00:00-05:00,1865.300049,1868.0,1865.300049,1865.300049,6.0,0.0
2021-01-22 00:00:00-05:00,1854.900024,1855.699951,1852.699951,1855.699951,8.0,0.0
2021-01-23 00:00:00-05:00,1858.1666663333333,1858.699951,1852.3999836666667,1855.4333086666668,14.0,0.0
2021-01-24 00:00:00-05:00,1861.4333086666668,1861.699951,1852.1000163333333,1855.1666663333333,20.0,0.0
2021-01-25 00:00:00-05:00,1864.699951,1864.699951,1851.800049,1854.900024,26.0,0.0
2021-01-26 00:00:00-05:00,1855.800049,1855.800049,1850.699951,1850.699951,59.0,0.0
2021-01-27 00:00:00-05:00,1844.900024,1844.900024,1844.900024,1844.900024,44908.4,0.0
2021-01-28 00:00:00-05:00,1843.400024,1862.900024,1831.5,1837.900024,27283.0,0.0
2021-01-29 00:00:00-05:00,1842.0,1876.0,1838.699951,1847.300049,1634.0,0.0
2021-01-30 00:00:00-05:00,1850.199992,1874.6333413333334,1842.466634,1851.800049,1587.3333333333333,0.0
2021-01-31 00:00:00-05:00,1858.399984,1873.2666826666666,1846.233317,1856.300049,1540.6666666666667,0.0
2021-02-01 00:00:00-05:00,1866.599976,1871.900024,1850.0,1860.800049,1494.0,0.0
2021-02-02 00:00:00-05:00,1859.599976,1861.300049,1827.599976,1830.5,1293.0,0.0
2021-02-03 00:00:00-05:00,1834.800049,1842.400024,1829.800049,1832.199951,1195.0,0.0
2021-02-04 00:00:00-05:00,1832.199951,1832.199951,1782.800049,1788.900024,2375.0,0.0
2021-02-05 00:00:00-05:00,1794.300049,1813.5,1790.900024,1810.900024,1278.0,0.0
2021-02-06 00:00:00-05:00,1801.6333823333332,1821.233317,1796.9333493333334,1817.900024,936.6666666666667,0.0
2021-02-07 00:00:00-05:00,1808.9667156666667,1828.966634,1802.9666746666667,1824.900024,595.3333333333334,0.0
2021-02-08 00:00:00-05:00,1816.300049,1836.699951,1809.0,1831.900024,254.0,0.0
2021-02-09 00:00:00-05:00,1841.900024,1843.300049,1830.699951,1835.300049,184.0,0.0
2021-02-10 00:00:00-05:00,1842.599976,1851.099976,1837.0,1840.599976,543.0,0.0
2021-02-11 00:00:00-05:00,1840.5,1845.0,1820.900024,1824.900024,602.0,0.0
2021-02-12 00:00:00-05:00,1825.0,1827.5,1809.199951,1821.599976,259.0,0.0
2021-02-13 00:00:00-05:00,1823.9750060000001,1826.4750060000001,1803.7249755,1815.49996975,479.5,0.0
2021-02-14 00:00:00-05:00,1822.950012,1825.450012,1798.25,1809.3999635,700.0,0.0
2021-02-15 00:00:00-05:00,1821.925018,1824.425018,1792.7750245,1803.29995725,920.5,0.0
2021-02-16 00:00:00-05:00,1820.900024,1823.400024,1787.300049,1797.199951,1141.0,0.0
2021-02-17 00:00:00-05:00,1785.800049,1789.699951,1768.800049,1771.099976,614.0,0.0
2021-02-18 00:00:00-05:00,1776.099976,1784.599976,1766.0,1773.400024,587.0,0.0
2021-02-19 00:00:00-05:00,1764.300049,1787.599976,1764.300049,1775.800049,118.0,0.0
2021-02-20 00:00:00-05:00,1770.8666993333334,1794.3333336666667,1770.8666993333334,1786.1000163333333,133.66666666666666,0.0
2021-02-21 00:00:00-05:00,1777.4333496666666,1801.0666913333332,1777.4333496666666,1796.3999836666667,149.33333333333334,0.0
2021-02-22 00:00:00-05:00,1784.0,1807.800049,1784.0,1806.699951,165.0,0.0
2021-02-23 00:00:00-05:00,1809.599976,1811.300049,1796.400024,1804.400024,569.0,0.0
2021-02-24 00:00:00-05:00,1805.800049,1805.800049,1796.400024,1796.400024,1500.0,0.0
2021-02-25 00:00:00-05:00,1801.5,1802.0,1766.699951,1774.400024,1049.0,0.0
2021-02-26 00:00:00-05:00,1768.099976,1768.199951,1718.800049,1728.099976,1593.0,0.0
2021-02-27 00:00:00-05:00,1757.7666426666667,1761.1333006666666,1719.300049,1726.2333173333334,1197.6666666666667,0.0
2021-02-28 00:00:00-05:00,1747.4333093333332,1754.0666503333334,1719.800049,1724.3666586666666,802.3333333333334,0.0
2021-03-01 00:00:00-05:00,1737.099976,1747.0,1720.300049,1722.5,407.0,0.0
2021-03-02 00:00:00-05:00,1709.400024,1733.099976,1708.699951,1733.099976,867.0,0.0
2021-03-03 00:00:00-05:00,1730.0,1732.400024,1703.5,1715.300049,501.0,0.0
2021-03-04 00:00:00-05:00,1706.5,1717.400024,1700.199951,1700.199951,521.0,0.0
2021-03-05 00:00:00-05:00,1690.599976,1701.0,1685.0,1698.0,302.0,0.0
2021-03-06 00:00:00-05:00,1695.2999676666666,1702.4666746666667,1681.233317,1691.233317,631.3333333333333,0.0
2021-03-07 00:00:00-05:00,1699.9999593333334,1703.9333493333334,1677.466634,1684.466634,960.6666666666666,0.0
2021-03-08 00:00:00-05:00,1704.699951,1705.400024,1673.699951,1677.699951,1290.0,0.0
2021-03-09 00:00:00-05:00,1686.199951,1717.5,1685.199951,1716.599976,335.0,0.0
2021-03-10 00:00:00-05:00,1713.599976,1722.900024,1711.0,1721.5,412.0,0.0
2021-03-11 00:00:00-05:00,1725.599976,1737.5,1720.199951,1722.300049,18.0,0.0
2021-03-12 00:00:00-05:00,1715.900024,1722.5,1699.0,1719.5,80.0,0.0
2021-03-13 00:00:00-05:00,1716.3195259751037,1722.9352698091286,1699.4892117178424,1719.9477179419086,80.75103734439834,0.0
2021-03-14 00:00:00-05:00,1716.7390279502074,1723.3705396182572,1699.9784234356846,1720.3954358838175,81.50207468879668,0.0
2021-03-15 00:00:00-05:00,1717.1585299253113,1723.8058094273858,1700.467635153527,1720.8431538257262,82.25311203319502,0.0
2021-03-16 00:00:00-05:00,1717.578031900415,1724.2410792365145,1700.9568468713694,1721.2908717676348,83.00414937759336,0.0
2021-03-17 00:00:00-05:00,1717.9975338755187,1724.676349045643,1701.4460585892116,1721.7385897095435,83.7551867219917,0.0
2021-03-18 00:00:00-05:00,1718.4170358506224,1725.1116188547717,1701.935270307054,1722.1863076514524,84.50622406639005,0.0
2021-03-19 00:00:00-05:00,1718.8365378257263,1725.5468886639005,1702.4244820248962,1722.634025593361,85.25726141078839,0.0
2021-03-20 00:00:00-05:00,1719.25603980083,1725.9821584730291,1702.9136937427386,1723.0817435352697,86.00829875518673,0.0
2021-03-21 00:00:00-05:00,1719.6755417759337,1726.4174282821577,1703.402905460581,1723.5294614771785,86.75933609958506,0.0
2021-03-22 00:00:00-05:00,1720.0950437510373,1726.8526980912864,1703.8921171784232,1723.9771794190872,87.5103734439834,0.0
2021-03-23 00:00:00-05:00,1720.514545726141,1727.287967900415,1704.3813288962656,1724.4248973609958,88.26141078838174,0.0
2021-03-24 00:00:00-05:00,1720.934047701245,1727.7232377095436,1704.870540614108,1724.8726153029045,89.01244813278008,0.0
2021-03-25 00:00:00-05:00,1721.3535496763486,1728.1585075186722,1705.3597523319502,1725.3203332448134,89.76348547717842,0.0
2021-03-26 00:00:00-05:00,1721.7730516514523,1728.5937773278008,1705.8489640497926,1725.768051186722,90.51452282157676,0.0
2021-03-27 00:00:00-05:00,1722.192553626556,1729.0290471369294,1706.3381757676348,1726.2157691286307,91.2655601659751,0.0
2021-03-28 00:00:00-05:00,1722.6120556016597,1729.464316946058,1706.8273874854772,1726.6634870705395,92.01659751037344,0.0
2021-03-29 00:00:00-05:00,1723.0315575767636,1729.8995867551866,1707.3165992033196,1727.1112050124482,92.76763485477179,0.0
2021-03-30 00:00:00-05:00,1723.4510595518673,1730.3348565643153,1707.8058109211618,1727.5589229543568,93.51867219917013,0.0
2021-03-31 00:00:00-05:00,1723.870561526971,1730.7701263734439,1708.2950226390042,1728.0066408962655,94.26970954356847,0.0
2021-04-01 00:00:00-05:00,1724.2900635020746,1731.2053961825727,1708.7842343568466,1728.4543588381744,95.02074688796681,0.0
2021-04-02 00:00:00-05:00,1724.7095654771786,1731.6406659917013,1709.2734460746888,1728.902076780083,95.77178423236515,0.0
2021-04-03 00:00:00-05:00,1725.1290674522822,1732.07593580083,1709.7626577925312,1729.3497947219917,96.52282157676348,0.0
2021-04-04 00:00:00-05:00,1725.548569427386,1732.5112056099586,1710.2518695103734,1729.7975126639003,97.27385892116183,0.0
2021-04-05 00:00:00-05:00,1725.9680714024896,1732.9464754190872,1710.7410812282158,1730.2452306058092,98.02489626556016,0.0
2021-04-06 00:00:00-05:00,1726.3875733775933,1733.3817452282158,1711.2302929460582,1730.6929485477178,98.77593360995851,0.0
2021-04-07 00:00:00-05:00,1726.8070753526972,1733.8170150373444,1711.7195046639004,1731.1406664896265,99.52697095435684,0.0
2021-04-08 00:00:00-05:00,1727.226577327801,1734.252284846473,1712.2087163817428,1731.5883844315354,100.27800829875518,0.0
2021-04-09 00:00:00-05:00,1727.6460793029046,1734.6875546556016,1712.6979280995852,1732.036102373444,101.02904564315352,0.0
2021-04-10 00:00:00-05:00,1728.0655812780083,1735.1228244647302,1713.1871398174274,1732.4838203153527,101.78008298755186,0.0
2021-04-11 00:00:00-05:00,1728.485083253112,1735.5580942738588,1713.6763515352698,1732.9315382572613,102.5311203319502,0.0
2021-04-12 00:00:00-05:00,1728.9045852282159,1735.9933640829875,1714.165563253112,1733.3792561991702,103.28215767634855,0.0
2021-04-13 00:00:00-05:00,1729.3240872033196,1736.4286338921163,1714.6547749709543,1733.8269741410788,104.03319502074689,0.0
2021-04-14 00:00:00-05:00,1729.7435891784232,1736.863903701245,1715.1439866887968,1734.2746920829875,104.78423236514523,0.0
2021-04-15 00:00:00-05:00,1730.163091153527,1737.2991735103735,1715.633198406639,1734.7224100248964,105.53526970954357,0.0
2021-04-16 00:00:00-05:00,1730.5825931286308,1737.7344433195021,1716.1224101244813,1735.170127966805,106.28630705394191,0.0
2021-04-17 00:00:00-05:00,1731.0020951037345,1738.1697131286307,1716.6116218423238,1735.6178459087137,107.03734439834025,0.0
2021-04-18 00:00:00-05:00,1731.4215970788382,1738.6049829377594,1717.100833560166,1736.0655638506223,107.7883817427386,0.0
2021-04-19 00:00:00-05:00,1731.841099053942,1739.040252746888,1717.5900452780083,1736.5132817925312,108.53941908713693,0.0
2021-04-20 00:00:00-05:00,1732.2606010290456,1739.4755225560166,1718.0792569958505,1736.9609997344398,109.29045643153526,0.0
2021-04-21 00:00:00-05:00,1732.6801030041495,1739.9107923651452,1718.568468713693,1737.4087176763485,110.04149377593362,0.0
2021-04-22 00:00:00-05:00,1733.0996049792532,1740.3460621742738,1719.0576804315353,1737.8564356182574,110.79253112033194,0.0
2021-04-23 00:00:00-05:00,1733.5191069543569,1740.7813319834024,1719.5468921493775,1738.304153560166,111.5435684647303,0.0
2021-04-24 00:00:00-05:00,1733.9386089294605,1741.216601792531,1720.03610386722,1738.7518715020747,112.29460580912863,0.0
2021-04-25 00:00:00-05:00,1734.3581109045645,1741.6518716016596,1720.5253155850623,1739.1995894439833,113.04564315352697,0.0
2021-04-26 00:00:00-05:00,1734.7776128796681,1742.0871414107885,1721.0145273029045,1739.6473073858922,113.79668049792531,0.0
2021-04-27 00:00:00-05:00,1735.1971148547718,1742.522411219917,1721.503739020747,1740.0950253278008,114.54771784232365,0.0
2021-04-28 00:00:00-05:00,1735.6166168298755,1742.9576810290457,1721.9929507385891,1740.5427432697095,115.29875518672199,0.0
2021-04-29 00:00:00-05:00,1736.0361188049792,1743.3929508381743,1722.4821624564315,1740.9904612116184,116.04979253112033,0.0
2021-04-30 00:00:00-05:00,1736.455620780083,1743.828220647303,1722.971374174274,1741.438179153527,116.80082987551867,0.0
2021-05-01 00:00:00-05:00,1736.8751227551868,1744.2634904564316,1723.4605858921161,1741.8858970954357,117.55186721991701,0.0
2021-05-02 00:00:00-05:00,1737.2946247302905,1744.6987602655602,1723.9497976099585,1742.3336150373443,118.30290456431536,0.0
2021-05-03 00:00:00-05:00,1737.7141267053942,1745.1340300746888,1724.439009327801,1742.7813329792532,119.0539419087137,0.0
2021-05-04 00:00:00-05:00,1738.1336286804978,1745.5692998838174,1724.928221045643,1743.2290509211618,119.80497925311204,0.0
2021-05-05 00:00:00-05:00,1738.5531306556018,1746.004569692946,1725.4174327634855,1743.6767688630705,120.55601659751036,0.0
2021-05-06 00:00:00-05:00,1738.9726326307054,1746.4398395020746,1725.9066444813277,1744.1244868049794,121.30705394190872,0.0
2021-05-07 00:00:00-05:00,1739.3921346058091,1746.8751093112032,1726.39585619917,1744.572204746888,122.05809128630705,0.0
2021-05-08 00:00:00-05:00,1739.8116365809128,1747.310379120332,1726.8850679170125,1745.0199226887967,122.8091286307054,0.0
2021-05-09 00:00:00-05:00,1740.2311385560167,1747.7456489294607,1727.3742796348547,1745.4676406307053,123.56016597510373,0.0
2021-05-10 00:00:00-05:00,1740.6506405311204,1748.1809187385893,1727.863491352697,1745.9153585726142,124.31120331950208,0.0
2021-05-11 00:00:00-05:00,1741.070142506224,1748.616188547718,1728.3527030705395,1746.3630765145228,125.06224066390041,0.0
2021-05-12 00:00:00-05:00,1741.4896444813278,1749.0514583568465,1728.8419147883817,1746.8107944564315,125.81327800829875,0.0
2021-05-13 00:00:00-05:00,1741.9091464564315,1749.4867281659751,1729.331126506224,1747.2585123983404,126.5643153526971,0.0
2021-05-14 00:00:00-05:00,1742.3286484315354,1749.9219979751037,1729.8203382240663,1747.706230340249,127.31535269709543,0.0
2021-05-15 00:00:00-05:00,1742.748150406639,1750.3572677842324,1730.3095499419087,1748.1539482821577,128.06639004149378,0.0
2021-05-16 00:00:00-05:00,1743.1676523817428,1750.792537593361,1730.798761659751,1748.6016662240663,128.81742738589213,0.0
2021-05-17 00:00:00-05:00,1743.5871543568464,1751.2278074024896,1731.2879733775933,1749.0493841659752,129.56846473029046,0.0
2021-05-18 00:00:00-05:00,1744.0066563319501,1751.6630772116182,1731.7771850954357,1749.4971021078838,130.31950207468878,0.0
2021-05-19 00:00:00-05:00,1744.426158307054,1752.0983470207468,1732.266396813278,1749.9448200497925,131.07053941908714,0.0
2021-05-20 00:00:00-05:00,1744.8456602821577,1752.5336168298754,1732.7556085311203,1750.3925379917011,131.82157676348547,0.0
2021-05-21 00:00:00-05:00,1745.2651622572614,1752.9688866390043,1733.2448202489627,1750.84025593361,132.57261410788382,0.0
2021-05-22 00:00:00-05:00,1745.684664232365,1753.4041564481329,1733.7340319668049,1751.2879738755187,133.32365145228215,0.0
2021-05-23 00:00:00-05:00,1746.104166207469,1753.8394262572615,1734.2232436846473,1751.7356918174273,134.0746887966805,0.0
2021-05-24 00:00:00-05:00,1746.5236681825727,1754.27469606639,1734.7124554024897,1752.1834097593362,134.82572614107883,0.0
2021-05-25 00:00:00-05:00,1746.9431701576764,1754.7099658755187,1735.2016671203319,1752.6311277012448,135.5767634854772,0.0
2021-05-26 00:00:00-05:00,1747.36267213278,1755.1452356846473,1735.6908788381743,1753.0788456431535,136.3278008298755,0.0
2021-05-27 00:00:00-05:00,1747.7821741078837,1755.580505493776,1736.1800905560167,1753.5265635850621,137.07883817427387,0.0
2021-05-28 00:00:00-05:00,1748.2016760829877,1756.0157753029046,1736.6693022738589,1753.974281526971,137.8298755186722,0.0
2021-05-29 00:00:00-05:00,1748.6211780580913,1756.4510451120332,1737.1585139917013,1754.4219994688797,138.58091286307052,0.0
2021-05-30 00:00:00-05:00,1749.040680033195,1756.8863149211618,1737.6477257095435,1754.8697174107883,139.33195020746888,0.0
2021-05-31 00:00:00-05:00,1749.4601820082987,1757.3215847302904,1738.1369374273859,1755.3174353526972,140.08298755186723,0.0
2021-06-01 00:00:00-05:00,1749.8796839834024,1757.756854539419,1738.6261491452283,1755.7651532946059,140.83402489626556,0.0
2021-06-02 00:00:00-05:00,1750.2991859585063,1758.1921243485476,1739.1153608630705,1756.2128712365145,141.5850622406639,0.0
2021-06-03 00:00:00-05:00,1750.71868793361,1758.6273941576765,1739.6045725809129,1756.6605891784232,142.33609958506224,0.0
2021-06-04 00:00:00-05:00,1751.1381899087137,1759.062663966805,1740.0937842987553,1757.108307120332,143.0871369294606,0.0
2021-06-05 00:00:00-05:00,1751.5576918838174,1759.4979337759337,1740.5829960165975,1757.5560250622407,143.83817427385893,0.0
2021-06-06 00:00:00-05:00,1751.9771938589213,1759.9332035850623,1741.0722077344399,1758.0037430041493,144.58921161825725,0.0
2021-06-07 00:00:00-05:00,1752.396695834025,1760.368473394191,1741.5614194522823,1758.4514609460582,145.3402489626556,0.0
2021-06-08 00:00:00-05:00,1752.8161978091287,1760.8037432033195,1742.0506311701245,1758.8991788879669,146.09128630705393,0.0
2021-06-09 00:00:00-05:00,1753.2356997842323,1761.2390130124481,1742.5398428879669,1759.3468968298755,146.84232365145226,0.0
2021-06-10 00:00:00-05:00,1753.655201759336,1761.6742828215768,1743.029054605809,1759.7946147717842,147.59336099585062,0.0
2021-06-11 00:00:00-05:00,1754.07470373444,1762.1095526307054,1743.5182663236515,1760.242332713693,148.34439834024897,0.0
2021-06-12 00:00:00-05:00,1754.4942057095436,1762.544822439834,1744.0074780414939,1760.6900506556017,149.0954356846473,0.0
2021-06-13 00:00:00-05:00,1754.9137076846473,1762.9800922489626,1744.496689759336,1761.1377685975103,149.84647302904563,0.0
2021-06-14 00:00:00-05:00,1755.333209659751,1763.4153620580912,1744.9859014771785,1761.5854865394192,150.59751037344398,0.0
2021-06-15 00:00:00-05:00,1755.7527116348547,1763.8506318672198,1745.4751131950206,1762.0332044813279,151.34854771784234,0.0
2021-06-16 00:00:00-05:00,1756.1722136099586,1764.2859016763487,1745.964324912863,1762.4809224232365,152.09958506224066,0.0
2021-06-17 00:00:00-05:00,1756.5917155850623,1764.7211714854773,1746.4535366307055,1762.9286403651452,152.850622406639,0.0
2021-06-18 00:00:00-05:00,1757.011217560166,1765.1564412946059,1746.9427483485476,1763.376358307054,153.60165975103735,0.0
2021-06-19 00:00:00-05:00,1757.4307195352696,1765.5917111037345,1747.43196006639,1763.8240762489627,154.3526970954357,0.0
2021-06-20 00:00:00-05:00,1757.8502215103736,1766.026980912863,1747.9211717842325,1764.2717941908713,155.10373443983403,0.0
2021-06-21 00:00:00-05:00,1758.2697234854772,1766.4622507219917,1748.4103835020746,1764.71951213278,155.85477178423236,0.0
2021-06-22 00:00:00-05:00,1758.689225460581,1766.8975205311203,1748.899595219917,1765.1672300746889,156.6058091286307,0.0
2021-06-23 00:00:00-05:00,1759.1087274356846,1767.332790340249,1749.3888069377595,1765.6149480165975,157.35684647302907,0.0
2021-06-24 00:00:00-05:00,1759.5282294107883,1767.7680601493776,1749.8780186556016,1766.0626659585062,158.1078838174274,0.0
2021-06-25 00:00:00-05:00,1759.9477313858922,1768.2033299585062,1750.367230373444,1766.510383900415,158.85892116182572,0.0
2021-06-26 00:00:00-05:00,1760.367233360996,1768.6385997676348,1750.8564420912862,1766.9581018423237,159.60995850622407,0.0
2021-06-27 00:00:00-05:00,1760.7867353360996,1769.0738695767634,1751.3456538091286,1767.4058197842323,160.3609958506224,0.0
2021-06-28 00:00:00-05:00,1761.2062373112033,1769.5091393858922,1751.834865526971,1767.853537726141,161.11203319502073,0.0
2021-06-29 00:00:00-05:00,1761.6257392863072,1769.9444091950209,1752.3240772448132,1768.3012556680499,161.86307053941908,0.0
2021-06-30 00:00:00-05:00,1762.0452412614109,1770.3796790041495,1752.8132889626556,1768.7489736099585,162.61410788381744,0.0
2021-07-01 00:00:00-05:00,1762.4647432365146,1770.814948813278,1753.302500680498,1769.1966915518672,163.36514522821577,0.0
2021-07-02 00:00:00-05:00,1762.8842452116182,1771.2502186224067,1753.7917123983402,1769.644409493776,164.1161825726141,0.0
2021-07-03 00:00:00-05:00,1763.303747186722,1771.6854884315353,1754.2809241161826,1770.0921274356847,164.86721991701245,0.0
2021-07-04 00:00:00-05:00,1763.7232491618258,1772.120758240664,1754.7701358340248,1770.5398453775933,165.6182572614108,0.0
2021-07-05 00:00:00-05:00,1764.1427511369295,1772.5560280497925,1755.2593475518672,1770.987563319502,166.36929460580913,0.0
2021-07-06 00:00:00-05:00,1764.5622531120332,1772.9912978589211,1755.7485592697096,1771.4352812614109,167.12033195020746,0.0
2021-07-07 00:00:00-05:00,1764.981755087137,1773.4265676680498,1756.2377709875518,1771.8829992033195,167.8713692946058,0.0
2021-07-08 00:00:00-05:00,1765.4012570622406,1773.8618374771784,1756.7269827053942,1772.3307171452282,168.62240663900417,0.0
2021-07-09 00:00:00-05:00,1765.8207590373445,1774.297107286307,1757.2161944232366,1772.778435087137,169.3734439834025,0.0
2021-07-10 00:00:00-05:00,1766.2402610124482,1774.7323770954356,1757.7054061410788,1773.2261530290457,170.12448132780082,0.0
2021-07-11 00:00:00-05:00,1766.6597629875519,1775.1676469045644,1758.1946178589212,1773.6738709709543,170.87551867219918,0.0
2021-07-12 00:00:00-05:00,1767.0792649626555,1775.602916713693,1758.6838295767634,1774.121588912863,171.6265560165975,0.0
2021-07-13 00:00:00-05:00,1767.4987669377595,1776.0381865228217,1759.1730412946058,1774.5693068547719,172.37759336099583,0.0
2021-07-14 00:00:00-05:00,1767.9182689128631,1776.4734563319503,1759.6622530124482,1775.0170247966805,173.1286307053942,0.0
2021-07-15 00:00:00-05:00,1768.3377708879668,1776.908726141079,1760.1514647302904,1775.4647427385892,173.87966804979254,0.0
2021-07-16 00:00:00-05:00,1768.7572728630705,1777.3439959502075,1760.6406764481328,1775.912460680498,174.63070539419087,0.0
2021-07-17 00:00:00-05:00,1769.1767748381742,1777.779265759336,1761.1298881659752,1776.3601786224067,175.3817427385892,0.0
2021-07-18 00:00:00-05:00,1769.596276813278,1778.2145355684647,1761.6190998838174,1776.8078965643153,176.13278008298755,0.0
2021-07-19 00:00:00-05:00,1770.0157787883818,1778.6498053775933,1762.1083116016598,1777.255614506224,176.8838174273859,0.0
2021-07-20 00:00:00-05:00,1770.4352807634855,1779.085075186722,1762.597523319502,1777.7033324481329,177.63485477178423,0.0
2021-07-21 00:00:00-05:00,1770.8547827385892,1779.5203449958506,1763.0867350373444,1778.1510503900415,178.38589211618256,0.0
2021-07-22 00:00:00-05:00,1771.2742847136929,1779.9556148049792,1763.5759467551868,1778.5987683319502,179.13692946058092,0.0
2021-07-23 00:00:00-05:00,1771.6937866887968,1780.390884614108,1764.065158473029,1779.046486273859,179.88796680497927,0.0
2021-07-24 00:00:00-05:00,1772.1132886639004,1780.8261544232366,1764.5543701908714,1779.4942042157677,180.6390041493776,0.0
2021-07-25 00:00:00-05:00,1772.5327906390041,1781.2614242323652,1765.0435819087138,1779.9419221576763,181.39004149377593,0.0
2021-07-26 00:00:00-05:00,1772.9522926141078,1781.6966940414939,1765.532793626556,1780.389640099585,182.14107883817428,0.0
2021-07-27 00:00:00-05:00,1773.3717945892117,1782.1319638506225,1766.0220053443984,1780.8373580414939,182.8921161825726,0.0
2021-07-28 00:00:00-05:00,1773.7912965643154,1782.567233659751,1766.5112170622406,1781.2850759834025,183.64315352697093,0.0
2021-07-29 00:00:00-05:00,1774.210798539419,1783.0025034688797,1767.000428780083,1781.7327939253112,184.3941908713693,0.0
2021-07-30 00:00:00-05:00,1774.6303005145228,1783.4377732780083,1767.4896404979254,1782.18051186722,185.14522821576764,0.0
2021-07-31 00:00:00-05:00,1775.0498024896265,1783.873043087137,1767.9788522157676,1782.6282298091287,185.89626556016597,0.0
2021-08-01 00:00:00-05:00,1775.4693044647304,1784.3083128962655,1768.46806393361,1783.0759477510373,186.6473029045643,0.0
2021-08-02 00:00:00-05:00,1775.888806439834,1784.7435827053941,1768.9572756514524,1783.523665692946,187.39834024896265,0.0
2021-08-03 00:00:00-05:00,1776.3083084149378,1785.1788525145228,1769.4464873692946,1783.9713836348549,188.149377593361,0.0
2021-08-04 00:00:00-05:00,1776.7278103900414,1785.6141223236514,1769.935699087137,1784.4191015767635,188.90041493775934,0.0
2021-08-05 00:00:00-05:00,1777.1473123651454,1786.0493921327802,1770.4249108049792,1784.8668195186722,189.65145228215766,0.0
2021-08-06 00:00:00-05:00,1777.566814340249,1786.4846619419088,1770.9141225228216,1785.314537460581,190.40248962655602,0.0
2021-08-07 00:00:00-05:00,1777.9863163153527,1786.9199317510374,1771.403334240664,1785.7622554024897,191.15352697095437,0.0
2021-08-08 00:00:00-05:00,1778.4058182904564,1787.355201560166,1771.8925459585062,1786.2099733443983,191.9045643153527,0.0
2021-08-09 00:00:00-05:00,1778.82532026556,1787.7904713692947,1772.3817576763486,1786.657691286307,192.65560165975103,0.0
2021-08-10 00:00:00-05:00,1779.244822240664,1788.2257411784233,1772.870969394191,1787.1054092282159,193.40663900414938,0.0
2021-08-11 00:00:00-05:00,1779.6643242157677,1788.661010987552,1773.3601811120332,1787.5531271701245,194.1576763485477,0.0
2021-08-12 00:00:00-05:00,1780.0838261908714,1789.0962807966805,1773.8493928298756,1788.0008451120332,194.90871369294604,0.0
2021-08-13 00:00:00-05:00,1780.503328165975,1789.5315506058091,1774.3386045477178,1788.4485630539418,195.6597510373444,0.0
2021-08-14 00:00:00-05:00,1780.9228301410787,1789.9668204149377,1774.8278162655602,1788.8962809958507,196.41078838174275,0.0
2021-08-15 00:00:00-05:00,1781.3423321161827,1790.4020902240663,1775.3170279834026,1789.3439989377594,197.16182572614107,0.0
2021-08-16 00:00:00-05:00,1781.7618340912863,1790.837360033195,1775.8062397012447,1789.791716879668,197.9128630705394,0.0
2021-08-17 00:00:00-05:00,1782.18133606639,1791.2726298423236,1776.2954514190872,1790.2394348215769,198.66390041493776,0.0
2021-08-18 00:00:00-05:00,1782.6008380414937,1791.7078996514524,1776.7846631369296,1790.6871527634855,199.4149377593361,0.0
2021-08-19 00:00:00-05:00,1783.0203400165974,1792.143169460581,1777.2738748547717,1791.1348707053942,200.16597510373444,0.0
2021-08-20 00:00:00-05:00,1783.4398419917013,1792.5784392697096,1777.7630865726142,1791.5825886473028,200.91701244813277,0.0
2021-08-21 00:00:00-05:00,1783.859343966805,1793.0137090788382,1778.2522982904566,1792.0303065892117,201.66804979253112,0.0
2021-08-22 00:00:00-05:00,1784.2788459419087,1793.4489788879669,1778.7415100082987,1792.4780245311204,202.41908713692948,0.0
2021-08-23 00:00:00-05:00,1784.6983479170124,1793.8842486970955,1779.2307217261412,1792.925742473029,203.1701244813278,0.0
2021-08-24 00:00:00-05:00,1785.1178498921163,1794.319518506224,1779.7199334439833,1793.3734604149379,203.92116182572613,0.0
2021-08-25 00:00:00-05:00,1785.53735186722,1794.7547883153527,1780.2091451618257,1793.8211783568465,204.6721991701245,0.0
2021-08-26 00:00:00-05:00,1785.9568538423237,1795.1900581244813,1780.6983568796682,1794.2688962987552,205.42323651452284,0.0
2021-08-27 00:00:00-05:00,1786.3763558174273,1795.62532793361,1781.1875685975103,1794.7166142406638,206.17427385892117,0.0
2021-08-28 00:00:00-05:00,1786.795857792531,1796.0605977427385,1781.6767803153527,1795.1643321825727,206.9253112033195,0.0
2021-08-29 00:00:00-05:00,1787.215359767635,1796.4958675518671,1782.165992033195,1795.6120501244814,207.67634854771785,0.0
2021-08-30 00:00:00-05:00,1787.6348617427386,1796.9311373609958,1782.6552037510373,1796.05976806639,208.42738589211618,0.0
2021-08-31 00:00:00-05:00,1788.0543637178423,1797.3664071701246,1783.1444154688797,1796.5074860082989,209.17842323651453,0.0
2021-09-01 00:00:00-05:00,1788.473865692946,1797.8016769792532,1783.633627186722,1796.9552039502075,209.92946058091286,0.0
2021-09-02 00:00:00-05:00,1788.89336766805,1798.2369467883818,1784.1228389045643,1797.4029218921162,210.68049792531122,0.0
2021-09-03 00:00:00-05:00,1789.3128696431536,1798.6722165975104,1784.6120506224067,1797.8506398340248,211.43153526970954,0.0
2021-09-04 00:00:00-05:00,1789.7323716182573,1799.107486406639,1785.101262340249,1798.2983577759337,212.18257261410787,0.0
2021-09-05 00:00:00-05:00,1790.151873593361,1799.5427562157677,1785.5904740580913,1798.7460757178424,212.93360995850622,0.0
2021-09-06 00:00:00-05:00,1790.5713755684646,1799.9780260248963,1786.0796857759337,1799.193793659751,213.68464730290455,0.0
2021-09-07 00:00:00-05:00,1790.9908775435686,1800.413295834025,1786.568897493776,1799.6415116016597,214.4356846473029,0.0
2021-09-08 00:00:00-05:00,1791.4103795186722,1800.8485656431535,1787.0581092116183,1800.0892295435685,215.18672199170123,0.0
2021-09-09 00:00:00-05:00,1791.829881493776,1801.2838354522821,1787.5473209294605,1800.5369474854772,215.9377593360996,0.0
2021-09-10 00:00:00-05:00,1792.2493834688796,1801.7191052614107,1788.036532647303,1800.9846654273858,216.68879668049792,0.0
2021-09-11 00:00:00-05:00,1792.6688854439835,1802.1543750705393,1788.5257443651453,1801.4323833692947,217.43983402489627,0.0
2021-09-12 00:00:00-05:00,1793.0883874190872,1802.589644879668,1789.0149560829875,1801.8801013112034,218.1908713692946,0.0
2021-09-13 00:00:00-05:00,1793.507889394191,1803.0249146887968,1789.50416780083,1802.327819253112,218.94190871369295,0.0
2021-09-14 00:00:00-05:00,1793.9273913692946,1803.4601844979254,1789.993379518672,1802.7755371950207,219.69294605809128,0.0
2021-09-15 00:00:00-05:00,1794.3468933443983,1803.895454307054,1790.4825912365145,1803.2232551369295,220.44398340248964,0.0
2021-09-16 00:00:00-05:00,1794.7663953195022,1804.3307241161826,1790.971802954357,1803.6709730788382,221.19502074688796,0.0
2021-09-17 00:00:00-05:00,1795.1858972946059,1804.7659939253112,1791.461014672199,1804.1186910207468,221.94605809128632,0.0
2021-09-18 00:00:00-05:00,1795.6053992697096,1805.2012637344399,1791.9502263900415,1804.5664089626557,222.69709543568464,0.0
2021-09-19 00:00:00-05:00,1796.0249012448132,1805.6365335435685,1792.439438107884,1805.0141269045644,223.448132780083,0.0
2021-09-20 00:00:00-05:00,1796.444403219917,1806.071803352697,1792.928649825726,1805.461844846473,224.19917012448133,0.0
2021-09-21 00:00:00-05:00,1796.8639051950208,1806.5070731618257,1793.4178615435685,1805.9095627883817,224.95020746887965,0.0
2021-09-22 00:00:00-05:00,1797.2834071701245,1806.9423429709543,1793.907073261411,1806.3572807302905,225.701244813278,0.0
2021-09-23 00:00:00-05:00,1797.7029091452282,1807.377612780083,1794.396284979253,1806.8049986721992,226.45228215767634,0.0
2021-09-24 00:00:00-05:00,1798.122411120332,1807.8128825892115,1794.8854966970955,1807.2527166141078,227.2033195020747,0.0
2021-09-25 00:00:00-05:00,1798.5419130954356,1808.2481523983404,1795.3747084149377,1807.7004345560167,227.95435684647302,0.0
2021-09-26 00:00:00-05:00,1798.9614150705395,1808.683422207469,1795.86392013278,1808.1481524979254,228.70539419087137,0.0
2021-09-27 00:00:00-05:00,1799.3809170456432,1809.1186920165976,1796.3531318506225,1808.595870439834,229.4564315352697,0.0
2021-09-28 00:00:00-05:00,1799.8004190207469,1809.5539618257262,1796.8423435684647,1809.0435883817427,230.20746887966806,0.0
2021-09-29 00:00:00-05:00,1800.2199209958505,1809.9892316348548,1797.331555286307,1809.4913063236515,230.95850622406638,0.0
2021-09-30 00:00:00-05:00,1800.6394229709545,1810.4245014439834,1797.8207670041495,1809.9390242655602,231.70954356846474,0.0
2021-10-01 00:00:00-05:00,1801.0589249460581,1810.859771253112,1798.3099787219917,1810.3867422074688,232.46058091286307,0.0
2021-10-02 00:00:00-05:00,1801.4784269211618,1811.2950410622407,1798.799190439834,1810.8344601493777,233.21161825726142,0.0
2021-10-03 00:00:00-05:00,1801.8979288962655,1811.7303108713693,1799.2884021576763,1811.2821780912864,233.96265560165975,0.0
2021-10-04 00:00:00-05:00,1802.3174308713692,1812.165580680498,1799.7776138755187,1811.729896033195,234.7136929460581,0.0
2021-10-05 00:00:00-05:00,1802.736932846473,1812.6008504896265,1800.266825593361,1812.1776139751037,235.46473029045643,0.0
2021-10-06 00:00:00-05:00,1803.1564348215768,1813.0361202987551,1800.7560373112033,1812.6253319170125,236.21576763485479,0.0
2021-10-07 00:00:00-05:00,1803.5759367966805,1813.471390107884,1801.2452490290457,1813.0730498589212,236.9668049792531,0.0
2021-10-08 00:00:00-05:00,1803.9954387717842,1813.9066599170126,1801.734460746888,1813.5207678008298,237.71784232365144,0.0
2021-10-09 00:00:00-05:00,1804.414940746888,1814.3419297261412,1802.2236724647303,1813.9684857427387,238.4688796680498,0.0
2021-10-10 00:00:00-05:00,1804.8344427219918,1814.7771995352698,1802.7128841825727,1814.4162036846474,239.21991701244812,0.0
2021-10-11 00:00:00-05:00,1805.2539446970954,1815.2124693443984,1803.2020959004149,1814.863921626556,239.97095435684648,0.0
2021-10-12 00:00:00-05:00,1805.6734466721991,1815.647739153527,1803.6913076182573,1815.3116395684647,240.7219917012448,0.0
2021-10-13 00:00:00-05:00,1806.0929486473028,1816.0830089626556,1804.1805193360997,1815.7593575103735,241.47302904564316,0.0
2021-10-14 00:00:00-05:00,1806.5124506224067,1816.5182787717843,1804.6697310539419,1816.2070754522822,242.2240663900415,0.0
2021-10-15 00:00:00-05:00,1806.9319525975104,1816.9535485809129,1805.1589427717843,1816.6547933941908,242.97510373443984,0.0
2021-10-16 00:00:00-05:00,1807.351454572614,1817.3888183900415,1805.6481544896267,1817.1025113360997,243.72614107883817,0.0
2021-10-17 00:00:00-05:00,1807.7709565477178,1817.82408819917,1806.1373662074689,1817.5502292780084,244.47717842323652,0.0
2021-10-18 00:00:00-05:00,1808.1904585228217,1818.2593580082987,1806.6265779253113,1817.997947219917,245.22821576763485,0.0
2021-10-19 00:00:00-05:00,1808.6099604979254,1818.6946278174273,1807.1157896431534,1818.4456651618257,245.9792531120332,0.0
2021-10-20 00:00:00-05:00,1809.029462473029,1819.1298976265562,1807.6050013609959,1818.8933831037345,246.73029045643153,0.0
2021-10-21 00:00:00-05:00,1809.4489644481328,1819.5651674356848,1808.0942130788383,1819.3411010456432,247.4813278008299,0.0
2021-10-22 00:00:00-05:00,1809.8684664232364,1820.0004372448134,1808.5834247966804,1819.7888189875518,248.23236514522821,0.0
2021-10-23 00:00:00-05:00,1810.2879683983404,1820.435707053942,1809.0726365145229,1820.2365369294607,248.98340248962654,0.0
2021-10-24 00:00:00-05:00,1810.707470373444,1820.8709768630706,1809.5618482323653,1820.6842548713694,249.7344398340249,0.0
2021-10-25 00:00:00-05:00,1811.1269723485477,1821.3062466721992,1810.0510599502074,1821.131972813278,250.48547717842322,0.0
2021-10-26 00:00:00-05:00,1811.5464743236514,1821.7415164813278,1810.5402716680499,1821.5796907551867,251.23651452282158,0.0
2021-10-27 00:00:00-05:00,1811.965976298755,1822.1767862904564,1811.029483385892,1822.0274086970956,251.9875518672199,0.0
2021-10-28 00:00:00-05:00,1812.385478273859,1822.612056099585,1811.5186951037344,1822.4751266390042,252.73858921161826,0.0
2021-10-29 00:00:00-05:00,1812.8049802489627,1823.0473259087137,1812.0079068215769,1822.9228445809129,253.4896265560166,0.0
2021-10-30 00:00:00-05:00,1813.2244822240664,1823.4825957178423,1812.497118539419,1823.3705625228217,254.24066390041494,0.0
2021-10-31 00:00:00-05:00,1813.64398419917,1823.917865526971,1812.9863302572614,1823.8182804647304,254.99170124481327,0.0
2021-11-01 00:00:00-05:00,1814.0634861742737,1824.3531353360995,1813.4755419751039,1824.265998406639,255.74273858921163,0.0
2021-11-02 00:00:00-05:00,1814.4829881493777,1824.7884051452284,1813.964753692946,1824.7137163485477,256.49377593361,0.0
2021-11-03 00:00:00-05:00,1814.9024901244813,1825.223674954357,1814.4539654107884,1825.1614342904566,257.24481327800834,0.0
2021-11-04 00:00:00-05:00,1815.321992099585,1825.6589447634856,1814.9431771286309,1825.6091522323652,257.99585062240664,0.0
2021-11-05 00:00:00-05:00,1815.7414940746887,1826.0942145726142,1815.432388846473,1826.0568701742739,258.746887966805,0.0
2021-11-06 00:00:00-05:00,1816.1609960497926,1826.5294843817428,1815.9216005643154,1826.5045881161825,259.4979253112033,0.0
2021-11-07 00:00:00-05:00,1816.5804980248963,1826.9647541908714,1816.4108122821576,1826.9523060580914,260.24896265560164,0.0
2021-11-08 00:00:00-05:00,1817.0,1827.400024,1816.900024,1827.400024,261.0,0.0
2021-11-09 00:00:00-05:00,1826.099976,1832.699951,1820.699951,1830.199951,170.0,0.0
2021-11-10 00:00:00-05:00,1825.800049,1865.0,1824.900024,1847.599976,795.0,0.0
2021-11-11 00:00:00-05:00,1853.900024,1866.5,1853.900024,1863.199951,292.0,0.0
2021-11-12 00:00:00-05:00,1860.800049,1867.900024,1847.599976,1867.900024,210.0,0.0
2021-11-13 00:00:00-05:00,1862.033366,1867.5666906666668,1853.2333173333334,1867.300008,169.0,0.0
2021-11-14 00:00:00-05:00,1863.266683,1867.2333573333333,1858.8666586666666,1866.699992,128.0,0.0
2021-11-15 00:00:00-05:00,1864.5,1866.900024,1864.5,1866.099976,87.0,0.0
2021-11-16 00:00:00-05:00,1853.599976,1853.599976,1853.599976,1853.599976,1.0,0.0
2021-11-17 00:00:00-05:00,1862.599976,1869.699951,1862.599976,1869.699951,2.0,0.0
2021-11-18 00:00:00-05:00,1861.0,1861.0,1861.0,1861.0,9.0,0.0
2021-11-19 00:00:00-05:00,1851.199951,1851.199951,1851.199951,1851.199951,21.0,0.0
2021-11-20 00:00:00-05:00,1847.9999593333334,1847.9999593333334,1836.0332843333333,1836.1333006666666,18.666666666666668,0.0
2021-11-21 00:00:00-05:00,1844.7999676666666,1844.7999676666666,1820.8666176666668,1821.0666503333334,16.333333333333332,0.0
2021-11-22 00:00:00-05:00,1841.599976,1841.599976,1805.699951,1806.0,14.0,0.0
2021-11-23 00:00:00-05:00,1795.5,1795.5,1783.5,1783.5,264.0,0.0
2021-11-24 00:00:00-05:00,1793.0,1793.0,1781.400024,1784.099976,188.0,0.0
2021-11-25 00:00:00-05:00,1792.049988,1792.200012,1783.3500365,1784.7000125,82850.93333333332,0.0
2021-11-26 00:00:00-05:00,1791.099976,1791.400024,1785.300049,1785.300049,98841.6,0.0
2021-11-27 00:00:00-05:00,1791.2999676666666,1793.900024,1783.233358,1784.300049,104189.2,0.0
2021-11-28 00:00:00-05:00,1791.4999593333334,1796.400024,1781.166667,1783.300049,86471.0,0.0
2021-11-29 00:00:00-05:00,1791.699951,1798.900024,1779.099976,1782.300049,26926.0,0.0
2021-11-30 00:00:00-05:00,1783.900024,1808.099976,1768.699951,1773.599976,4903.0,0.0
2021-12-01 00:00:00-05:00,1774.800049,1790.5,1772.300049,1781.599976,1128.0,0.0
2021-12-02 00:00:00-05:00,1780.900024,1780.900024,1760.599976,1760.699951,1557.0,0.0
2021-12-03 00:00:00-05:00,1767.5,1785.099976,1766.5,1782.0,694.0,0.0
2021-12-04 00:00:00-05:00,1771.733317,1784.399984,1770.0666503333334,1780.5,589.6666666666666,0.0
2021-12-05 00:00:00-05:00,1775.966634,1783.699992,1773.6333006666666,1779.0,485.33333333333337,0.0
2021-12-06 00:00:00-05:00,1780.199951,1783.0,1777.199951,1777.5,381.0,0.0
2021-12-07 00:00:00-05:00,1779.5,1786.099976,1772.300049,1782.599976,308.0,0.0
2021-12-08 00:00:00-05:00,1789.900024,1789.900024,1779.0,1783.400024,1383.0,0.0
2021-12-09 00:00:00-05:00,1783.5,1783.5,1771.800049,1774.599976,455.0,0.0
2021-12-10 00:00:00-05:00,1773.800049,1785.400024,1769.099976,1782.900024,545.0,0.0
2021-12-11 00:00:00-05:00,1777.333374,1785.9666746666667,1774.0000003333332,1784.0333656666667,432.0,0.0
2021-12-12 00:00:00-05:00,1780.866699,1786.5333253333333,1778.9000246666667,1785.1667073333333,319.0,0.0
2021-12-13 00:00:00-05:00,1784.400024,1787.099976,1783.800049,1786.300049,206.0,0.0
2021-12-14 00:00:00-05:00,1787.0,1787.0,1769.0,1770.400024,322.0,0.0
2021-12-15 00:00:00-05:00,1767.400024,1778.699951,1753.900024,1762.599976,283.0,0.0
2021-12-16 00:00:00-05:00,1781.0,1798.099976,1781.0,1796.599976,21.0,0.0
2021-12-17 00:00:00-05:00,1804.0,1812.900024,1803.800049,1803.800049,654.0,0.0
2021-12-18 00:00:00-05:00,1801.6000163333333,1808.5333656666667,1799.8666993333334,1800.4333496666666,511.33333333333337,0.0
2021-12-19 00:00:00-05:00,1799.2000326666666,1804.1667073333333,1795.9333496666666,1797.0666503333334,368.6666666666667,0.0
2021-12-20 00:00:00-05:00,1796.800049,1799.800049,1792.0,1793.699951,226.0,0.0
2021-12-21 00:00:00-05:00,1791.400024,1796.5,1787.900024,1787.900024,575.0,0.0
2021-12-22 00:00:00-05:00,1786.0,1805.199951,1785.5,1801.599976,567.0,0.0
2021-12-23 00:00:00-05:00,1806.0,1811.199951,1800.800049,1811.199951,193.0,0.0
2021-12-24 00:00:00-05:00,1807.0,1811.42495725,1802.35003675,1810.42495725,182.25,0.0
2021-12-25 00:00:00-05:00,1808.0,1811.6499635,1803.9000245,1809.6499635,171.5,0.0
2021-12-26 00:00:00-05:00,1809.0,1811.87496975,1805.4500122499999,1808.87496975,160.75,0.0
2021-12-27 00:00:00-05:00,1810.0,1812.099976,1807.0,1808.099976,150.0,0.0
2021-12-28 00:00:00-05:00,1812.0,1818.0,1805.5,1810.199951,146.0,0.0
2021-12-29 00:00:00-05:00,1803.199951,1805.099976,1791.400024,1805.099976,623.0,0.0
2021-12-30 00:00:00-05:00,1801.699951,1816.0,1796.0,1812.699951,306.0,0.0
2021-12-31 00:00:00-05:00,1825.099976,1827.800049,1821.400024,1827.5,80.0,0.0
2022-01-01 00:00:00-05:00,1826.7666426666667,1828.5666913333332,1813.866699,1818.1333413333334,92.0,0.0
2022-01-02 00:00:00-05:00,1828.4333093333332,1829.3333336666667,1806.333374,1808.7666826666666,104.0,0.0
2022-01-03 00:00:00-05:00,1830.099976,1830.099976,1798.800049,1799.400024,116.0,0.0
2022-01-04 00:00:00-05:00,1800.5,1815.300049,1800.0,1814.0,38.0,0.0
2022-01-05 00:00:00-05:00,1813.099976,1824.599976,1813.099976,1824.599976,8.0,0.0
2022-01-06 00:00:00-05:00,1787.099976,1791.300049,1787.099976,1788.699951,30.0,0.0
2022-01-07 00:00:00-05:00,1791.800049,1797.0,1784.400024,1797.0,17.0,0.0
2022-01-08 00:00:00-05:00,1792.833374,1797.5666503333334,1786.400024,1797.4666746666667,189.33333333333334,0.0
2022-01-09 00:00:00-05:00,1793.866699,1798.1333006666666,1788.400024,1797.9333493333334,361.6666666666667,0.0
2022-01-10 00:00:00-05:00,1794.900024,1798.699951,1790.400024,1798.400024,534.0,0.0
2022-01-11 00:00:00-05:00,1803.900024,1822.5,1803.0,1818.599976,743.0,0.0
2022-01-12 00:00:00-05:00,1819.0,1827.199951,1816.900024,1827.199951,1547.0,0.0
2022-01-13 00:00:00-05:00,1819.800049,1823.0,1815.400024,1821.199951,40.0,0.0
2022-01-14 00:00:00-05:00,1821.5,1822.0,1816.5,1816.5,816.0,0.0
2022-01-15 00:00:00-05:00,1820.3250122499999,1821.5249939999999,1815.4500122499999,1815.4500122499999,837.0,0.0
2022-01-16 00:00:00-05:00,1819.1500245,1821.049988,1814.4000245,1814.4000245,858.0,0.0
2022-01-17 00:00:00-05:00,1817.97503675,1820.574982,1813.35003675,1813.35003675,879.0,0.0
2022-01-18 00:00:00-05:00,1816.800049,1820.099976,1812.300049,1812.300049,900.0,0.0
2022-01-19 00:00:00-05:00,1817.400024,1843.099976,1817.400024,1843.099976,4.0,0.0
2022-01-20 00:00:00-05:00,1840.599976,1843.0,1838.199951,1842.5,20.0,0.0
2022-01-21 00:00:00-05:00,1838.0,1842.400024,1828.900024,1831.800049,19.0,0.0
2022-01-22 00:00:00-05:00,1837.9666746666667,1842.300008,1831.900024,1835.1000163333333,15.333333333333334,0.0
2022-01-23 00:00:00-05:00,1837.9333493333334,1842.199992,1834.900024,1838.3999836666667,11.666666666666668,0.0
2022-01-24 00:00:00-05:00,1837.900024,1842.099976,1837.900024,1841.699951,8.0,0.0
2022-01-25 00:00:00-05:00,1843.0,1852.699951,1842.0,1852.699951,11.0,0.0
2022-01-26 00:00:00-05:00,1829.900024,1829.900024,1829.900024,1829.900024,55.0,0.0
2022-01-27 00:00:00-05:00,1793.300049,1793.300049,1793.300049,1793.300049,48843.066666666666,0.0
2022-01-28 00:00:00-05:00,1797.5,1798.400024,1778.800049,1784.900024,28521.0,0.0
2022-01-29 00:00:00-05:00,1794.5,1798.4333493333334,1780.9000246666667,1788.2666826666666,19592.333333333336,0.0
2022-01-30 00:00:00-05:00,1791.5,1798.4666746666667,1783.0000003333332,1791.6333413333334,10663.666666666668,0.0
2022-01-31 00:00:00-05:00,1788.5,1798.5,1785.099976,1795.0,1735.0,0.0
2022-02-01 00:00:00-05:00,1797.199951,1806.099976,1797.099976,1800.300049,223.0,0.0
2022-02-02 00:00:00-05:00,1797.800049,1810.099976,1795.099976,1809.199951,1690.0,0.0
2022-02-03 00:00:00-05:00,1805.800049,1808.099976,1787.900024,1803.0,466.0,0.0
2022-02-04 00:00:00-05:00,1806.0,1813.699951,1792.5,1806.599976,571.0,0.0
2022-02-05 00:00:00-05:00,1808.0666503333334,1816.233317,1798.0333253333333,1811.2666426666667,581.0,0.0
2022-02-06 00:00:00-05:00,1810.1333006666666,1818.766683,1803.5666506666666,1815.9333093333332,591.0,0.0
2022-02-07 00:00:00-05:00,1812.199951,1821.300049,1809.099976,1820.599976,601.0,0.0
2022-02-08 00:00:00-05:00,1818.900024,1827.599976,1815.0,1826.599976,108.0,0.0
2022-02-09 00:00:00-05:00,1825.400024,1835.199951,1825.300049,1835.199951,683.0,0.0
2022-02-10 00:00:00-05:00,1833.300049,1842.099976,1820.800049,1836.199951,365.0,0.0
2022-02-11 00:00:00-05:00,1822.0,1864.800049,1822.0,1840.800049,181.0,0.0
2022-02-12 00:00:00-05:00,1835.266683,1866.733358,1832.8666586666666,1849.8666993333334,147.0,0.0
2022-02-13 00:00:00-05:00,1848.533366,1868.666667,1843.7333173333334,1858.9333496666666,113.0,0.0
2022-02-14 00:00:00-05:00,1861.800049,1870.599976,1854.599976,1868.0,79.0,0.0
2022-02-15 00:00:00-05:00,1872.599976,1879.699951,1847.400024,1854.800049,86.0,0.0
2022-02-16 00:00:00-05:00,1858.699951,1870.199951,1856.300049,1870.199951,34.0,0.0
2022-02-17 00:00:00-05:00,1876.300049,1900.699951,1876.199951,1900.699951,393.0,0.0
2022-02-18 00:00:00-05:00,1899.400024,1899.400024,1890.699951,1898.599976,51.0,0.0
2022-02-19 00:00:00-05:00,1901.575012,1902.550018,1890.7249755,1900.474976,81.5,0.0
2022-02-20 00:00:00-05:00,1903.75,1905.700012,1890.75,1902.349976,112.0,0.0
2022-02-21 00:00:00-05:00,1905.924988,1908.8500060000001,1890.7750245,1904.224976,142.5,0.0
2022-02-22 00:00:00-05:00,1908.099976,1912.0,1890.800049,1906.099976,173.0,0.0
2022-02-23 00:00:00-05:00,1896.599976,1910.599976,1895.699951,1909.199951,73.0,0.0
2022-02-24 00:00:00-05:00,1911.900024,1972.5,1911.699951,1925.099976,2706.0,0.0
2022-02-25 00:00:00-05:00,1906.900024,1920.0,1883.599976,1886.5,586.0,0.0
2022-02-26 00:00:00-05:00,1914.0333656666667,1922.800008,1887.133301,1890.800008,520.6666666666666,0.0
2022-02-27 00:00:00-05:00,1921.1667073333333,1925.600016,1890.666626,1895.100016,455.33333333333337,0.0
2022-02-28 00:00:00-05:00,1928.300049,1928.400024,1894.199951,1899.400024,390.0,0.0
2022-03-01 00:00:00-05:00,1908.300049,1942.400024,1903.800049,1942.400024,547.0,0.0
2022-03-02 00:00:00-05:00,1945.599976,1948.199951,1919.800049,1920.900024,109.0,0.0
2022-03-03 00:00:00-05:00,1930.5,1940.300049,1924.800049,1934.400024,122.0,0.0
2022-03-04 00:00:00-05:00,1937.0,1970.900024,1935.599976,1965.099976,47.0,0.0
2022-03-05 00:00:00-05:00,1954.3333333333333,1980.9666746666667,1944.7333173333334,1974.699992,870.0,0.0
2022-03-06 00:00:00-05:00,1971.6666666666667,1991.0333253333333,1953.8666586666666,1984.300008,1693.0,0.0
2022-03-07 00:00:00-05:00,1989.0,2001.099976,1963.0,1993.900024,2516.0,0.0
2022-03-08 00:00:00-05:00,1999.400024,2072.0,1998.0,2040.099976,1813.0,0.0
2022-03-09 00:00:00-05:00,2053.600098,2063.0,1980.800049,1985.900024,1022.0,0.0
2022-03-10 00:00:00-05:00,1978.099976,2010.5,1978.099976,1998.099976,670.0,0.0
2022-03-11 00:00:00-05:00,1985.0,1996.0,1959.900024,1982.699951,865.0,0.0
2022-03-12 00:00:00-05:00,1983.7215768630706,1994.6800830871368,1958.7091526307054,1981.4294117842323,861.5850622406639,0.0
2022-03-13 00:00:00-05:00,1982.4431537261412,1993.360166174274,1957.5182812614107,1980.1588725684649,858.1701244813278,0.0
2022-03-14 00:00:00-05:00,1981.1647305892116,1992.0402492614107,1956.3274098921163,1978.8883333526971,854.7551867219917,0.0
2022-03-15 00:00:00-05:00,1979.8863074522822,1990.7203323485478,1955.1365385228216,1977.6177941369294,851.3402489626556,0.0
2022-03-16 00:00:00-05:00,1978.6078843153527,1989.4004154356846,1953.945667153527,1976.347254921162,847.9253112033196,0.0
2022-03-17 00:00:00-05:00,1977.3294611784233,1988.0804985228215,1952.7547957842323,1975.0767157053942,844.5103734439834,0.0
2022-03-18 00:00:00-05:00,1976.0510380414937,1986.7605816099585,1951.563924414938,1973.8061764896265,841.0954356846473,0.0
2022-03-19 00:00:00-05:00,1974.7726149045643,1985.4406646970954,1950.3730530456432,1972.535637273859,837.6804979253112,0.0
2022-03-20 00:00:00-05:00,1973.494191767635,1984.1207477842324,1949.1821816763486,1971.2650980580913,834.2655601659751,0.0
2022-03-21 00:00:00-05:00,1972.2157686307055,1982.8008308713693,1947.991310307054,1969.9945588423236,830.850622406639,0.0
2022-03-22 00:00:00-05:00,1970.9373454937759,1981.4809139585063,1946.8004389377593,1968.7240196265561,827.4356846473029,0.0
2022-03-23 00:00:00-05:00,1969.6589223568465,1980.1609970456432,1945.6095675684649,1967.4534804107884,824.0207468879668,0.0
2022-03-24 00:00:00-05:00,1968.380499219917,1978.84108013278,1944.4186961991702,1966.1829411950207,820.6058091286307,0.0
2022-03-25 00:00:00-05:00,1967.1020760829877,1977.521163219917,1943.2278248298755,1964.9124019792532,817.1908713692947,0.0
2022-03-26 00:00:00-05:00,1965.823652946058,1976.201246307054,1942.036953460581,1963.6418627634855,813.7759336099585,0.0
2022-03-27 00:00:00-05:00,1964.5452298091286,1974.881329394191,1940.8460820912862,1962.3713235477178,810.3609958506224,0.0
2022-03-28 00:00:00-05:00,1963.2668066721992,1973.5614124813278,1939.6552107219918,1961.1007843319503,806.9460580912863,0.0
2022-03-29 00:00:00-05:00,1961.9883835352698,1972.2414955684646,1938.4643393526972,1959.8302451161826,803.5311203319502,0.0
2022-03-30 00:00:00-05:00,1960.7099603983402,1970.9215786556017,1937.2734679834025,1958.5597059004149,800.1161825726141,0.0
2022-03-31 00:00:00-05:00,1959.4315372614108,1969.6016617427385,1936.0825966141078,1957.2891666846474,796.701244813278,0.0
2022-04-01 00:00:00-05:00,1958.1531141244814,1968.2817448298756,1934.8917252448134,1956.0186274688797,793.2863070539419,0.0
2022-04-02 00:00:00-05:00,1956.874690987552,1966.9618279170124,1933.7008538755188,1954.748088253112,789.8713692946058,0.0
2022-04-03 00:00:00-05:00,1955.5962678506223,1965.6419110041493,1932.509982506224,1953.4775490373445,786.4564315352698,0.0
2022-04-04 00:00:00-05:00,1954.317844713693,1964.3219940912863,1931.3191111369295,1952.2070098215768,783.0414937759336,0.0
2022-04-05 00:00:00-05:00,1953.0394215767635,1963.0020771784232,1930.1282397676348,1950.936470605809,779.6265560165975,0.0
2022-04-06 00:00:00-05:00,1951.760998439834,1961.6821602655602,1928.9373683983404,1949.6659313900416,776.2116182572614,0.0
2022-04-07 00:00:00-05:00,1950.4825753029045,1960.362243352697,1927.7464970290457,1948.3953921742739,772.7966804979253,0.0
2022-04-08 00:00:00-05:00,1949.204152165975,1959.0423264398341,1926.555625659751,1947.1248529585064,769.3817427385892,0.0
2022-04-09 00:00:00-05:00,1947.9257290290457,1957.722409526971,1925.3647542904564,1945.8543137427387,765.9668049792531,0.0
2022-04-10 00:00:00-05:00,1946.6473058921163,1956.4024926141078,1924.1738829211617,1944.583774526971,762.551867219917,0.0
2022-04-11 00:00:00-05:00,1945.3688827551866,1955.0825757012449,1922.9830115518673,1943.3132353112035,759.1369294605809,0.0
2022-04-12 00:00:00-05:00,1944.0904596182572,1953.7626587883817,1921.7921401825727,1942.0426960954358,755.7219917012449,0.0
2022-04-13 00:00:00-05:00,1942.8120364813278,1952.4427418755188,1920.601268813278,1940.772156879668,752.3070539419087,0.0
2022-04-14 00:00:00-05:00,1941.5336133443984,1951.1228249626556,1919.4103974439834,1939.5016176639006,748.8921161825726,0.0
2022-04-15 00:00:00-05:00,1940.2551902074688,1949.8029080497924,1918.219526074689,1938.2310784481328,745.4771784232365,0.0
2022-04-16 00:00:00-05:00,1938.9767670705394,1948.4829911369295,1917.0286547053943,1936.9605392323651,742.0622406639004,0.0
2022-04-17 00:00:00-05:00,1937.69834393361,1947.1630742240663,1915.8377833360996,1935.6900000165977,738.6473029045643,0.0
2022-04-18 00:00:00-05:00,1936.4199207966806,1945.8431573112034,1914.646911966805,1934.41946080083,735.2323651452282,0.0
2022-04-19 00:00:00-05:00,1935.141497659751,1944.5232403983402,1913.4560405975103,1933.1489215850622,731.8174273858922,0.0
2022-04-20 00:00:00-05:00,1933.8630745228215,1943.203323485477,1912.2651692282159,1931.8783823692947,728.402489626556,0.0
2022-04-21 00:00:00-05:00,1932.5846513858921,1941.8834065726141,1911.0742978589212,1930.607843153527,724.98755186722,0.0
2022-04-22 00:00:00-05:00,1931.3062282489627,1940.563489659751,1909.8834264896266,1929.3373039377593,721.5726141078839,0.0
2022-04-23 00:00:00-05:00,1930.027805112033,1939.243572746888,1908.692555120332,1928.0667647219918,718.1576763485477,0.0
2022-04-24 00:00:00-05:00,1928.7493819751037,1937.9236558340249,1907.5016837510375,1926.7962255062241,714.7427385892116,0.0
2022-04-25 00:00:00-05:00,1927.4709588381743,1936.603738921162,1906.3108123817428,1925.5256862904564,711.3278008298755,0.0
2022-04-26 00:00:00-05:00,1926.1925357012449,1935.2838220082988,1905.1199410124482,1924.255147074689,707.9128630705394,0.0
2022-04-27 00:00:00-05:00,1924.9141125643152,1933.9639050954356,1903.9290696431535,1922.9846078589212,704.4979253112033,0.0
2022-04-28 00:00:00-05:00,1923.6356894273858,1932.6439881825727,1902.7381982738589,1921.7140686431535,701.0829875518673,0.0
2022-04-29 00:00:00-05:00,1922.3572662904564,1931.3240712697095,1901.5473269045644,1920.443529427386,697.6680497925311,0.0
2022-04-30 00:00:00-05:00,1921.078843153527,1930.0041543568466,1900.3564555352698,1919.1729902116183,694.2531120331951,0.0
2022-05-01 00:00:00-05:00,1919.8004200165974,1928.6842374439834,1899.1655841659751,1917.9024509958506,690.838174273859,0.0
2022-05-02 00:00:00-05:00,1918.521996879668,1927.3643205311203,1897.9747127966805,1916.631911780083,687.4232365145228,0.0
2022-05-03 00:00:00-05:00,1917.2435737427386,1926.0444036182573,1896.7838414273858,1915.3613725643154,684.0082987551867,0.0
2022-05-04 00:00:00-05:00,1915.9651506058092,1924.7244867053942,1895.5929700580914,1914.0908333485477,680.5933609958506,0.0
2022-05-05 00:00:00-05:00,1914.6867274688798,1923.4045697925312,1894.4020986887967,1912.8202941327802,677.1784232365145,0.0
2022-05-06 00:00:00-05:00,1913.4083043319501,1922.084652879668,1893.211227319502,1911.5497549170125,673.7634854771784,0.0
2022-05-07 00:00:00-05:00,1912.1298811950207,1920.764735966805,1892.0203559502074,1910.2792157012448,670.3485477178424,0.0
2022-05-08 00:00:00-05:00,1910.8514580580913,1919.444819053942,1890.8294845809128,1909.0086764854773,666.9336099585062,0.0
2022-05-09 00:00:00-05:00,1909.573034921162,1918.1249021410788,1889.6386132116183,1907.7381372697096,663.5186721991702,0.0
2022-05-10 00:00:00-05:00,1908.2946117842323,1916.8049852282159,1888.4477418423237,1906.4675980539419,660.103734439834,0.0
2022-05-11 00:00:00-05:00,1907.016188647303,1915.4850683153527,1887.256870473029,1905.1970588381744,656.688796680498,0.0
2022-05-12 00:00:00-05:00,1905.7377655103735,1914.1651514024898,1886.0659991037344,1903.9265196224067,653.2738589211618,0.0
2022-05-13 00:00:00-05:00,1904.459342373444,1912.8452344896266,1884.87512773444,1902.655980406639,649.8589211618257,0.0
2022-05-14 00:00:00-05:00,1903.1809192365145,1911.5253175767634,1883.6842563651453,1901.3854411908715,646.4439834024896,0.0
2022-05-15 00:00:00-05:00,1901.902496099585,1910.2054006639005,1882.4933849958506,1900.1149019751037,643.0290456431535,0.0
2022-05-16 00:00:00-05:00,1900.6240729626556,1908.8854837510373,1881.302513626556,1898.844362759336,639.6141078838175,0.0
2022-05-17 00:00:00-05:00,1899.3456498257262,1907.5655668381744,1880.1116422572613,1897.5738235435686,636.1991701244813,0.0
2022-05-18 00:00:00-05:00,1898.0672266887966,1906.2456499253112,1878.920770887967,1896.3032843278008,632.7842323651453,0.0
2022-05-19 00:00:00-05:00,1896.7888035518672,1904.925733012448,1877.7298995186723,1895.0327451120331,629.3692946058092,0.0
2022-05-20 00:00:00-05:00,1895.5103804149378,1903.6058160995851,1876.5390281493776,1893.7622058962656,625.954356846473,0.0
2022-05-21 00:00:00-05:00,1894.2319572780084,1902.285899186722,1875.348156780083,1892.491666680498,622.5394190871369,0.0
2022-05-22 00:00:00-05:00,1892.9535341410788,1900.965982273859,1874.1572854107885,1891.2211274647302,619.1244813278008,0.0
2022-05-23 00:00:00-05:00,1891.6751110041494,1899.6460653609959,1872.9664140414939,1889.9505882489627,615.7095435684647,0.0
2022-05-24 00:00:00-05:00,1890.39668786722,1898.3261484481327,1871.7755426721992,1888.680049033195,612.2946058091286,0.0
2022-05-25 00:00:00-05:00,1889.1182647302905,1897.0062315352698,1870.5846713029046,1887.4095098174275,608.8796680497926,0.0
2022-05-26 00:00:00-05:00,1887.839841593361,1895.6863146224066,1869.39379993361,1886.1389706016598,605.4647302904564,0.0
2022-05-27 00:00:00-05:00,1886.5614184564315,1894.3663977095437,1868.2029285643155,1884.868431385892,602.0497925311204,0.0
2022-05-28 00:00:00-05:00,1885.282995319502,1893.0464807966805,1867.0120571950208,1883.5978921701244,598.6348547717843,0.0
2022-05-29 00:00:00-05:00,1884.0045721825727,1891.7265638838176,1865.8211858257262,1882.327352954357,595.2199170124481,0.0
2022-05-30 00:00:00-05:00,1882.726149045643,1890.4066469709544,1864.6303144564315,1881.0568137385892,591.804979253112,0.0
2022-05-31 00:00:00-05:00,1881.4477259087137,1889.0867300580912,1863.439443087137,1879.7862745228217,588.3900414937759,0.0
2022-06-01 00:00:00-05:00,1880.1693027717843,1887.7668131452283,1862.2485717178424,1878.515735307054,584.9751037344399,0.0
2022-06-02 00:00:00-05:00,1878.8908796348549,1886.4468962323651,1861.0577003485478,1877.2451960912863,581.5601659751037,0.0
2022-06-03 00:00:00-05:00,1877.6124564979252,1885.1269793195022,1859.8668289792531,1875.9746568755188,578.1452282157677,0.0
2022-06-04 00:00:00-05:00,1876.3340333609958,1883.807062406639,1858.6759576099585,1874.704117659751,574.7302904564315,0.0
2022-06-05 00:00:00-05:00,1875.0556102240664,1882.4871454937759,1857.485086240664,1873.4335784439834,571.3153526970955,0.0
2022-06-06 00:00:00-05:00,1873.777187087137,1881.167228580913,1856.2942148713694,1872.163039228216,567.9004149377594,0.0
2022-06-07 00:00:00-05:00,1872.4987639502074,1879.8473116680498,1855.1033435020747,1870.8925000124482,564.4854771784233,0.0
2022-06-08 00:00:00-05:00,1871.220340813278,1878.5273947551868,1853.91247213278,1869.6219607966805,561.0705394190871,0.0
2022-06-09 00:00:00-05:00,1869.9419176763486,1877.2074778423237,1852.7216007634854,1868.351421580913,557.655601659751,0.0
2022-06-10 00:00:00-05:00,1868.6634945394192,1875.8875609294605,1851.530729394191,1867.0808823651453,554.240663900415,0.0
2022-06-11 00:00:00-05:00,1867.3850714024895,1874.5676440165976,1850.3398580248963,1865.8103431493776,550.8257261410788,0.0
2022-06-12 00:00:00-05:00,1866.1066482655601,1873.2477271037344,1849.1489866556017,1864.53980393361,547.4107883817428,0.0
2022-06-13 00:00:00-05:00,1864.8282251286307,1871.9278101908715,1847.958115286307,1863.2692647178424,543.9958506224066,0.0
2022-06-14 00:00:00-05:00,1863.5498019917013,1870.6078932780083,1846.7672439170124,1861.9987255020746,540.5809128630706,0.0
2022-06-15 00:00:00-05:00,1862.2713788547717,1869.2879763651454,1845.576372547718,1860.7281862863072,537.1659751037345,0.0
2022-06-16 00:00:00-05:00,1860.9929557178423,1867.9680594522822,1844.3855011784233,1859.4576470705395,533.7510373443984,0.0
2022-06-17 00:00:00-05:00,1859.7145325809129,1866.648142539419,1843.1946298091286,1858.1871078547717,530.3360995850622,0.0
2022-06-18 00:00:00-05:00,1858.4361094439835,1865.328225626556,1842.003758439834,1856.9165686390043,526.9211618257261,0.0
2022-06-19 00:00:00-05:00,1857.157686307054,1864.008308713693,1840.8128870705395,1855.6460294232365,523.5062240663901,0.0
2022-06-20 00:00:00-05:00,1855.8792631701244,1862.6883918008298,1839.622015701245,1854.3754902074688,520.0912863070539,0.0
2022-06-21 00:00:00-05:00,1854.600840033195,1861.3684748879668,1838.4311443319502,1853.1049509917013,516.6763485477179,0.0
2022-06-22 00:00:00-05:00,1853.3224168962656,1860.0485579751037,1837.2402729626556,1851.8344117759336,513.2614107883817,0.0
2022-06-23 00:00:00-05:00,1852.043993759336,1858.7286410622407,1836.049401593361,1850.563872560166,509.8464730290457,0.0
2022-06-24 00:00:00-05:00,1850.7655706224066,1857.4087241493776,1834.8585302240665,1849.2933333443984,506.43153526970957,0.0
2022-06-25 00:00:00-05:00,1849.4871474854772,1856.0888072365146,1833.6676588547718,1848.0227941286307,503.01659751037346,0.0
2022-06-26 00:00:00-05:00,1848.2087243485478,1854.7688903236515,1832.4767874854772,1846.752254912863,499.60165975103735,0.0
2022-06-27 00:00:00-05:00,1846.9303012116184,1853.4489734107883,1831.2859161161825,1845.4817156970955,496.18672199170123,0.0
2022-06-28 00:00:00-05:00,1845.6518780746887,1852.1290564979254,1830.095044746888,1844.2111764813278,492.7717842323652,0.0
2022-06-29 00:00:00-05:00,1844.3734549377593,1850.8091395850622,1828.9041733775935,1842.94063726556,489.35684647302907,0.0
2022-06-30 00:00:00-05:00,1843.09503180083,1849.4892226721993,1827.7133020082988,1841.6700980497926,485.94190871369295,0.0
2022-07-01 00:00:00-05:00,1841.8166086639003,1848.169305759336,1826.5224306390041,1840.399558834025,482.52697095435684,0.0
2022-07-02 00:00:00-05:00,1840.538185526971,1846.8493888464732,1825.3315592697095,1839.1290196182572,479.1120331950208,0.0
2022-07-03 00:00:00-05:00,1839.2597623900415,1845.52947193361,1824.140687900415,1837.8584804024897,475.6970954356847,0.0
2022-07-04 00:00:00-05:00,1837.981339253112,1844.2095550207468,1822.9498165311204,1836.587941186722,472.28215767634856,0.0
2022-07-05 00:00:00-05:00,1836.7029161161827,1842.889638107884,1821.7589451618257,1835.3174019709543,468.86721991701245,0.0
2022-07-06 00:00:00-05:00,1835.424492979253,1841.5697211950207,1820.568073792531,1834.0468627551868,465.4522821576764,0.0
2022-07-07 00:00:00-05:00,1834.1460698423236,1840.2498042821576,1819.3772024232367,1832.776323539419,462.0373443983403,0.0
2022-07-08 00:00:00-05:00,1832.8676467053942,1838.9298873692946,1818.186331053942,1831.5057843236514,458.62240663900417,0.0
2022-07-09 00:00:00-05:00,1831.5892235684648,1837.6099704564315,1816.9954596846474,1830.2352451078839,455.20746887966806,0.0
2022-07-10 00:00:00-05:00,1830.3108004315352,1836.2900535435685,1815.8045883153527,1828.9647058921162,451.79253112033194,0.0
2022-07-11 00:00:00-05:00,1829.0323772946058,1834.9701366307054,1814.613716946058,1827.6941666763487,448.3775933609959,0.0
2022-07-12 00:00:00-05:00,1827.7539541576764,1833.6502197178424,1813.4228455767634,1826.423627460581,444.9626556016598,0.0
2022-07-13 00:00:00-05:00,1826.475531020747,1832.3303028049793,1812.231974207469,1825.1530882448133,441.54771784232366,0.0
2022-07-14 00:00:00-05:00,1825.1971078838174,1831.0103858921161,1811.0411028381743,1823.8825490290455,438.13278008298755,0.0
2022-07-15 00:00:00-05:00,1823.918684746888,1829.6904689792532,1809.8502314688797,1822.612009813278,434.7178423236515,0.0
2022-07-16 00:00:00-05:00,1822.6402616099585,1828.37055206639,1808.659360099585,1821.3414705975104,431.3029045643154,0.0
2022-07-17 00:00:00-05:00,1821.3618384730291,1827.050635153527,1807.4684887302906,1820.0709313817429,427.88796680497927,0.0
2022-07-18 00:00:00-05:00,1820.0834153360995,1825.730718240664,1806.277617360996,1818.8003921659752,424.47302904564316,0.0
2022-07-19 00:00:00-05:00,1818.80499219917,1824.410801327801,1805.0867459917013,1817.5298529502074,421.05809128630705,0.0
2022-07-20 00:00:00-05:00,1817.5265690622407,1823.0908844149378,1803.8958746224066,1816.2593137344397,417.643153526971,0.0
2022-07-21 00:00:00-05:00,1816.2481459253113,1821.7709675020747,1802.705003253112,1814.9887745186722,414.2282157676349,0.0
2022-07-22 00:00:00-05:00,1814.9697227883817,1820.4510505892117,1801.5141318838175,1813.7182353029045,410.81327800829877,0.0
2022-07-23 00:00:00-05:00,1813.6912996514523,1819.1311336763486,1800.3232605145229,1812.447696087137,407.39834024896265,0.0
2022-07-24 00:00:00-05:00,1812.4128765145228,1817.8112167634854,1799.1323891452282,1811.1771568713693,403.9834024896266,0.0
2022-07-25 00:00:00-05:00,1811.1344533775934,1816.4912998506225,1797.9415177759336,1809.9066176556016,400.5684647302905,0.0
2022-07-26 00:00:00-05:00,1809.8560302406638,1815.1713829377593,1796.7506464066391,1808.636078439834,397.1535269709544,0.0
2022-07-27 00:00:00-05:00,1808.5776071037344,1813.8514660248964,1795.5597750373445,1807.3655392240664,393.73858921161826,0.0
2022-07-28 00:00:00-05:00,1807.299183966805,1812.5315491120332,1794.3689036680498,1806.0950000082987,390.32365145228215,0.0
2022-07-29 00:00:00-05:00,1806.0207608298756,1811.2116321991703,1793.1780322987552,1804.8244607925312,386.9087136929461,0.0
2022-07-30 00:00:00-05:00,1804.742337692946,1809.891715286307,1791.9871609294605,1803.5539215767635,383.49377593361,0.0
2022-07-31 00:00:00-05:00,1803.4639145560166,1808.571798373444,1790.796289560166,1802.2833823609958,380.07883817427387,0.0
2022-08-01 00:00:00-05:00,1802.1854914190872,1807.251881460581,1789.6054181908714,1801.0128431452283,376.66390041493776,0.0
2022-08-02 00:00:00-05:00,1800.9070682821578,1805.9319645477178,1788.4145468215768,1799.7423039294606,373.2489626556017,0.0
2022-08-03 00:00:00-05:00,1799.6286451452283,1804.612047634855,1787.2236754522821,1798.471764713693,369.8340248962656,0.0
2022-08-04 00:00:00-05:00,1798.3502220082987,1803.2921307219917,1786.0328040829877,1797.2012254979254,366.4190871369295,0.0
2022-08-05 00:00:00-05:00,1797.0717988713693,1801.9722138091286,1784.841932713693,1795.9306862821577,363.00414937759336,0.0
2022-08-06 00:00:00-05:00,1795.79337573444,1800.6522968962656,1783.6510613443984,1794.66014706639,359.5892116182573,0.0
2022-08-07 00:00:00-05:00,1794.5149525975103,1799.3323799834025,1782.4601899751037,1793.3896078506225,356.1742738589212,0.0
2022-08-08 00:00:00-05:00,1793.2365294605809,1798.0124630705395,1781.269318605809,1792.1190686348548,352.7593360995851,0.0
2022-08-09 00:00:00-05:00,1791.9581063236515,1796.6925461576764,1780.0784472365146,1790.848529419087,349.344398340249,0.0
2022-08-10 00:00:00-05:00,1790.679683186722,1795.3726292448132,1778.88757586722,1789.5779902033196,345.92946058091286,0.0
2022-08-11 00:00:00-05:00,1789.4012600497927,1794.0527123319503,1777.6967044979253,1788.3074509875519,342.51452282157675,0.0
2022-08-12 00:00:00-05:00,1788.122836912863,1792.732795419087,1776.5058331286307,1787.0369117717842,339.09958506224064,0.0
2022-08-13 00:00:00-05:00,1786.8444137759336,1791.4128785062242,1775.3149617593363,1785.7663725560167,335.68464730290464,0.0
2022-08-14 00:00:00-05:00,1785.5659906390042,1790.092961593361,1774.1240903900416,1784.495833340249,332.2697095435685,0.0
2022-08-15 00:00:00-05:00,1784.2875675020746,1788.773044680498,1772.933219020747,1783.2252941244813,328.8547717842324,0.0
2022-08-16 00:00:00-05:00,1783.0091443651452,1787.453127767635,1771.7423476514523,1781.9547549087138,325.4398340248963,0.0
2022-08-17 00:00:00-05:00,1781.7307212282158,1786.1332108547717,1770.5514762821576,1780.684215692946,322.0248962655602,0.0
2022-08-18 00:00:00-05:00,1780.4522980912864,1784.8132939419088,1769.360604912863,1779.4136764771783,318.6099585062241,0.0
2022-08-19 00:00:00-05:00,1779.173874954357,1783.4933770290456,1768.1697335435686,1778.1431372614109,315.19502074688796,0.0
2022-08-20 00:00:00-05:00,1777.8954518174273,1782.1734601161827,1766.978862174274,1776.8725980456431,311.78008298755185,0.0
2022-08-21 00:00:00-05:00,1776.617028680498,1780.8535432033195,1765.7879908049792,1775.6020588298754,308.36514522821574,0.0
2022-08-22 00:00:00-05:00,1775.3386055435685,1779.5336262904564,1764.5971194356846,1774.331519614108,304.95020746887974,0.0
2022-08-23 00:00:00-05:00,1774.060182406639,1778.2137093775934,1763.4062480663902,1773.0609803983402,301.5352697095436,0.0
2022-08-24 00:00:00-05:00,1772.7817592697095,1776.8937924647303,1762.2153766970955,1771.7904411825725,298.1203319502075,0.0
2022-08-25 00:00:00-05:00,1771.50333613278,1775.5738755518673,1761.0245053278009,1770.519901966805,294.7053941908714,0.0
2022-08-26 00:00:00-05:00,1770.2249129958507,1774.2539586390042,1759.8336339585062,1769.2493627510373,291.2904564315353,0.0
2022-08-27 00:00:00-05:00,1768.9464898589213,1772.934041726141,1758.6427625892115,1767.9788235352696,287.8755186721992,0.0
2022-08-28 00:00:00-05:00,1767.6680667219916,1771.614124813278,1757.4518912199171,1766.7082843195021,284.46058091286307,0.0
2022-08-29 00:00:00-05:00,1766.3896435850622,1770.294207900415,1756.2610198506225,1765.4377451037344,281.04564315352695,0.0
2022-08-30 00:00:00-05:00,1765.1112204481328,1768.974290987552,1755.0701484813278,1764.1672058879667,277.63070539419084,0.0
2022-08-31 00:00:00-05:00,1763.8327973112034,1767.6543740746888,1753.8792771120332,1762.8966666721992,274.21576763485484,0.0
2022-09-01 00:00:00-05:00,1762.5543741742738,1766.3344571618259,1752.6884057427387,1761.6261274564315,270.80082987551873,0.0
2022-09-02 00:00:00-05:00,1761.2759510373444,1765.0145402489627,1751.497534373444,1760.355588240664,267.3858921161826,0.0
2022-09-03 00:00:00-05:00,1759.997527900415,1763.6946233360995,1750.3066630041494,1759.0850490248963,263.9709543568465,0.0
2022-09-04 00:00:00-05:00,1758.7191047634856,1762.3747064232366,1749.1157916348548,1757.8145098091286,260.5560165975104,0.0
2022-09-05 00:00:00-05:00,1757.440681626556,1761.0547895103734,1747.92492026556,1756.5439705933609,257.1410788381743,0.0
2022-09-06 00:00:00-05:00,1756.1622584896265,1759.7348725975105,1746.7340488962657,1755.2734313775934,253.72614107883817,0.0
2022-09-07 00:00:00-05:00,1754.8838353526971,1758.4149556846473,1745.543177526971,1754.0028921618257,250.31120331950206,0.0
2022-09-08 00:00:00-05:00,1753.6054122157677,1757.0950387717842,1744.3523061576764,1752.7323529460582,246.89626556016606,0.0
2022-09-09 00:00:00-05:00,1752.326989078838,1755.7751218589212,1743.1614347883817,1751.4618137302905,243.48132780082994,0.0
2022-09-10 00:00:00-05:00,1751.0485659419087,1754.455204946058,1741.9705634190873,1750.1912745145228,240.06639004149383,0.0
2022-09-11 00:00:00-05:00,1749.7701428049793,1753.1352880331951,1740.7796920497926,1748.920735298755,236.65145228215772,0.0
2022-09-12 00:00:00-05:00,1748.4917196680499,1751.815371120332,1739.588820680498,1747.6501960829876,233.2365145228216,0.0
2022-09-13 00:00:00-05:00,1747.2132965311202,1750.4954542074688,1738.3979493112033,1746.3796568672199,229.8215767634855,0.0
2022-09-14 00:00:00-05:00,1745.9348733941908,1749.1755372946059,1737.2070779419087,1745.1091176514524,226.40663900414938,0.0
2022-09-15 00:00:00-05:00,1744.6564502572614,1747.8556203817427,1736.0162065726142,1743.8385784356847,222.99170124481327,0.0
2022-09-16 00:00:00-05:00,1743.378027120332,1746.5357034688798,1734.8253352033196,1742.568039219917,219.57676348547716,0.0
2022-09-17 00:00:00-05:00,1742.0996039834024,1745.2157865560166,1733.634463834025,1741.2975000041495,216.16182572614116,0.0
2022-09-18 00:00:00-05:00,1740.821180846473,1743.8958696431537,1732.4435924647303,1740.0269607883818,212.74688796680505,0.0
2022-09-19 00:00:00-05:00,1739.5427577095436,1742.5759527302905,1731.2527210954358,1738.756421572614,209.33195020746894,0.0
2022-09-20 00:00:00-05:00,1738.2643345726142,1741.2560358174273,1730.0618497261412,1737.4858823568466,205.91701244813282,0.0
2022-09-21 00:00:00-05:00,1736.9859114356846,1739.9361189045644,1728.8709783568465,1736.2153431410788,202.5020746887967,0.0
2022-09-22 00:00:00-05:00,1735.7074882987552,1738.6162019917012,1727.6801069875519,1734.9448039253111,199.0871369294606,0.0
2022-09-23 00:00:00-05:00,1734.4290651618257,1737.296285078838,1726.4892356182572,1733.6742647095436,195.6721991701245,0.0
2022-09-24 00:00:00-05:00,1733.1506420248963,1735.9763681659751,1725.2983642489626,1732.403725493776,192.25726141078837,0.0
2022-09-25 00:00:00-05:00,1731.872218887967,1734.6564512531122,1724.1074928796681,1731.1331862780082,188.84232365145226,0.0
2022-09-26 00:00:00-05:00,1730.5937957510373,1733.336534340249,1722.9166215103735,1729.8626470622407,185.42738589211626,0.0
2022-09-27 00:00:00-05:00,1729.315372614108,1732.0166174273859,1721.7257501410788,1728.592107846473,182.01244813278015,0.0
2022-09-28 00:00:00-05:00,1728.0369494771785,1730.696700514523,1720.5348787717842,1727.3215686307053,178.59751037344404,0.0
2022-09-29 00:00:00-05:00,1726.7585263402489,1729.3767836016598,1719.3440074024898,1726.0510294149378,175.18257261410793,0.0
2022-09-30 00:00:00-05:00,1725.4801032033195,1728.0568666887966,1718.153136033195,1724.7804901991701,171.7676348547718,0.0
2022-10-01 00:00:00-05:00,1724.20168006639,1726.7369497759337,1716.9622646639004,1723.5099509834024,168.3526970954357,0.0
2022-10-02 00:00:00-05:00,1722.9232569294606,1725.4170328630705,1715.7713932946058,1722.239411767635,164.9377593360996,0.0
2022-10-03 00:00:00-05:00,1721.6448337925312,1724.0971159502076,1714.5805219253111,1720.9688725518672,161.52282157676348,0.0
2022-10-04 00:00:00-05:00,1720.3664106556016,1722.7771990373444,1713.3896505560167,1719.6983333360995,158.10788381742736,0.0
2022-10-05 00:00:00-05:00,1719.0879875186722,1721.4572821244815,1712.198779186722,1718.427794120332,154.69294605809137,0.0
2022-10-06 00:00:00-05:00,1717.8095643817428,1720.1373652116183,1711.0079078174274,1717.1572549045643,151.27800829875525,0.0
2022-10-07 00:00:00-05:00,1716.5311412448132,1718.8174482987552,1709.8170364481327,1715.8867156887966,147.86307053941914,0.0
2022-10-08 00:00:00-05:00,1715.2527181078838,1717.4975313858922,1708.6261650788383,1714.616176473029,144.44813278008303,0.0
2022-10-09 00:00:00-05:00,1713.9742949709544,1716.177614473029,1707.4352937095437,1713.3456372572614,141.03319502074692,0.0
2022-10-10 00:00:00-05:00,1712.695871834025,1714.857697560166,1706.244422340249,1712.0750980414937,137.6182572614108,0.0
2022-10-11 00:00:00-05:00,1711.4174486970956,1713.537780647303,1705.0535509709543,1710.8045588257262,134.2033195020747,0.0
2022-10-12 00:00:00-05:00,1710.139025560166,1712.21786373444,1703.8626796016597,1709.5340196099585,130.78838174273858,0.0
2022-10-13 00:00:00-05:00,1708.8606024232365,1710.8979468215769,1702.671808232365,1708.263480394191,127.37344398340247,0.0
2022-10-14 00:00:00-05:00,1707.582179286307,1709.5780299087137,1701.4809368630706,1706.9929411784233,123.95850622406647,0.0
2022-10-15 00:00:00-05:00,1706.3037561493775,1708.2581129958508,1700.290065493776,1705.7224019626556,120.54356846473036,0.0
2022-10-16 00:00:00-05:00,1705.025333012448,1706.9381960829876,1699.0991941244813,1704.4518627468879,117.12863070539424,0.0
2022-10-17 00:00:00-05:00,1703.7469098755187,1705.6182791701244,1697.9083227551869,1703.1813235311204,113.71369294605813,0.0
2022-10-18 00:00:00-05:00,1702.4684867385893,1704.2983622572615,1696.7174513858922,1701.9107843153527,110.29875518672202,0.0
2022-10-19 00:00:00-05:00,1701.1900636016599,1702.9784453443983,1695.5265800165976,1700.6402450995852,106.8838174273859,0.0
2022-10-20 00:00:00-05:00,1699.9116404647302,1701.6585284315354,1694.335708647303,1699.3697058838175,103.4688796680498,0.0
2022-10-21 00:00:00-05:00,1698.6332173278008,1700.3386115186722,1693.1448372780083,1698.0991666680497,100.05394190871368,0.0
2022-10-22 00:00:00-05:00,1697.3547941908714,1699.0186946058093,1691.9539659087136,1696.828627452282,96.63900414937757,0.0
2022-10-23 00:00:00-05:00,1696.0763710539418,1697.6987776929461,1690.7630945394192,1695.5580882365145,93.22406639004157,0.0
2022-10-24 00:00:00-05:00,1694.7979479170124,1696.378860780083,1689.5722231701245,1694.2875490207468,89.80912863070546,0.0
2022-10-25 00:00:00-05:00,1693.519524780083,1695.05894386722,1688.3813518008299,1693.0170098049794,86.39419087136935,0.0
2022-10-26 00:00:00-05:00,1692.2411016431536,1693.7390269543569,1687.1904804315354,1691.7464705892116,82.97925311203323,0.0
2022-10-27 00:00:00-05:00,1690.9626785062242,1692.4191100414937,1685.9996090622408,1690.475931373444,79.56431535269712,0.0
2022-10-28 00:00:00-05:00,1689.6842553692945,1691.0991931286308,1684.8087376929461,1689.2053921576762,76.14937759336101,0.0
2022-10-29 00:00:00-05:00,1688.4058322323651,1689.7792762157678,1683.6178663236515,1687.9348529419087,72.7344398340249,0.0
2022-10-30 00:00:00-05:00,1687.1274090954357,1688.4593593029047,1682.4269949543568,1686.664313726141,69.31950207468878,0.0
2022-10-31 00:00:00-05:00,1685.8489859585063,1687.1394423900415,1681.2361235850622,1685.3937745103735,65.90456431535279,0.0
2022-11-01 00:00:00-05:00,1684.570562821577,1685.8195254771786,1680.0452522157677,1684.1232352946058,62.489626556016674,0.0
2022-11-02 00:00:00-05:00,1683.2921396846473,1684.4996085643154,1678.854380846473,1682.852696078838,59.07468879668056,0.0
2022-11-03 00:00:00-05:00,1682.0137165477179,1683.1796916514522,1677.6635094771784,1681.5821568630704,55.65975103734445,0.0
2022-11-04 00:00:00-05:00,1680.7352934107885,1681.8597747385893,1676.4726381078838,1680.311617647303,52.24481327800834,0.0
2022-11-05 00:00:00-05:00,1679.4568702738588,1680.5398578257261,1675.2817667385893,1679.0410784315352,48.829875518672225,0.0
2022-11-06 00:00:00-05:00,1678.1784471369294,1679.2199409128632,1674.0908953692947,1677.7705392157677,45.41493775933611,0.0
2022-11-07 00:00:00-05:00,1676.900024,1677.900024,1672.900024,1676.5,42.0,0.0
2022-11-08 00:00:00-05:00,1703.199951,1712.099976,1703.199951,1712.099976,23.0,0.0
2022-11-09 00:00:00-05:00,1707.400024,1720.199951,1706.0,1710.099976,497.0,0.0
2022-11-10 00:00:00-05:00,1708.199951,1750.300049,1708.199951,1750.300049,325.0,0.0
2022-11-11 00:00:00-05:00,1763.800049,1766.0,1757.599976,1766.0,257.0,0.0
2022-11-12 00:00:00-05:00,1763.2000326666666,1768.5333253333333,1758.9333093333332,1768.5333253333333,290.6666666666667,0.0
2022-11-13 00:00:00-05:00,1762.6000163333333,1771.0666506666666,1760.2666426666667,1771.0666506666666,324.3333333333333,0.0
2022-11-14 00:00:00-05:00,1762.0,1773.599976,1761.599976,1773.599976,358.0,0.0
2022-11-15 00:00:00-05:00,1770.800049,1773.800049,1769.900024,1773.800049,57.0,0.0
2022-11-16 00:00:00-05:00,1776.599976,1778.900024,1773.0,1773.0,303.0,0.0
2022-11-17 00:00:00-05:00,1763.0,1763.0,1756.0,1760.800049,18.0,0.0
2022-11-18 00:00:00-05:00,1763.300049,1763.300049,1747.599976,1751.900024,414.0,0.0
2022-11-19 00:00:00-05:00,1755.2000326666666,1757.1667073333333,1743.7666426666667,1747.0666906666668,457.3333333333333,0.0
2022-11-20 00:00:00-05:00,1747.1000163333333,1751.0333656666667,1739.9333093333332,1742.2333573333333,500.6666666666667,0.0
2022-11-21 00:00:00-05:00,1739.0,1744.900024,1736.099976,1737.400024,544.0,0.0
2022-11-22 00:00:00-05:00,1741.699951,1741.699951,1738.300049,1738.300049,15.0,0.0
2022-11-23 00:00:00-05:00,1736.5,1750.900024,1736.5,1744.900024,39.0,0.0
2022-11-24 00:00:00-05:00,1744.75,1754.400024,1742.8499755,1749.1000365,127.5,0.0
2022-11-25 00:00:00-05:00,1753.0,1757.900024,1749.199951,1753.300049,216.0,0.0
2022-11-26 00:00:00-05:00,1749.1000163333333,1752.366699,1746.166626,1748.9000246666667,44399.666666666664,0.0
2022-11-27 00:00:00-05:00,1745.2000326666666,1746.833374,1743.133301,1744.5000003333332,57076.4,0.0
2022-11-28 00:00:00-05:00,1741.300049,1741.300049,1740.099976,1740.099976,57701.0,0.0
2022-11-29 00:00:00-05:00,1739.5,1758.199951,1737.900024,1748.400024,19416.0,0.0
2022-11-30 00:00:00-05:00,1748.099976,1769.400024,1745.099976,1746.0,3339.0,0.0
2022-12-01 00:00:00-05:00,1768.699951,1803.699951,1768.699951,1801.099976,1053.0,0.0
2022-12-02 00:00:00-05:00,1802.0,1802.300049,1779.400024,1795.900024,1725.0,0.0
2022-12-03 00:00:00-05:00,1799.8999836666667,1804.2000326666666,1774.366699,1786.400024,1721.0,0.0
2022-12-04 00:00:00-05:00,1797.7999673333334,1806.1000163333333,1769.333374,1776.900024,1717.0,0.0
2022-12-05 00:00:00-05:00,1795.699951,1808.0,1764.300049,1767.400024,1713.0,0.0
2022-12-06 00:00:00-05:00,1768.599976,1779.400024,1767.900024,1769.300049,105.0,0.0
2022-12-07 00:00:00-05:00,1769.300049,1790.300049,1769.300049,1785.5,422.0,0.0
2022-12-08 00:00:00-05:00,1782.0,1790.900024,1782.0,1788.699951,713.0,0.0
2022-12-09 00:00:00-05:00,1794.900024,1804.300049,1791.099976,1798.099976,125.0,0.0
2022-12-10 00:00:00-05:00,1792.366699,1800.833374,1786.633301,1792.2333173333334,111.66666666666667,0.0
2022-12-11 00:00:00-05:00,1789.833374,1797.366699,1782.166626,1786.3666586666666,98.33333333333333,0.0
2022-12-12 00:00:00-05:00,1787.300049,1793.900024,1777.699951,1780.5,85.0,0.0
2022-12-13 00:00:00-05:00,1780.699951,1819.800049,1780.5,1813.900024,205.0,0.0
2022-12-14 00:00:00-05:00,1810.800049,1812.800049,1797.900024,1807.5,1074.0,0.0
2022-12-15 00:00:00-05:00,1801.0,1801.0,1774.800049,1777.199951,421.0,0.0
2022-12-16 00:00:00-05:00,1777.900024,1791.400024,1777.900024,1790.0,206.0,0.0
2022-12-17 00:00:00-05:00,1782.4666746666667,1793.0333656666667,1780.4666746666667,1789.233317,163.66666666666666,0.0
2022-12-18 00:00:00-05:00,1787.0333253333333,1794.6667073333333,1783.0333253333333,1788.466634,121.33333333333333,0.0
2022-12-19 00:00:00-05:00,1791.599976,1796.300049,1785.599976,1787.699951,79.0,0.0
2022-12-20 00:00:00-05:00,1786.5,1821.400024,1786.5,1815.900024,51.0,0.0
2022-12-21 00:00:00-05:00,1817.400024,1821.400024,1814.400024,1815.900024,35.0,0.0
2022-12-22 00:00:00-05:00,1818.099976,1818.099976,1785.0,1787.0,411.0,0.0
2022-12-23 00:00:00-05:00,1794.300049,1802.800049,1794.099976,1795.900024,49.0,0.0
2022-12-24 00:00:00-05:00,1796.57504275,1808.675049,1796.424988,1800.62503025,54.0,0.0
2022-12-25 00:00:00-05:00,1798.8500365,1814.550049,1798.75,1805.3500365,59.0,0.0
2022-12-26 00:00:00-05:00,1801.12503025,1820.425049,1801.075012,1810.07504275,64.0,0.0
2022-12-27 00:00:00-05:00,1803.400024,1826.300049,1803.400024,1814.800049,69.0,0.0
2022-12-28 00:00:00-05:00,1803.199951,1807.900024,1803.099976,1807.900024,434.0,0.0
2022-12-29 00:00:00-05:00,1805.800049,1819.5,1805.800049,1819.5,277.0,0.0
2022-12-30 00:00:00-05:00,1817.0,1822.300049,1816.800049,1819.699951,95.0,0.0
2022-12-31 00:00:00-05:00,1821.7999877500001,1826.6500245,1821.6500245,1824.699951,78.5,0.0
2023-01-01 00:00:00-05:00,1826.5999755,1831.0,1826.5,1829.699951,62.0,0.0
2023-01-02 00:00:00-05:00,1831.39996325,1835.3499755,1831.3499755,1834.699951,45.5,0.0
2023-01-03 00:00:00-05:00,1836.199951,1839.699951,1836.199951,1839.699951,29.0,0.0
2023-01-04 00:00:00-05:00,1845.599976,1859.099976,1845.599976,1852.800049,25.0,0.0
2023-01-05 00:00:00-05:00,1855.199951,1855.199951,1834.800049,1834.800049,24.0,0.0
2023-01-06 00:00:00-05:00,1838.400024,1868.199951,1835.300049,1864.199951,26.0,0.0
2023-01-07 00:00:00-05:00,1847.9333493333334,1872.1333006666666,1845.8666993333334,1867.0332843333333,38.0,0.0
2023-01-08 00:00:00-05:00,1857.4666746666667,1876.0666503333334,1856.4333496666666,1869.8666176666668,50.0,0.0
2023-01-09 00:00:00-05:00,1867.0,1880.0,1867.0,1872.699951,62.0,0.0
2023-01-10 00:00:00-05:00,1877.800049,1878.099976,1871.599976,1871.599976,101.0,0.0
2023-01-11 00:00:00-05:00,1873.099976,1877.800049,1873.099976,1874.599976,1236.0,0.0
2023-01-12 00:00:00-05:00,1877.199951,1897.400024,1877.199951,1895.5,59.0,0.0
2023-01-13 00:00:00-05:00,1899.0,1920.900024,1898.300049,1918.400024,512.0,0.0
2023-01-14 00:00:00-05:00,1904.2749939999999,1920.700012,1900.0250245,1915.60000575,560.5,0.0
2023-01-15 00:00:00-05:00,1909.549988,1920.5,1901.75,1912.7999875,609.0,0.0
2023-01-16 00:00:00-05:00,1914.824982,1920.299988,1903.4749755,1909.99996925,657.5,0.0
2023-01-17 00:00:00-05:00,1920.099976,1920.099976,1905.199951,1907.199951,706.0,0.0
2023-01-18 00:00:00-05:00,1911.099976,1911.099976,1903.099976,1904.400024,1027.0,0.0
2023-01-19 00:00:00-05:00,1922.099976,1931.800049,1922.099976,1922.099976,371.0,0.0
2023-01-20 00:00:00-05:00,1922.099976,1928.5,1921.400024,1926.400024,1346.0,0.0
2023-01-21 00:00:00-05:00,1923.5666506666666,1928.0333253333333,1919.2666826666666,1926.6333413333334,970.0,0.0
2023-01-22 00:00:00-05:00,1925.0333253333333,1927.5666506666666,1917.1333413333334,1926.8666586666666,594.0,0.0
2023-01-23 00:00:00-05:00,1926.5,1927.099976,1915.0,1927.099976,218.0,0.0
2023-01-24 00:00:00-05:00,1931.800049,1936.800049,1931.800049,1933.900024,201.0,0.0
2023-01-25 00:00:00-05:00,1941.199951,1941.199951,1939.800049,1941.199951,7.0,0.0
2023-01-26 00:00:00-05:00,1936.599976,1937.099976,1927.099976,1929.099976,131.0,0.0
2023-01-27 00:00:00-05:00,1928.599976,1928.599976,1928.599976,1928.599976,65832.4,0.0
2023-01-28 00:00:00-05:00,1928.5000003333332,1930.2666426666667,1925.8333336666667,1926.699992,71275.0,0.0
2023-01-29 00:00:00-05:00,1928.4000246666667,1931.9333093333332,1923.0666913333332,1924.800008,71630.8,0.0
2023-01-30 00:00:00-05:00,1928.300049,1933.599976,1920.300049,1922.900024,27220.0,0.0
2023-01-31 00:00:00-05:00,1923.0,1930.400024,1900.599976,1929.5,1910.0,0.0
2023-02-01 00:00:00-05:00,1927.199951,1955.0,1922.0,1927.800049,2290.0,0.0
2023-02-02 00:00:00-05:00,1952.300049,1959.099976,1911.300049,1916.300049,748.0,0.0
2023-02-03 00:00:00-05:00,1912.400024,1917.0,1861.5,1862.900024,992.0,0.0
2023-02-04 00:00:00-05:00,1896.800008,1904.6666666666667,1862.1333413333334,1863.9999996666668,802.6666666666666,0.0
2023-02-05 00:00:00-05:00,1881.199992,1892.3333333333333,1862.7666826666666,1865.0999753333333,613.3333333333333,0.0
2023-02-06 00:00:00-05:00,1865.599976,1880.0,1863.400024,1866.199951,424.0,0.0
2023-02-07 00:00:00-05:00,1870.0,1875.699951,1868.0,1871.699951,297.0,0.0
2023-02-08 00:00:00-05:00,1872.099976,1880.400024,1872.099976,1877.400024,230.0,0.0
2023-02-09 00:00:00-05:00,1875.300049,1884.599976,1859.800049,1866.199951,223.0,0.0
2023-02-10 00:00:00-05:00,1861.599976,1863.5,1852.400024,1862.800049,27.0,0.0
2023-02-11 00:00:00-05:00,1860.7333173333334,1862.6666666666667,1851.600016,1859.1667073333333,207.66666666666666,0.0
2023-02-12 00:00:00-05:00,1859.8666586666666,1861.8333333333333,1850.800008,1855.5333656666667,388.3333333333333,0.0
2023-02-13 00:00:00-05:00,1859.0,1861.0,1850.0,1851.900024,569.0,0.0
2023-02-14 00:00:00-05:00,1854.099976,1862.0,1846.199951,1854.0,656.0,0.0
2023-02-15 00:00:00-05:00,1842.0,1842.0,1828.199951,1834.199951,368.0,0.0
2023-02-16 00:00:00-05:00,1838.599976,1843.699951,1827.199951,1842.0,222.0,0.0
2023-02-17 00:00:00-05:00,1827.400024,1842.199951,1818.400024,1840.400024,35.0,0.0
2023-02-18 00:00:00-05:00,1831.200012,1842.39996325,1822.050018,1838.550018,241.75,0.0
2023-02-19 00:00:00-05:00,1835.0,1842.5999755,1825.700012,1836.700012,448.5,0.0
2023-02-20 00:00:00-05:00,1838.799988,1842.7999877500001,1829.3500060000001,1834.8500060000001,655.25,0.0
2023-02-21 00:00:00-05:00,1842.599976,1843.0,1833.0,1833.0,862.0,0.0
2023-02-22 00:00:00-05:00,1835.699951,1836.199951,1825.099976,1832.0,278.0,0.0
2023-02-23 00:00:00-05:00,1826.400024,1827.5,1818.0,1818.0,291.0,0.0
2023-02-24 00:00:00-05:00,1808.800049,1808.800049,1808.800049,1808.800049,404.0,0.0
2023-02-25 00:00:00-05:00,1809.733358,1811.7000326666666,1808.833374,1811.533366,545.6666666666666,0.0
2023-02-26 00:00:00-05:00,1810.666667,1814.6000163333333,1808.866699,1814.266683,687.3333333333333,0.0
2023-02-27 00:00:00-05:00,1811.599976,1817.5,1808.900024,1817.0,829.0,0.0
2023-02-28 00:00:00-05:00,1808.099976,1830.0,1808.099976,1828.900024,618.0,0.0
2023-03-01 00:00:00-05:00,1827.099976,1841.699951,1827.099976,1837.699951,211.0,0.0
2023-03-02 00:00:00-05:00,1830.0,1836.300049,1830.0,1833.5,154.0,0.0
2023-03-03 00:00:00-05:00,1837.300049,1855.400024,1837.300049,1847.699951,61.0,0.0
2023-03-04 00:00:00-05:00,1842.6333823333332,1854.866699,1839.6000163333333,1847.766642,42.33333333333333,0.0
2023-03-05 00:00:00-05:00,1847.9667156666667,1854.333374,1841.8999836666667,1847.833333,23.666666666666664,0.0
2023-03-06 00:00:00-05:00,1853.300049,1853.800049,1844.199951,1847.900024,5.0,0.0
2023-03-07 00:00:00-05:00,1840.900024,1840.900024,1813.900024,1813.900024,450.0,0.0
2023-03-08 00:00:00-05:00,1811.599976,1812.900024,1811.5,1812.699951,75.0,0.0
2023-03-09 00:00:00-05:00,1816.400024,1829.300049,1815.599976,1829.300049,332.0,0.0
2023-03-10 00:00:00-05:00,1852.300049,1868.5,1852.0,1862.0,248.0,0.0
2023-03-11 00:00:00-05:00,1852.836563219917,1868.969294506224,1852.5203320497926,1862.4962654605808,247.5103734439834,0.0
2023-03-12 00:00:00-05:00,1853.3730774398339,1869.4385890124481,1853.040664099585,1862.992530921162,247.0207468879668,0.0
2023-03-13 00:00:00-05:00,1853.909591659751,1869.9078835186722,1853.5609961493776,1863.4887963817428,246.5311203319502,0.0
2023-03-14 00:00:00-05:00,1854.446105879668,1870.3771780248962,1854.0813281991702,1863.9850618423236,246.04149377593362,0.0
2023-03-15 00:00:00-05:00,1854.9826200995851,1870.8464725311203,1854.6016602489626,1864.4813273029047,245.551867219917,0.0
2023-03-16 00:00:00-05:00,1855.519134319502,1871.3157670373444,1855.1219922987552,1864.9775927634855,245.0622406639004,0.0
2023-03-17 00:00:00-05:00,1856.055648539419,1871.7850615435684,1855.6423243485476,1865.4738582240664,244.57261410788382,0.0
2023-03-18 00:00:00-05:00,1856.5921627593361,1872.2543560497925,1856.1626563983402,1865.9701236846472,244.08298755186723,0.0
2023-03-19 00:00:00-05:00,1857.128676979253,1872.7236505560165,1856.6829884481328,1866.4663891452283,243.59336099585062,0.0
2023-03-20 00:00:00-05:00,1857.66519119917,1873.1929450622406,1857.2033204979252,1866.9626546058091,243.10373443983403,0.0
2023-03-21 00:00:00-05:00,1858.2017054190871,1873.6622395684647,1857.7236525477178,1867.45892006639,242.61410788381744,0.0
2023-03-22 00:00:00-05:00,1858.738219639004,1874.1315340746887,1858.2439845975105,1867.955185526971,242.12448132780082,0.0
2023-03-23 00:00:00-05:00,1859.274733858921,1874.6008285809128,1858.7643166473028,1868.4514509875519,241.63485477178423,0.0
2023-03-24 00:00:00-05:00,1859.8112480788382,1875.0701230871368,1859.2846486970955,1868.9477164481327,241.14522821576764,0.0
2023-03-25 00:00:00-05:00,1860.3477622987552,1875.539417593361,1859.804980746888,1869.4439819087138,240.65560165975103,0.0
2023-03-26 00:00:00-05:00,1860.884276518672,1876.008712099585,1860.3253127966805,1869.9402473692946,240.16597510373444,0.0
2023-03-27 00:00:00-05:00,1861.4207907385892,1876.478006605809,1860.845644846473,1870.4365128298755,239.67634854771785,0.0
2023-03-28 00:00:00-05:00,1861.9573049585063,1876.9473011120333,1861.3659768962655,1870.9327782904563,239.18672199170123,0.0
2023-03-29 00:00:00-05:00,1862.493819178423,1877.4165956182574,1861.886308946058,1871.4290437510374,238.69709543568464,0.0
2023-03-30 00:00:00-05:00,1863.0303333983402,1877.8858901244814,1862.4066409958507,1871.9253092116182,238.20746887966806,0.0
2023-03-31 00:00:00-05:00,1863.5668476182573,1878.3551846307055,1862.926973045643,1872.421574672199,237.71784232365144,0.0
2023-04-01 00:00:00-05:00,1864.1033618381741,1878.8244791369295,1863.4473050954357,1872.9178401327802,237.22821576763485,0.0
2023-04-02 00:00:00-05:00,1864.6398760580912,1879.2937736431536,1863.9676371452283,1873.414105593361,236.73858921161826,0.0
2023-04-03 00:00:00-05:00,1865.1763902780083,1879.7630681493777,1864.4879691950207,1873.9103710539418,236.24896265560167,0.0
2023-04-04 00:00:00-05:00,1865.7129044979254,1880.2323626556017,1865.0083012448133,1874.406636514523,235.75933609958506,0.0
2023-04-05 00:00:00-05:00,1866.2494187178422,1880.7016571618258,1865.5286332946057,1874.9029019751038,235.26970954356847,0.0
2023-04-06 00:00:00-05:00,1866.7859329377593,1881.1709516680498,1866.0489653443983,1875.3991674356846,234.78008298755188,0.0
2023-04-07 00:00:00-05:00,1867.3224471576764,1881.640246174274,1866.569297394191,1875.8954328962654,234.29045643153526,0.0
2023-04-08 00:00:00-05:00,1867.8589613775932,1882.109540680498,1867.0896294439833,1876.3916983568465,233.80082987551867,0.0
2023-04-09 00:00:00-05:00,1868.3954755975103,1882.578835186722,1867.609961493776,1876.8879638174274,233.31120331950208,0.0
2023-04-10 00:00:00-05:00,1868.9319898174274,1883.048129692946,1868.1302935435685,1877.3842292780082,232.82157676348547,0.0
2023-04-11 00:00:00-05:00,1869.4685040373442,1883.5174241991701,1868.650625593361,1877.8804947385893,232.33195020746888,0.0
2023-04-12 00:00:00-05:00,1870.0050182572613,1883.9867187053942,1869.1709576431535,1878.3767601991701,231.8423236514523,0.0
2023-04-13 00:00:00-05:00,1870.5415324771784,1884.4560132116183,1869.6912896929462,1878.873025659751,231.3526970954357,0.0
2023-04-14 00:00:00-05:00,1871.0780466970955,1884.9253077178423,1870.2116217427385,1879.369291120332,230.86307053941908,0.0
2023-04-15 00:00:00-05:00,1871.6145609170123,1885.3946022240664,1870.7319537925312,1879.8655565809129,230.3734439834025,0.0
2023-04-16 00:00:00-05:00,1872.1510751369294,1885.8638967302904,1871.2522858423235,1880.3618220414937,229.8838174273859,0.0
2023-04-17 00:00:00-05:00,1872.6875893568465,1886.3331912365145,1871.7726178921162,1880.8580875020748,229.3941908713693,0.0
2023-04-18 00:00:00-05:00,1873.2241035767634,1886.8024857427386,1872.2929499419088,1881.3543529626556,228.9045643153527,0.0
2023-04-19 00:00:00-05:00,1873.7606177966804,1887.2717802489626,1872.8132819917012,1881.8506184232365,228.4149377593361,0.0
2023-04-20 00:00:00-05:00,1874.2971320165975,1887.7410747551867,1873.3336140414938,1882.3468838838173,227.9253112033195,0.0
2023-04-21 00:00:00-05:00,1874.8336462365144,1888.2103692614107,1873.8539460912864,1882.8431493443984,227.4356846473029,0.0
2023-04-22 00:00:00-05:00,1875.3701604564314,1888.6796637676348,1874.3742781410788,1883.3394148049792,226.94605809128632,0.0
2023-04-23 00:00:00-05:00,1875.9066746763485,1889.1489582738589,1874.8946101908714,1883.83568026556,226.4564315352697,0.0
2023-04-24 00:00:00-05:00,1876.4431888962656,1889.618252780083,1875.414942240664,1884.3319457261412,225.9668049792531,0.0
2023-04-25 00:00:00-05:00,1876.9797031161825,1890.087547286307,1875.9352742904564,1884.828211186722,225.47717842323652,0.0
2023-04-26 00:00:00-05:00,1877.5162173360995,1890.556841792531,1876.455606340249,1885.3244766473028,224.9875518672199,0.0
2023-04-27 00:00:00-05:00,1878.0527315560166,1891.026136298755,1876.9759383900414,1885.820742107884,224.49792531120332,0.0
2023-04-28 00:00:00-05:00,1878.5892457759335,1891.4954308049792,1877.496270439834,1886.3170075684648,224.00829875518673,0.0
2023-04-29 00:00:00-05:00,1879.1257599958506,1891.9647253112032,1878.0166024896266,1886.8132730290456,223.5186721991701,0.0
2023-04-30 00:00:00-05:00,1879.6622742157676,1892.4340198174273,1878.536934539419,1887.3095384896264,223.02904564315352,0.0
2023-05-01 00:00:00-05:00,1880.1987884356845,1892.9033143236516,1879.0572665892116,1887.8058039502075,222.53941908713693,0.0
2023-05-02 00:00:00-05:00,1880.7353026556016,1893.3726088298756,1879.5775986390042,1888.3020694107884,222.04979253112032,0.0
2023-05-03 00:00:00-05:00,1881.2718168755187,1893.8419033360997,1880.0979306887966,1888.7983348713692,221.56016597510373,0.0
2023-05-04 00:00:00-05:00,1881.8083310954357,1894.3111978423237,1880.6182627385892,1889.2946003319503,221.07053941908714,0.0
2023-05-05 00:00:00-05:00,1882.3448453153526,1894.7804923485478,1881.1385947883819,1889.7908657925311,220.58091286307055,0.0
2023-05-06 00:00:00-05:00,1882.8813595352697,1895.2497868547719,1881.6589268381742,1890.287131253112,220.09128630705393,0.0
2023-05-07 00:00:00-05:00,1883.4178737551867,1895.719081360996,1882.1792588879669,1890.783396713693,219.60165975103735,0.0
2023-05-08 00:00:00-05:00,1883.9543879751036,1896.18837586722,1882.6995909377592,1891.2796621742739,219.11203319502076,0.0
2023-05-09 00:00:00-05:00,1884.4909021950207,1896.657670373444,1883.2199229875519,1891.7759276348547,218.62240663900414,0.0
2023-05-10 00:00:00-05:00,1885.0274164149378,1897.126964879668,1883.7402550373445,1892.2721930954356,218.13278008298755,0.0
2023-05-11 00:00:00-05:00,1885.5639306348546,1897.5962593858922,1884.2605870871369,1892.7684585560166,217.64315352697096,0.0
2023-05-12 00:00:00-05:00,1886.1004448547717,1898.0655538921162,1884.7809191369295,1893.2647240165975,217.15352697095435,0.0
2023-05-13 00:00:00-05:00,1886.6369590746888,1898.5348483983403,1885.301251186722,1893.7609894771783,216.66390041493776,0.0
2023-05-14 00:00:00-05:00,1887.1734732946059,1899.0041429045643,1885.8215832365145,1894.2572549377594,216.17427385892117,0.0
2023-05-15 00:00:00-05:00,1887.7099875145227,1899.4734374107884,1886.341915286307,1894.7535203983402,215.68464730290458,0.0
2023-05-16 00:00:00-05:00,1888.2465017344398,1899.9427319170125,1886.8622473360997,1895.249785858921,215.19502074688796,0.0
2023-05-17 00:00:00-05:00,1888.7830159543569,1900.4120264232365,1887.382579385892,1895.7460513195022,214.70539419087137,0.0
2023-05-18 00:00:00-05:00,1889.3195301742737,1900.8813209294606,1887.9029114356847,1896.242316780083,214.21576763485479,0.0
2023-05-19 00:00:00-05:00,1889.8560443941908,1901.3506154356846,1888.423243485477,1896.7385822406638,213.72614107883817,0.0
2023-05-20 00:00:00-05:00,1890.3925586141079,1901.8199099419087,1888.9435755352697,1897.2348477012447,213.23651452282158,0.0
2023-05-21 00:00:00-05:00,1890.9290728340247,1902.2892044481328,1889.4639075850623,1897.7311131618258,212.746887966805,0.0
2023-05-22 00:00:00-05:00,1891.4655870539418,1902.7584989543568,1889.9842396348547,1898.2273786224066,212.25726141078837,0.0
2023-05-23 00:00:00-05:00,1892.002101273859,1903.2277934605809,1890.5045716846473,1898.7236440829874,211.76763485477179,0.0
2023-05-24 00:00:00-05:00,1892.538615493776,1903.697087966805,1891.02490373444,1899.2199095435685,211.2780082987552,0.0
2023-05-25 00:00:00-05:00,1893.0751297136928,1904.166382473029,1891.5452357842323,1899.7161750041494,210.78838174273858,0.0
2023-05-26 00:00:00-05:00,1893.61164393361,1904.635676979253,1892.065567834025,1900.2124404647302,210.298755186722,0.0
2023-05-27 00:00:00-05:00,1894.148158153527,1905.104971485477,1892.5858998838175,1900.7087059253113,209.8091286307054,0.0
2023-05-28 00:00:00-05:00,1894.6846723734438,1905.5742659917012,1893.10623193361,1901.2049713858921,209.31950207468878,0.0
2023-05-29 00:00:00-05:00,1895.221186593361,1906.0435604979252,1893.6265639834025,1901.701236846473,208.8298755186722,0.0
2023-05-30 00:00:00-05:00,1895.757700813278,1906.5128550041493,1894.146896033195,1902.197502307054,208.3402489626556,0.0
2023-05-31 00:00:00-05:00,1896.294215033195,1906.9821495103733,1894.6672280829875,1902.6937677676349,207.850622406639,0.0
2023-06-01 00:00:00-05:00,1896.830729253112,1907.4514440165974,1895.1875601327802,1903.1900332282157,207.3609958506224,0.0
2023-06-02 00:00:00-05:00,1897.367243473029,1907.9207385228215,1895.7078921825726,1903.6862986887966,206.8713692946058,0.0
2023-06-03 00:00:00-05:00,1897.903757692946,1908.3900330290455,1896.2282242323652,1904.1825641493776,206.3817427385892,0.0
2023-06-04 00:00:00-05:00,1898.440271912863,1908.8593275352696,1896.7485562821578,1904.6788296099585,205.8921161825726,0.0
2023-06-05 00:00:00-05:00,1898.97678613278,1909.3286220414939,1897.2688883319502,1905.1750950705393,205.40248962655602,0.0
2023-06-06 00:00:00-05:00,1899.5133003526971,1909.797916547718,1897.7892203817428,1905.6713605311204,204.91286307053943,0.0
2023-06-07 00:00:00-05:00,1900.049814572614,1910.267211053942,1898.3095524315354,1906.1676259917012,204.4232365145228,0.0
2023-06-08 00:00:00-05:00,1900.586328792531,1910.736505560166,1898.8298844813278,1906.663891452282,203.93360995850622,0.0
2023-06-09 00:00:00-05:00,1901.1228430124481,1911.20580006639,1899.3502165311204,1907.1601569128632,203.44398340248964,0.0
2023-06-10 00:00:00-05:00,1901.659357232365,1911.6750945726142,1899.8705485809128,1907.656422373444,202.95435684647305,0.0
2023-06-11 00:00:00-05:00,1902.195871452282,1912.1443890788382,1900.3908806307054,1908.1526878340248,202.46473029045643,0.0
2023-06-12 00:00:00-05:00,1902.7323856721991,1912.6136835850623,1900.911212680498,1908.6489532946057,201.97510373443984,0.0
2023-06-13 00:00:00-05:00,1903.2688998921162,1913.0829780912863,1901.4315447302904,1909.1452187551868,201.48547717842325,0.0
2023-06-14 00:00:00-05:00,1903.805414112033,1913.5522725975104,1901.951876780083,1909.6414842157676,200.99585062240664,0.0
2023-06-15 00:00:00-05:00,1904.3419283319502,1914.0215671037345,1902.4722088298756,1910.1377496763484,200.50622406639005,0.0
2023-06-16 00:00:00-05:00,1904.8784425518672,1914.4908616099585,1902.992540879668,1910.6340151369295,200.01659751037346,0.0
2023-06-17 00:00:00-05:00,1905.414956771784,1914.9601561161826,1903.5128729294606,1911.1302805975104,199.52697095435684,0.0
2023-06-18 00:00:00-05:00,1905.9514709917012,1915.4294506224066,1904.033204979253,1911.6265460580912,199.03734439834025,0.0
2023-06-19 00:00:00-05:00,1906.4879852116183,1915.8987451286307,1904.5535370290456,1912.1228115186723,198.54771784232366,0.0
2023-06-20 00:00:00-05:00,1907.0244994315353,1916.3680396348548,1905.0738690788382,1912.6190769792531,198.05809128630705,0.0
2023-06-21 00:00:00-05:00,1907.5610136514522,1916.8373341410788,1905.5942011286306,1913.115342439834,197.56846473029046,0.0
2023-06-22 00:00:00-05:00,1908.0975278713693,1917.306628647303,1906.1145331784232,1913.611607900415,197.07883817427387,0.0
2023-06-23 00:00:00-05:00,1908.6340420912863,1917.775923153527,1906.6348652282159,1914.1078733609959,196.58921161825725,0.0
2023-06-24 00:00:00-05:00,1909.1705563112032,1918.245217659751,1907.1551972780082,1914.6041388215767,196.09958506224066,0.0
2023-06-25 00:00:00-05:00,1909.7070705311203,1918.714512165975,1907.6755293278009,1915.1004042821576,195.60995850622407,0.0
2023-06-26 00:00:00-05:00,1910.2435847510374,1919.1838066721991,1908.1958613775935,1915.5966697427386,195.12033195020746,0.0
2023-06-27 00:00:00-05:00,1910.7800989709542,1919.6531011784232,1908.7161934273859,1916.0929352033195,194.63070539419087,0.0
2023-06-28 00:00:00-05:00,1911.3166131908713,1920.1223956846472,1909.2365254771785,1916.5892006639003,194.14107883817428,0.0
2023-06-29 00:00:00-05:00,1911.8531274107884,1920.5916901908713,1909.7568575269709,1917.0854661244814,193.65145228215766,0.0
2023-06-30 00:00:00-05:00,1912.3896416307055,1921.0609846970954,1910.2771895767635,1917.5817315850622,193.16182572614107,0.0
2023-07-01 00:00:00-05:00,1912.9261558506223,1921.5302792033194,1910.797521626556,1918.077997045643,192.6721991701245,0.0
2023-07-02 00:00:00-05:00,1913.4626700705394,1921.9995737095435,1911.3178536763485,1918.5742625062242,192.18257261410787,0.0
2023-07-03 00:00:00-05:00,1913.9991842904565,1922.4688682157675,1911.838185726141,1919.070527966805,191.69294605809128,0.0
2023-07-04 00:00:00-05:00,1914.5356985103733,1922.9381627219916,1912.3585177759337,1919.5667934273858,191.2033195020747,0.0
2023-07-05 00:00:00-05:00,1915.0722127302904,1923.4074572282157,1912.878849825726,1920.0630588879667,190.7136929460581,0.0
2023-07-06 00:00:00-05:00,1915.6087269502075,1923.8767517344397,1913.3991818755187,1920.5593243485478,190.2240663900415,0.0
2023-07-07 00:00:00-05:00,1916.1452411701243,1924.3460462406638,1913.9195139253113,1921.0555898091286,189.7344398340249,0.0
2023-07-08 00:00:00-05:00,1916.6817553900414,1924.815340746888,1914.4398459751037,1921.5518552697094,189.2448132780083,0.0
2023-07-09 00:00:00-05:00,1917.2182696099585,1925.284635253112,1914.9601780248963,1922.0481207302905,188.75518672199172,0.0
2023-07-10 00:00:00-05:00,1917.7547838298756,1925.7539297593362,1915.4805100746887,1922.5443861908714,188.2655601659751,0.0
2023-07-11 00:00:00-05:00,1918.2912980497924,1926.2232242655602,1916.0008421244813,1923.0406516514522,187.7759336099585,0.0
2023-07-12 00:00:00-05:00,1918.8278122697095,1926.6925187717843,1916.521174174274,1923.5369171120333,187.28630705394193,0.0
2023-07-13 00:00:00-05:00,1919.3643264896266,1927.1618132780084,1917.0415062240663,1924.0331825726141,186.7966804979253,0.0
2023-07-14 00:00:00-05:00,1919.9008407095434,1927.6311077842324,1917.561838273859,1924.529448033195,186.30705394190872,0.0
2023-07-15 00:00:00-05:00,1920.4373549294605,1928.1004022904565,1918.0821703236516,1925.0257134937758,185.81742738589213,0.0
2023-07-16 00:00:00-05:00,1920.9738691493776,1928.5696967966805,1918.602502373444,1925.5219789543569,185.3278008298755,0.0
2023-07-17 00:00:00-05:00,1921.5103833692945,1929.0389913029046,1919.1228344232366,1926.0182444149377,184.83817427385893,0.0
2023-07-18 00:00:00-05:00,1922.0468975892115,1929.5082858091287,1919.643166473029,1926.5145098755186,184.34854771784234,0.0
2023-07-19 00:00:00-05:00,1922.5834118091286,1929.9775803153527,1920.1634985228216,1927.0107753360996,183.85892116182572,0.0
2023-07-20 00:00:00-05:00,1923.1199260290457,1930.4468748215768,1920.6838305726142,1927.5070407966805,183.36929460580913,0.0
2023-07-21 00:00:00-05:00,1923.6564402489626,1930.9161693278008,1921.2041626224066,1928.0033062572613,182.87966804979254,0.0
2023-07-22 00:00:00-05:00,1924.1929544688796,1931.385463834025,1921.7244946721992,1928.4995717178424,182.39004149377593,0.0
2023-07-23 00:00:00-05:00,1924.7294686887967,1931.854758340249,1922.2448267219918,1928.9958371784232,181.90041493775934,0.0
2023-07-24 00:00:00-05:00,1925.2659829087136,1932.324052846473,1922.7651587717842,1929.492102639004,181.41078838174275,0.0
2023-07-25 00:00:00-05:00,1925.8024971286306,1932.793347352697,1923.2854908215768,1929.988368099585,180.92116182572613,0.0
2023-07-26 00:00:00-05:00,1926.3390113485477,1933.2626418589211,1923.8058228713694,1930.484633560166,180.43153526970954,0.0
2023-07-27 00:00:00-05:00,1926.8755255684646,1933.7319363651452,1924.3261549211618,1930.9808990207468,179.94190871369295,0.0
2023-07-28 00:00:00-05:00,1927.4120397883817,1934.2012308713693,1924.8464869709544,1931.4771644813277,179.45228215767634,0.0
2023-07-29 00:00:00-05:00,1927.9485540082987,1934.6705253775933,1925.3668190207468,1931.9734299419088,178.96265560165975,0.0
2023-07-30 00:00:00-05:00,1928.4850682282158,1935.1398198838174,1925.8871510705394,1932.4696954024896,178.47302904564316,0.0
2023-07-31 00:00:00-05:00,1929.0215824481327,1935.6091143900414,1926.407483120332,1932.9659608630704,177.98340248962654,0.0
2023-08-01 00:00:00-05:00,1929.5580966680498,1936.0784088962655,1926.9278151701244,1933.4622263236515,177.49377593360998,0.0
2023-08-02 00:00:00-05:00,1930.0946108879668,1936.5477034024896,1927.448147219917,1933.9584917842324,177.00414937759336,0.0
2023-08-03 00:00:00-05:00,1930.6311251078837,1937.0169979087136,1927.9684792697096,1934.4547572448132,176.51452282157675,0.0
2023-08-04 00:00:00-05:00,1931.1676393278008,1937.4862924149377,1928.488811319502,1934.9510227053943,176.0248962655602,0.0
2023-08-05 00:00:00-05:00,1931.7041535477179,1937.9555869211617,1929.0091433692946,1935.4472881659751,175.53526970954357,0.0
2023-08-06 00:00:00-05:00,1932.240667767635,1938.4248814273858,1929.5294754190872,1935.943553626556,175.04564315352695,0.0
2023-08-07 00:00:00-05:00,1932.7771819875518,1938.8941759336099,1930.0498074688796,1936.4398190871368,174.5560165975104,0.0
2023-08-08 00:00:00-05:00,1933.3136962074689,1939.363470439834,1930.5701395186722,1936.9360845477179,174.06639004149378,0.0
2023-08-09 00:00:00-05:00,1933.850210427386,1939.832764946058,1931.0904715684646,1937.4323500082987,173.5767634854772,0.0
2023-08-10 00:00:00-05:00,1934.3867246473028,1940.302059452282,1931.6108036182573,1937.9286154688796,173.0871369294606,0.0
2023-08-11 00:00:00-05:00,1934.9232388672199,1940.771353958506,1932.1311356680499,1938.4248809294606,172.59751037344398,0.0
2023-08-12 00:00:00-05:00,1935.459753087137,1941.2406484647304,1932.6514677178423,1938.9211463900415,172.1078838174274,0.0
2023-08-13 00:00:00-05:00,1935.9962673070538,1941.7099429709544,1933.1717997676349,1939.4174118506223,171.6182572614108,0.0
2023-08-14 00:00:00-05:00,1936.532781526971,1942.1792374771785,1933.6921318174275,1939.9136773112034,171.1286307053942,0.0
2023-08-15 00:00:00-05:00,1937.069295746888,1942.6485319834026,1934.2124638672199,1940.4099427717842,170.6390041493776,0.0
2023-08-16 00:00:00-05:00,1937.6058099668048,1943.1178264896266,1934.7327959170125,1940.906208232365,170.149377593361,0.0
2023-08-17 00:00:00-05:00,1938.142324186722,1943.5871209958507,1935.253127966805,1941.402473692946,169.6597510373444,0.0
2023-08-18 00:00:00-05:00,1938.678838406639,1944.0564155020747,1935.7734600165975,1941.898739153527,169.1701244813278,0.0
2023-08-19 00:00:00-05:00,1939.215352626556,1944.5257100082988,1936.29379206639,1942.3950046141078,168.68049792531122,0.0
2023-08-20 00:00:00-05:00,1939.751866846473,1944.9950045145229,1936.8141241161825,1942.8912700746887,168.1908713692946,0.0
2023-08-21 00:00:00-05:00,1940.28838106639,1945.464299020747,1937.334456165975,1943.3875355352698,167.701244813278,0.0
2023-08-22 00:00:00-05:00,1940.824895286307,1945.933593526971,1937.8547882157677,1943.8838009958506,167.21161825726142,0.0
2023-08-23 00:00:00-05:00,1941.361409506224,1946.402888033195,1938.37512026556,1944.3800664564315,166.7219917012448,0.0
2023-08-24 00:00:00-05:00,1941.897923726141,1946.872182539419,1938.8954523153527,1944.8763319170125,166.23236514522821,0.0
2023-08-25 00:00:00-05:00,1942.434437946058,1947.3414770456432,1939.4157843651453,1945.3725973775934,165.74273858921163,0.0
2023-08-26 00:00:00-05:00,1942.9709521659752,1947.8107715518672,1939.9361164149377,1945.8688628381742,165.253112033195,0.0
2023-08-27 00:00:00-05:00,1943.507466385892,1948.2800660580913,1940.4564484647303,1946.3651282987553,164.76348547717842,0.0
2023-08-28 00:00:00-05:00,1944.043980605809,1948.7493605643153,1940.976780514523,1946.8613937593361,164.27385892116183,0.0
2023-08-29 00:00:00-05:00,1944.5804948257262,1949.2186550705394,1941.4971125643153,1947.357659219917,163.78423236514521,0.0
2023-08-30 00:00:00-05:00,1945.117009045643,1949.6879495767635,1942.017444614108,1947.8539246804978,163.29460580912865,0.0
2023-08-31 00:00:00-05:00,1945.6535232655601,1950.1572440829875,1942.5377766639003,1948.3501901410789,162.80497925311204,0.0
2023-09-01 00:00:00-05:00,1946.1900374854772,1950.6265385892116,1943.058108713693,1948.8464556016597,162.31535269709542,0.0
2023-09-02 00:00:00-05:00,1946.726551705394,1951.0958330954356,1943.5784407634856,1949.3427210622406,161.82572614107886,0.0
2023-09-03 00:00:00-05:00,1947.2630659253111,1951.5651276016597,1944.098772813278,1949.8389865228216,161.33609958506224,0.0
2023-09-04 00:00:00-05:00,1947.7995801452282,1952.0344221078838,1944.6191048630706,1950.3352519834025,160.84647302904563,0.0
2023-09-05 00:00:00-05:00,1948.336094365145,1952.5037166141078,1945.1394369128632,1950.8315174439833,160.35684647302907,0.0
2023-09-06 00:00:00-05:00,1948.8726085850622,1952.9730111203319,1945.6597689626556,1951.3277829045644,159.86721991701245,0.0
2023-09-07 00:00:00-05:00,1949.4091228049792,1953.442305626556,1946.1801010124482,1951.8240483651452,159.37759336099586,0.0
2023-09-08 00:00:00-05:00,1949.9456370248963,1953.91160013278,1946.7004330622408,1952.320313825726,158.88796680497927,0.0
2023-09-09 00:00:00-05:00,1950.4821512448132,1954.380894639004,1947.2207651120332,1952.816579286307,158.39834024896265,0.0
2023-09-10 00:00:00-05:00,1951.0186654647302,1954.8501891452281,1947.7410971618258,1953.312844746888,157.90871369294607,0.0
2023-09-11 00:00:00-05:00,1951.5551796846473,1955.3194836514522,1948.2614292116182,1953.8091102074688,157.41908713692948,0.0
2023-09-12 00:00:00-05:00,1952.0916939045642,1955.7887781576762,1948.7817612614108,1954.3053756680497,156.92946058091286,0.0
2023-09-13 00:00:00-05:00,1952.6282081244813,1956.2580726639003,1949.3020933112034,1954.8016411286308,156.43983402489627,0.0
2023-09-14 00:00:00-05:00,1953.1647223443983,1956.7273671701244,1949.8224253609958,1955.2979065892116,155.95020746887968,0.0
2023-09-15 00:00:00-05:00,1953.7012365643154,1957.1966616763484,1950.3427574107884,1955.7941720497925,155.46058091286307,0.0
2023-09-16 00:00:00-05:00,1954.2377507842323,1957.6659561825727,1950.863089460581,1956.2904375103735,154.97095435684648,0.0
2023-09-17 00:00:00-05:00,1954.7742650041494,1958.1352506887968,1951.3834215103734,1956.7867029709544,154.4813278008299,0.0
2023-09-18 00:00:00-05:00,1955.3107792240664,1958.6045451950208,1951.903753560166,1957.2829684315352,153.99170124481327,0.0
2023-09-19 00:00:00-05:00,1955.8472934439833,1959.0738397012449,1952.4240856099586,1957.7792338921163,153.50207468879668,0.0
2023-09-20 00:00:00-05:00,1956.3838076639004,1959.543134207469,1952.944417659751,1958.2754993526971,153.0124481327801,0.0
2023-09-21 00:00:00-05:00,1956.9203218838175,1960.012428713693,1953.4647497095436,1958.771764813278,152.52282157676348,0.0
2023-09-22 00:00:00-05:00,1957.4568361037343,1960.481723219917,1953.985081759336,1959.2680302738588,152.0331950207469,0.0
2023-09-23 00:00:00-05:00,1957.9933503236514,1960.9510177261411,1954.5054138091286,1959.7642957344399,151.5435684647303,0.0
2023-09-24 00:00:00-05:00,1958.5298645435685,1961.4203122323652,1955.0257458589213,1960.2605611950207,151.05394190871368,0.0
2023-09-25 00:00:00-05:00,1959.0663787634855,1961.8896067385892,1955.5460779087136,1960.7568266556016,150.5643153526971,0.0
2023-09-26 00:00:00-05:00,1959.6028929834024,1962.3589012448133,1956.0664099585063,1961.2530921161826,150.0746887966805,0.0
2023-09-27 00:00:00-05:00,1960.1394072033195,1962.8281957510374,1956.5867420082989,1961.7493575767635,149.5850622406639,0.0
2023-09-28 00:00:00-05:00,1960.6759214232366,1963.2974902572614,1957.1070740580913,1962.2456230373443,149.09543568464733,0.0
2023-09-29 00:00:00-05:00,1961.2124356431534,1963.7667847634855,1957.6274061078839,1962.7418884979252,148.6058091286307,0.0
2023-09-30 00:00:00-05:00,1961.7489498630705,1964.2360792697095,1958.1477381576765,1963.2381539585062,148.1161825726141,0.0
2023-10-01 00:00:00-05:00,1962.2854640829876,1964.7053737759336,1958.6680702074689,1963.734419419087,147.62655601659753,0.0
2023-10-02 00:00:00-05:00,1962.8219783029044,1965.1746682821577,1959.1884022572615,1964.230684879668,147.13692946058092,0.0
2023-10-03 00:00:00-05:00,1963.3584925228215,1965.6439627883817,1959.7087343070539,1964.726950340249,146.6473029045643,0.0
2023-10-04 00:00:00-05:00,1963.8950067427386,1966.1132572946058,1960.2290663568465,1965.2232158008298,146.15767634854774,0.0
2023-10-05 00:00:00-05:00,1964.4315209626557,1966.5825518008298,1960.749398406639,1965.7194812614107,145.66804979253112,0.0
2023-10-06 00:00:00-05:00,1964.9680351825725,1967.051846307054,1961.2697304564315,1966.2157467219918,145.17842323651453,0.0
2023-10-07 00:00:00-05:00,1965.5045494024896,1967.521140813278,1961.790062506224,1966.7120121825726,144.68879668049794,0.0
2023-10-08 00:00:00-05:00,1966.0410636224067,1967.990435319502,1962.3103945560167,1967.2082776431535,144.19917012448133,0.0
2023-10-09 00:00:00-05:00,1966.5775778423235,1968.459729825726,1962.830726605809,1967.7045431037345,143.70954356846474,0.0
2023-10-10 00:00:00-05:00,1967.1140920622406,1968.9290243319501,1963.3510586556017,1968.2008085643154,143.21991701244815,0.0
2023-10-11 00:00:00-05:00,1967.6506062821577,1969.3983188381742,1963.8713907053943,1968.6970740248962,142.73029045643153,0.0
2023-10-12 00:00:00-05:00,1968.1871205020745,1969.8676133443983,1964.3917227551867,1969.193339485477,142.24066390041494,0.0
2023-10-13 00:00:00-05:00,1968.7236347219916,1970.3369078506223,1964.9120548049793,1969.6896049460581,141.75103734439836,0.0
2023-10-14 00:00:00-05:00,1969.2601489419087,1970.8062023568464,1965.4323868547717,1970.185870406639,141.26141078838174,0.0
2023-10-15 00:00:00-05:00,1969.7966631618258,1971.2754968630704,1965.9527189045643,1970.6821358672198,140.77178423236515,0.0
2023-10-16 00:00:00-05:00,1970.3331773817426,1971.7447913692945,1966.473050954357,1971.1784013278009,140.28215767634856,0.0
2023-10-17 00:00:00-05:00,1970.8696916016597,1972.2140858755185,1966.9933830041493,1971.6746667883817,139.79253112033194,0.0
2023-10-18 00:00:00-05:00,1971.4062058215768,1972.6833803817426,1967.513715053942,1972.1709322489626,139.30290456431536,0.0
2023-10-19 00:00:00-05:00,1971.9427200414937,1973.152674887967,1968.0340471037346,1972.6671977095436,138.81327800829877,0.0
2023-10-20 00:00:00-05:00,1972.4792342614107,1973.6219693941907,1968.554379153527,1973.1634631701245,138.32365145228215,0.0
2023-10-21 00:00:00-05:00,1973.0157484813278,1974.091263900415,1969.0747112033196,1973.6597286307053,137.83402489626556,0.0
2023-10-22 00:00:00-05:00,1973.5522627012447,1974.560558406639,1969.595043253112,1974.1559940912862,137.34439834024897,0.0
2023-10-23 00:00:00-05:00,1974.0887769211618,1975.0298529128631,1970.1153753029046,1974.6522595518672,136.85477178423236,0.0
2023-10-24 00:00:00-05:00,1974.6252911410788,1975.4991474190872,1970.6357073526972,1975.148525012448,136.36514522821577,0.0
2023-10-25 00:00:00-05:00,1975.161805360996,1975.9684419253113,1971.1560394024896,1975.644790473029,135.87551867219918,0.0
2023-10-26 00:00:00-05:00,1975.6983195809128,1976.4377364315353,1971.6763714522822,1976.14105593361,135.38589211618256,0.0
2023-10-27 00:00:00-05:00,1976.2348338008298,1976.9070309377594,1972.1967035020748,1976.6373213941908,134.896265560166,0.0
2023-10-28 00:00:00-05:00,1976.771348020747,1977.3763254439834,1972.7170355518672,1977.1335868547717,134.40663900414938,0.0
2023-10-29 00:00:00-05:00,1977.3078622406638,1977.8456199502075,1973.2373676016598,1977.6298523153528,133.91701244813277,0.0
2023-10-30 00:00:00-05:00,1977.8443764605809,1978.3149144564316,1973.7576996514524,1978.1261177759336,133.4273858921162,0.0
2023-10-31 00:00:00-05:00,1978.380890680498,1978.7842089626556,1974.2780317012448,1978.6223832365145,132.9377593360996,0.0
2023-11-01 00:00:00-05:00,1978.917404900415,1979.2535034688797,1974.7983637510374,1979.1186486970955,132.44813278008297,0.0
2023-11-02 00:00:00-05:00,1979.4539191203319,1979.7227979751037,1975.3186958008298,1979.6149141576764,131.9585062240664,0.0
2023-11-03 00:00:00-05:00,1979.990433340249,1980.1920924813278,1975.8390278506224,1980.1111796182572,131.4688796680498,0.0
2023-11-04 00:00:00-05:00,1980.526947560166,1980.6613869875519,1976.359359900415,1980.607445078838,130.9792531120332,0.0
2023-11-05 00:00:00-05:00,1981.063461780083,1981.130681493776,1976.8796919502074,1981.1037105394191,130.48962655601662,0.0
2023-11-06 00:00:00-05:00,1981.599976,1981.599976,1977.400024,1981.599976,130.0,0.0
2023-11-07 00:00:00-05:00,1966.5,1966.800049,1960.699951,1966.800049,20.0,0.0
2023-11-08 00:00:00-05:00,1967.800049,1967.800049,1947.699951,1951.5,43.0,0.0
2023-11-09 00:00:00-05:00,1951.699951,1964.199951,1945.300049,1964.199951,10.0,0.0
2023-11-10 00:00:00-05:00,1959.599976,1959.599976,1932.599976,1932.599976,375.0,0.0
2023-11-11 00:00:00-05:00,1953.0333253333333,1955.4666343333333,1933.0666506666666,1936.899984,313.6666666666667,0.0
2023-11-12 00:00:00-05:00,1946.4666746666667,1951.3332926666667,1933.5333253333333,1941.199992,252.33333333333331,0.0
2023-11-13 00:00:00-05:00,1939.900024,1947.199951,1934.0,1945.5,191.0,0.0
2023-11-14 00:00:00-05:00,1965.800049,1965.800049,1961.800049,1961.800049,2.0,0.0
2023-11-15 00:00:00-05:00,1962.800049,1962.800049,1960.0,1960.099976,6.0,0.0
2023-11-16 00:00:00-05:00,1965.300049,1983.900024,1964.599976,1983.900024,39.0,0.0
2023-11-17 00:00:00-05:00,1982.5,1984.0,1979.800049,1981.599976,32.0,0.0
2023-11-18 00:00:00-05:00,1981.233317,1982.4666746666667,1976.4333496666666,1980.2999676666666,82.0,0.0
2023-11-19 00:00:00-05:00,1979.966634,1980.9333493333334,1973.0666503333334,1978.9999593333334,132.0,0.0
2023-11-20 00:00:00-05:00,1978.699951,1979.400024,1969.699951,1977.699951,182.0,0.0
2023-11-21 00:00:00-05:00,1990.699951,2005.5,1988.5,1999.300049,16.0,0.0
2023-11-22 00:00:00-05:00,1999.099976,1999.400024,1991.0,1991.400024,6075.0,0.0
2023-11-23 00:00:00-05:00,1995.5,2000.7999875,1991.25,1996.7999875,3069.0,0.0
2023-11-24 00:00:00-05:00,1991.900024,2002.199951,1991.5,2002.199951,63.0,0.0
2023-11-25 00:00:00-05:00,1998.4999996666668,2005.3999836666667,1998.233317,2005.3999836666667,118.0,0.0
2023-11-26 00:00:00-05:00,2005.0999753333333,2008.6000163333333,2004.966634,2008.6000163333333,173.0,0.0
2023-11-27 00:00:00-05:00,2011.699951,2011.800049,2011.699951,2011.800049,228.0,0.0
2023-11-28 00:00:00-05:00,2040.599976,2042.699951,2039.699951,2039.699951,38572.4,0.0
2023-11-29 00:00:00-05:00,2041.699951,2052.100098,2036.0,2047.099976,15290.0,0.0
2023-11-30 00:00:00-05:00,2046.099976,2047.099976,2033.099976,2038.099976,2506.0,0.0
2023-12-01 00:00:00-05:00,2038.300049,2073.199951,2036.0,2071.0,614.0,0.0
2023-12-02 00:00:00-05:00,2050.6333823333334,2092.199951,2031.0,2055.366658666667,766.3333333333334,0.0
2023-12-03 00:00:00-05:00,2062.9667156666665,2111.199951,2026.0,2039.7333173333334,918.6666666666667,0.0
2023-12-04 00:00:00-05:00,2075.300049,2130.199951,2021.0,2024.099976,1071.0,0.0
2023-12-05 00:00:00-05:00,2035.099976,2037.0,2010.199951,2018.5,289.0,0.0
2023-12-06 00:00:00-05:00,2019.900024,2035.800049,2019.0,2030.5,417.0,0.0
2023-12-07 00:00:00-05:00,2029.199951,2034.900024,2024.0,2029.900024,67.0,0.0
2023-12-08 00:00:00-05:00,2031.699951,2033.099976,1995.0,1998.300049,449.0,0.0
2023-12-09 00:00:00-05:00,2022.4999593333334,2023.4666343333333,1989.0666503333334,1991.533366,516.3333333333334,0.0
2023-12-10 00:00:00-05:00,2013.2999676666666,2013.8332926666667,1983.1333006666666,1984.766683,583.6666666666666,0.0
2023-12-11 00:00:00-05:00,2004.099976,2004.199951,1977.199951,1978.0,651.0,0.0
2023-12-12 00:00:00-05:00,1984.199951,1994.199951,1977.800049,1977.800049,95.0,0.0
2023-12-13 00:00:00-05:00,1978.5,2024.800049,1975.0,1982.300049,2252.0,0.0
2023-12-14 00:00:00-05:00,2024.699951,2040.099976,2024.300049,2030.199951,236.0,0.0
2023-12-15 00:00:00-05:00,2032.599976,2043.400024,2018.300049,2021.099976,261.0,0.0
2023-12-16 00:00:00-05:00,2029.8333336666667,2039.866699,2020.2000326666666,2022.8333336666667,207.33333333333334,0.0
2023-12-17 00:00:00-05:00,2027.0666913333332,2036.333374,2022.1000163333333,2024.5666913333332,153.66666666666669,0.0
2023-12-18 00:00:00-05:00,2024.300049,2032.800049,2024.0,2026.300049,100.0,0.0
2023-12-19 00:00:00-05:00,2025.199951,2042.699951,2025.199951,2038.400024,498.0,0.0
2023-12-20 00:00:00-05:00,2037.099976,2037.099976,2030.300049,2034.5,258.0,0.0
2023-12-21 00:00:00-05:00,2035.800049,2044.5,2033.0,2039.099976,228.0,0.0
2023-12-22 00:00:00-05:00,2055.699951,2068.699951,2052.199951,2057.100098,202.0,0.0
2023-12-23 00:00:00-05:00,2056.77496325,2066.7249755000003,2052.699951,2057.37506125,167.5,0.0
2023-12-24 00:00:00-05:00,2057.8499755000003,2064.75,2053.199951,2057.6500244999997,133.0,0.0
2023-12-25 00:00:00-05:00,2058.92498775,2062.7750244999997,2053.699951,2057.92498775,98.5,0.0
2023-12-26 00:00:00-05:00,2060.0,2060.800049,2054.199951,2058.199951,64.0,0.0
2023-12-27 00:00:00-05:00,2067.300049,2081.899902,2064.800049,2081.899902,586.0,0.0
2023-12-28 00:00:00-05:00,2081.600098,2087.300049,2066.5,2073.899902,338.0,0.0
2023-12-29 00:00:00-05:00,2068.0,2068.899902,2062.100098,2062.399902,47.0,0.0
2023-12-30 00:00:00-05:00,2066.875,2070.09991425,2060.850098,2062.899902,50.5,0.0
2023-12-31 00:00:00-05:00,2065.75,2071.2999265,2059.600098,2063.399902,54.0,0.0
2024-01-01 00:00:00-05:00,2064.625,2072.49993875,2058.350098,2063.899902,57.5,0.0
2024-01-02 00:00:00-05:00,2063.5,2073.699951,2057.100098,2064.399902,61.0,0.0
2024-01-03 00:00:00-05:00,2034.199951,2044.0,2034.199951,2034.199951,54.0,0.0
2024-01-04 00:00:00-05:00,2041.599976,2044.5,2038.0,2042.300049,88.0,0.0
2024-01-05 00:00:00-05:00,2044.5,2048.100098,2042.400024,2042.400024,12.0,0.0
2024-01-06 00:00:00-05:00,2036.0333253333333,2043.300049,2034.6333413333334,2037.1333413333334,11.333333333333334,0.0
2024-01-07 00:00:00-05:00,2027.5666506666666,2038.5,2026.8666586666666,2031.8666586666666,10.666666666666666,0.0
2024-01-08 00:00:00-05:00,2019.099976,2033.699951,2019.099976,2026.599976,10.0,0.0
2024-01-09 00:00:00-05:00,2035.800049,2035.800049,2026.400024,2026.400024,27.0,0.0
2024-01-10 00:00:00-05:00,2029.0,2035.599976,2021.699951,2021.699951,538.0,0.0
2024-01-11 00:00:00-05:00,2025.099976,2025.099976,2014.300049,2014.300049,97.0,0.0
2024-01-12 00:00:00-05:00,2031.099976,2057.0,2031.099976,2046.699951,390.0,0.0
2024-01-13 00:00:00-05:00,2036.24996975,2056.45001225,2029.824982,2041.52496325,304.0,0.0
2024-01-14 00:00:00-05:00,2041.3999635,2055.9000244999997,2028.549988,2036.3499755,218.0,0.0
2024-01-15 00:00:00-05:00,2046.54995725,2055.35003675,2027.2749939999999,2031.1749877500001,132.0,0.0
2024-01-16 00:00:00-05:00,2051.699951,2054.800049,2026.0,2026.0,46.0,0.0
2024-01-17 00:00:00-05:00,2026.5,2026.5,2002.599976,2002.599976,764.0,0.0
2024-01-18 00:00:00-05:00,2012.800049,2018.599976,2009.5,2018.599976,1474.0,0.0
2024-01-19 00:00:00-05:00,2023.199951,2036.0,2019.5,2026.5,50.0,0.0
2024-01-20 00:00:00-05:00,2022.5666503333334,2031.1000163333333,2019.6000163333333,2024.266683,37.333333333333336,0.0
2024-01-21 00:00:00-05:00,2021.9333496666666,2026.2000326666666,2019.7000326666666,2022.033366,24.666666666666668,0.0
2024-01-22 00:00:00-05:00,2021.300049,2021.300049,2019.800049,2019.800049,12.0,0.0
2024-01-23 00:00:00-05:00,2030.300049,2030.300049,2022.5,2023.699951,15.0,0.0
2024-01-24 00:00:00-05:00,2023.199951,2033.199951,2013.900024,2013.900024,253.0,0.0
2024-01-25 00:00:00-05:00,2012.099976,2022.400024,2012.099976,2016.900024,548.0,0.0
2024-01-26 00:00:00-05:00,2021.699951,2022.400024,2016.800049,2016.800049,49.0,0.0
2024-01-27 00:00:00-05:00,2022.8666176666668,2023.333333,2019.6000163333333,2019.6000163333333,50268.666666666664,0.0
2024-01-28 00:00:00-05:00,2024.0332843333333,2024.266642,2022.3999836666667,2022.3999836666667,65684.2,0.0
2024-01-29 00:00:00-05:00,2025.199951,2025.199951,2025.199951,2025.199951,66075.8,0.0
2024-01-30 00:00:00-05:00,2032.5,2048.5,2028.099976,2031.5,26907.0,0.0
2024-01-31 00:00:00-05:00,2035.400024,2055.0,2030.0,2048.399902,2007.0,0.0
2024-02-01 00:00:00-05:00,2040.199951,2064.5,2029.0,2053.0,947.0,0.0
2024-02-02 00:00:00-05:00,2054.800049,2055.899902,2027.699951,2036.099976,888.0,0.0
2024-02-03 00:00:00-05:00,2049.500040666667,2050.8666176666666,2023.0666503333334,2032.633301,729.3333333333334,0.0
2024-02-04 00:00:00-05:00,2044.2000323333334,2045.8333333333333,2018.4333496666666,2029.166626,570.6666666666667,0.0
2024-02-05 00:00:00-05:00,2038.900024,2040.800049,2013.800049,2025.699951,412.0,0.0
2024-02-06 00:00:00-05:00,2025.900024,2037.300049,2025.900024,2034.5,249.0,0.0
2024-02-07 00:00:00-05:00,2032.800049,2039.5,2032.699951,2035.199951,71.0,0.0
2024-02-08 00:00:00-05:00,2028.0,2036.699951,2020.300049,2032.199951,341.0,0.0
2024-02-09 00:00:00-05:00,2032.0,2032.0,2020.0,2023.300049,62.0,0.0
2024-02-10 00:00:00-05:00,2029.8333333333333,2029.8333333333333,2017.199992,2021.6000163333333,147.0,0.0
2024-02-11 00:00:00-05:00,2027.6666666666667,2027.6666666666667,2014.399984,2019.8999836666667,232.0,0.0
2024-02-12 00:00:00-05:00,2025.5,2025.5,2011.599976,2018.199951,317.0,0.0
2024-02-13 00:00:00-05:00,2025.099976,2025.800049,1990.0,1992.900024,198.0,0.0
2024-02-14 00:00:00-05:00,1990.300049,1993.5,1984.800049,1990.300049,1916.0,0.0
2024-02-15 00:00:00-05:00,1993.599976,2007.199951,1993.599976,2002.099976,286.0,0.0
2024-02-16 00:00:00-05:00,2005.0,2011.5,1996.5,2011.5,32.0,0.0
2024-02-17 00:00:00-05:00,2007.6499939999999,2015.875,2001.2749939999999,2015.5,355.5,0.0
2024-02-18 00:00:00-05:00,2010.299988,2020.25,2006.049988,2019.5,679.0,0.0
2024-02-19 00:00:00-05:00,2012.949982,2024.625,2010.824982,2023.5,1002.5,0.0
2024-02-20 00:00:00-05:00,2015.599976,2029.0,2015.599976,2027.5,1326.0,0.0
2024-02-21 00:00:00-05:00,2028.199951,2028.199951,2022.300049,2022.300049,15.0,0.0
2024-02-22 00:00:00-05:00,2033.199951,2033.199951,2019.699951,2019.699951,964.0,0.0
2024-02-23 00:00:00-05:00,2026.0,2038.599976,2014.900024,2038.599976,22.0,0.0
2024-02-24 00:00:00-05:00,2028.699992,2037.5333253333333,2018.2000323333334,2035.2333173333334,62.333333333333336,0.0
2024-02-25 00:00:00-05:00,2031.399984,2036.4666746666667,2021.5000406666666,2031.8666586666666,102.66666666666667,0.0
2024-02-26 00:00:00-05:00,2034.099976,2035.400024,2024.800049,2028.5,143.0,0.0
2024-02-27 00:00:00-05:00,2035.900024,2035.900024,2034.0,2034.0,964.0,0.0
2024-02-28 00:00:00-05:00,2029.5,2037.0,2024.800049,2033.0,581.0,0.0
2024-02-29 00:00:00-05:00,2034.300049,2049.800049,2034.300049,2045.699951,706.0,0.0
2024-03-01 00:00:00-05:00,2043.099976,2086.899902,2041.800049,2086.899902,1210.0,0.0
2024-03-02 00:00:00-05:00,2056.6000166666668,2097.8666176666666,2054.766683,2097.166585,1075.0,0.0
2024-03-03 00:00:00-05:00,2070.100057333333,2108.8333333333335,2067.733317,2107.433268,940.0,0.0
2024-03-04 00:00:00-05:00,2083.600098,2119.800049,2080.699951,2117.699951,805.0,0.0
2024-03-05 00:00:00-05:00,2114.899902,2133.5,2111.399902,2133.5,1287.0,0.0
2024-03-06 00:00:00-05:00,2125.5,2150.300049,2125.5,2150.300049,443.0,0.0
2024-03-07 00:00:00-05:00,2147.0,2163.0,2147.0,2158.0,152.0,0.0
2024-03-08 00:00:00-05:00,2167.300049,2194.899902,2166.300049,2178.600098,259.0,0.0
2024-03-09 00:00:00-05:00,2169.6618745228216,2197.1496953443984,2168.6643645560166,2180.9133760082987,257.99170124481327,0.0
2024-03-10 00:00:00-05:00,2172.023700045643,2199.3994886887967,2171.0286801120333,2183.2266540165974,256.98340248962654,0.0
2024-03-11 00:00:00-05:00,2174.385525568465,2201.649282033195,2173.39299566805,2185.539932024896,255.97510373443984,0.0
2024-03-12 00:00:00-05:00,2176.7473510912864,2203.8990753775934,2175.757311224066,2187.853210033195,254.9668049792531,0.0
2024-03-13 00:00:00-05:00,2179.109176614108,2206.1488687219917,2178.121626780083,2190.1664880414937,253.95850622406638,0.0
2024-03-14 00:00:00-05:00,2181.471002136929,2208.39866206639,2180.4859423360995,2192.4797660497925,252.95020746887968,0.0
2024-03-15 00:00:00-05:00,2183.832827659751,2210.6484554107883,2182.850257892116,2194.7930440580913,251.94190871369295,0.0
2024-03-16 00:00:00-05:00,2186.1946531825724,2212.8982487551866,2185.214573448133,2197.10632206639,250.93360995850622,0.0
2024-03-17 00:00:00-05:00,2188.556478705394,2215.1480420995854,2187.5788890041495,2199.419600074689,249.9253112033195,0.0
2024-03-18 00:00:00-05:00,2190.9183042282157,2217.3978354439837,2189.943204560166,2201.7328780829876,248.91701244813277,0.0
2024-03-19 00:00:00-05:00,2193.2801297510373,2219.647628788382,2192.3075201161823,2204.0461560912863,247.90871369294607,0.0
2024-03-20 00:00:00-05:00,2195.641955273859,2221.8974221327803,2194.671835672199,2206.359434099585,246.90041493775934,0.0
2024-03-21 00:00:00-05:00,2198.0037807966805,2224.1472154771786,2197.0361512282157,2208.672712107884,245.8921161825726,0.0
2024-03-22 00:00:00-05:00,2200.365606319502,2226.397008821577,2199.4004667842323,2210.9859901161826,244.8838174273859,0.0
2024-03-23 00:00:00-05:00,2202.7274318423238,2228.6468021659753,2201.764782340249,2213.2992681244814,243.87551867219918,0.0
2024-03-24 00:00:00-05:00,2205.0892573651454,2230.8965955103736,2204.1290978962656,2215.61254613278,242.86721991701245,0.0
2024-03-25 00:00:00-05:00,2207.4510828879665,2233.146388854772,2206.4934134522823,2217.925824141079,241.85892116182572,0.0
2024-03-26 00:00:00-05:00,2209.812908410788,2235.39618219917,2208.8577290082985,2220.2391021493777,240.850622406639,0.0
2024-03-27 00:00:00-05:00,2212.17473393361,2237.6459755435685,2211.222044564315,2222.5523801576765,239.8423236514523,0.0
2024-03-28 00:00:00-05:00,2214.5365594564314,2239.895768887967,2213.586360120332,2224.865658165975,238.83402489626556,0.0
2024-03-29 00:00:00-05:00,2216.898384979253,2242.145562232365,2215.9506756763485,2227.1789361742735,237.82572614107883,0.0
2024-03-30 00:00:00-05:00,2219.2602105020746,2244.3953555767634,2218.314991232365,2229.4922141825723,236.81742738589213,0.0
2024-03-31 00:00:00-05:00,2221.6220360248963,2246.6451489211618,2220.679306788382,2231.805492190871,235.8091286307054,0.0
2024-04-01 00:00:00-05:00,2223.983861547718,2248.89494226556,2223.0436223443985,2234.11877019917,234.80082987551867,0.0
2024-04-02 00:00:00-05:00,2226.3456870705395,2251.1447356099584,2225.4079379004147,2236.4320482074686,233.79253112033194,0.0
2024-04-03 00:00:00-05:00,2228.707512593361,2253.394528954357,2227.7722534564314,2238.7453262157674,232.78423236514521,0.0
2024-04-04 00:00:00-05:00,2231.0693381161827,2255.6443222987555,2230.136569012448,2241.058604224066,231.7759336099585,0.0
2024-04-05 00:00:00-05:00,2233.431163639004,2257.894115643154,2232.5008845684647,2243.371882232365,230.76763485477179,0.0
2024-04-06 00:00:00-05:00,2235.7929891618255,2260.143908987552,2234.8652001244814,2245.6851602406637,229.75933609958506,0.0
2024-04-07 00:00:00-05:00,2238.154814684647,2262.3937023319504,2237.229515680498,2247.9984382489624,228.75103734439836,0.0
2024-04-08 00:00:00-05:00,2240.5166402074688,2264.6434956763487,2239.5938312365142,2250.311716257261,227.74273858921163,0.0
2024-04-09 00:00:00-05:00,2242.8784657302904,2266.893289020747,2241.958146792531,2252.62499426556,226.7344398340249,0.0
2024-04-10 00:00:00-05:00,2245.240291253112,2269.1430823651453,2244.3224623485476,2254.9382722738587,225.72614107883817,0.0
2024-04-11 00:00:00-05:00,2247.6021167759336,2271.3928757095437,2246.686777904564,2257.2515502821575,224.71784232365144,0.0
2024-04-12 00:00:00-05:00,2249.9639422987552,2273.642669053942,2249.051093460581,2259.5648282904563,223.70954356846474,0.0
2024-04-13 00:00:00-05:00,2252.325767821577,2275.8924623983403,2251.4154090165976,2261.878106298755,222.701244813278,0.0
2024-04-14 00:00:00-05:00,2254.6875933443985,2278.1422557427386,2253.779724572614,2264.191384307054,221.69294605809128,0.0
2024-04-15 00:00:00-05:00,2257.04941886722,2280.392049087137,2256.1440401286304,2266.5046623153526,220.68464730290458,0.0
2024-04-16 00:00:00-05:00,2259.4112443900412,2282.641842431535,2258.508355684647,2268.8179403236513,219.67634854771785,0.0
2024-04-17 00:00:00-05:00,2261.773069912863,2284.8916357759335,2260.8726712406637,2271.13121833195,218.66804979253112,0.0
2024-04-18 00:00:00-05:00,2264.1348954356845,2287.141429120332,2263.2369867966804,2273.444496340249,217.6597510373444,0.0
2024-04-19 00:00:00-05:00,2266.496720958506,2289.39122246473,2265.601302352697,2275.7577743485476,216.65145228215766,0.0
2024-04-20 00:00:00-05:00,2268.8585464813277,2291.6410158091285,2267.9656179087137,2278.0710523568464,215.64315352697096,0.0
2024-04-21 00:00:00-05:00,2271.2203720041493,2293.8908091535272,2270.3299334647304,2280.384330365145,214.63485477178423,0.0
2024-04-22 00:00:00-05:00,2273.582197526971,2296.1406024979256,2272.6942490207466,2282.697608373444,213.6265560165975,0.0
2024-04-23 00:00:00-05:00,2275.9440230497926,2298.390395842324,2275.0585645767633,2285.0108863817427,212.6182572614108,0.0
2024-04-24 00:00:00-05:00,2278.305848572614,2300.640189186722,2277.42288013278,2287.3241643900415,211.60995850622407,0.0
2024-04-25 00:00:00-05:00,2280.667674095436,2302.8899825311205,2279.7871956887966,2289.63744239834,210.60165975103735,0.0
2024-04-26 00:00:00-05:00,2283.0294996182574,2305.139775875519,2282.1515112448133,2291.950720406639,209.59336099585062,0.0
2024-04-27 00:00:00-05:00,2285.3913251410786,2307.389569219917,2284.51582680083,2294.2639984149378,208.5850622406639,0.0
2024-04-28 00:00:00-05:00,2287.7531506639,2309.6393625643154,2286.8801423568466,2296.5772764232365,207.5767634854772,0.0
2024-04-29 00:00:00-05:00,2290.114976186722,2311.8891559087137,2289.244457912863,2298.8905544315353,206.56846473029046,0.0
2024-04-30 00:00:00-05:00,2292.4768017095435,2314.138949253112,2291.6087734688795,2301.203832439834,205.56016597510373,0.0
2024-05-01 00:00:00-05:00,2294.838627232365,2316.3887425975104,2293.973089024896,2303.517110448133,204.55186721991703,0.0
2024-05-02 00:00:00-05:00,2297.2004527551867,2318.6385359419087,2296.337404580913,2305.8303884564316,203.5435684647303,0.0
2024-05-03 00:00:00-05:00,2299.5622782780083,2320.888329286307,2298.7017201369295,2308.1436664647304,202.53526970954357,0.0
2024-05-04 00:00:00-05:00,2301.92410380083,2323.1381226307053,2301.066035692946,2310.456944473029,201.52697095435684,0.0
2024-05-05 00:00:00-05:00,2304.2859293236515,2325.3879159751036,2303.430351248963,2312.770222481328,200.5186721991701,0.0
2024-05-06 00:00:00-05:00,2306.647754846473,2327.637709319502,2305.794666804979,2315.0835004896267,199.5103734439834,0.0
2024-05-07 00:00:00-05:00,2309.009580369295,2329.8875026639002,2308.1589823609957,2317.3967784979254,198.50207468879668,0.0
2024-05-08 00:00:00-05:00,2311.371405892116,2332.137296008299,2310.5232979170123,2319.7100565062237,197.49377593360995,0.0
2024-05-09 00:00:00-05:00,2313.7332314149376,2334.3870893526973,2312.887613473029,2322.0233345145225,196.48547717842325,0.0
2024-05-10 00:00:00-05:00,2316.095056937759,2336.6368826970956,2315.2519290290456,2324.3366125228213,195.47717842323652,0.0
2024-05-11 00:00:00-05:00,2318.456882460581,2338.886676041494,2317.6162445850623,2326.64989053112,194.4688796680498,0.0
2024-05-12 00:00:00-05:00,2320.8187079834024,2341.1364693858923,2319.980560141079,2328.963168539419,193.46058091286307,0.0
2024-05-13 00:00:00-05:00,2323.180533506224,2343.3862627302906,2322.344875697095,2331.2764465477176,192.45228215767634,0.0
2024-05-14 00:00:00-05:00,2325.5423590290457,2345.636056074689,2324.709191253112,2333.5897245560163,191.44398340248964,0.0
2024-05-15 00:00:00-05:00,2327.9041845518673,2347.885849419087,2327.0735068091285,2335.903002564315,190.4356846473029,0.0
2024-05-16 00:00:00-05:00,2330.266010074689,2350.1356427634855,2329.437822365145,2338.216280572614,189.42738589211618,0.0
2024-05-17 00:00:00-05:00,2332.6278355975105,2352.385436107884,2331.802137921162,2340.5295585809126,188.41908713692948,0.0
2024-05-18 00:00:00-05:00,2334.989661120332,2354.635229452282,2334.1664534771785,2342.8428365892114,187.41078838174275,0.0
2024-05-19 00:00:00-05:00,2337.3514866431533,2356.8850227966805,2336.5307690331947,2345.15611459751,186.40248962655602,0.0
2024-05-20 00:00:00-05:00,2339.713312165975,2359.1348161410788,2338.8950845892114,2347.469392605809,185.3941908713693,0.0
2024-05-21 00:00:00-05:00,2342.0751376887965,2361.384609485477,2341.259400145228,2349.7826706141077,184.38589211618256,0.0
2024-05-22 00:00:00-05:00,2344.436963211618,2363.6344028298754,2343.6237157012447,2352.0959486224065,183.37759336099586,0.0
2024-05-23 00:00:00-05:00,2346.7987887344398,2365.8841961742737,2345.9880312572614,2354.4092266307052,182.36929460580913,0.0
2024-05-24 00:00:00-05:00,2349.1606142572614,2368.133989518672,2348.352346813278,2356.722504639004,181.3609958506224,0.0
2024-05-25 00:00:00-05:00,2351.522439780083,2370.3837828630703,2350.7166623692947,2359.0357826473028,180.3526970954357,0.0
2024-05-26 00:00:00-05:00,2353.8842653029046,2372.633576207469,2353.0809779253113,2361.3490606556015,179.34439834024897,0.0
2024-05-27 00:00:00-05:00,2356.2460908257262,2374.8833695518674,2355.4452934813276,2363.6623386639003,178.33609958506224,0.0
2024-05-28 00:00:00-05:00,2358.607916348548,2377.1331628962657,2357.809609037344,2365.975616672199,177.3278008298755,0.0
2024-05-29 00:00:00-05:00,2360.9697418713695,2379.382956240664,2360.173924593361,2368.288894680498,176.31950207468878,0.0
2024-05-30 00:00:00-05:00,2363.3315673941906,2381.6327495850624,2362.5382401493775,2370.6021726887966,175.31120331950208,0.0
2024-05-31 00:00:00-05:00,2365.6933929170123,2383.8825429294607,2364.902555705394,2372.9154506970954,174.30290456431536,0.0
2024-06-01 00:00:00-05:00,2368.055218439834,2386.132336273859,2367.266871261411,2375.228728705394,173.29460580912863,0.0
2024-06-02 00:00:00-05:00,2370.4170439626555,2388.3821296182573,2369.631186817427,2377.542006713693,172.28630705394193,0.0
2024-06-03 00:00:00-05:00,2372.778869485477,2390.6319229626556,2371.9955023734437,2379.8552847219917,171.2780082987552,0.0
2024-06-04 00:00:00-05:00,2375.1406950082987,2392.881716307054,2374.3598179294604,2382.1685627302904,170.26970954356847,0.0
2024-06-05 00:00:00-05:00,2377.5025205311204,2395.1315096514522,2376.724133485477,2384.481840738589,169.26141078838174,0.0
2024-06-06 00:00:00-05:00,2379.864346053942,2397.3813029958505,2379.0884490414937,2386.795118746888,168.253112033195,0.0
2024-06-07 00:00:00-05:00,2382.2261715767636,2399.631096340249,2381.4527645975104,2389.1083967551867,167.2448132780083,0.0
2024-06-08 00:00:00-05:00,2384.587997099585,2401.880889684647,2383.817080153527,2391.4216747634855,166.23651452282158,0.0
2024-06-09 00:00:00-05:00,2386.949822622407,2404.1306830290455,2386.1813957095433,2393.7349527717843,165.22821576763485,0.0
2024-06-10 00:00:00-05:00,2389.311648145228,2406.380476373444,2388.54571126556,2396.048230780083,164.21991701244815,0.0
2024-06-11 00:00:00-05:00,2391.6734736680496,2408.6302697178426,2390.9100268215766,2398.361508788382,163.21161825726142,0.0
2024-06-12 00:00:00-05:00,2394.0352991908712,2410.880063062241,2393.2743423775933,2400.6747867966806,162.2033195020747,0.0
2024-06-13 00:00:00-05:00,2396.397124713693,2413.129856406639,2395.63865793361,2402.9880648049793,161.19502074688796,0.0
2024-06-14 00:00:00-05:00,2398.7589502365145,2415.3796497510375,2398.0029734896266,2405.301342813278,160.18672199170123,0.0
2024-06-15 00:00:00-05:00,2401.120775759336,2417.629443095436,2400.3672890456432,2407.614620821577,159.17842323651453,0.0
2024-06-16 00:00:00-05:00,2403.4826012821577,2419.879236439834,2402.7316046016595,2409.9278988298756,158.1701244813278,0.0
2024-06-17 00:00:00-05:00,2405.8444268049793,2422.1290297842324,2405.095920157676,2412.2411768381744,157.16182572614107,0.0
2024-06-18 00:00:00-05:00,2408.206252327801,2424.3788231286308,2407.460235713693,2414.554454846473,156.15352697095437,0.0
2024-06-19 00:00:00-05:00,2410.5680778506226,2426.628616473029,2409.8245512697094,2416.867732854772,155.14522821576764,0.0
2024-06-20 00:00:00-05:00,2412.929903373444,2428.8784098174274,2412.188866825726,2419.1810108630702,154.13692946058092,0.0
2024-06-21 00:00:00-05:00,2415.2917288962653,2431.1282031618257,2414.5531823817428,2421.494288871369,153.1286307053942,0.0
2024-06-22 00:00:00-05:00,2417.653554419087,2433.377996506224,2416.9174979377594,2423.807566879668,152.12033195020746,0.0
2024-06-23 00:00:00-05:00,2420.0153799419086,2435.6277898506223,2419.2818134937756,2426.1208448879665,151.11203319502076,0.0
2024-06-24 00:00:00-05:00,2422.37720546473,2437.8775831950206,2421.6461290497923,2428.4341228962653,150.10373443983403,0.0
2024-06-25 00:00:00-05:00,2424.739030987552,2440.127376539419,2424.010444605809,2430.747400904564,149.0954356846473,0.0
2024-06-26 00:00:00-05:00,2427.1008565103734,2442.3771698838173,2426.3747601618256,2433.060678912863,148.0871369294606,0.0
2024-06-27 00:00:00-05:00,2429.462682033195,2444.6269632282156,2428.7390757178423,2435.3739569211616,147.07883817427387,0.0
2024-06-28 00:00:00-05:00,2431.8245075560167,2446.876756572614,2431.103391273859,2437.6872349294604,146.07053941908714,0.0
2024-06-29 00:00:00-05:00,2434.1863330788383,2449.126549917012,2433.467706829875,2440.000512937759,145.0622406639004,0.0
2024-06-30 00:00:00-05:00,2436.54815860166,2451.376343261411,2435.832022385892,2442.313790946058,144.05394190871368,0.0
2024-07-01 00:00:00-05:00,2438.9099841244815,2453.6261366058093,2438.1963379419085,2444.6270689543567,143.04564315352698,0.0
2024-07-02 00:00:00-05:00,2441.2718096473027,2455.8759299502076,2440.560653497925,2446.9403469626554,142.03734439834025,0.0
2024-07-03 00:00:00-05:00,2443.6336351701243,2458.125723294606,2442.924969053942,2449.253624970954,141.02904564315352,0.0
2024-07-04 00:00:00-05:00,2445.995460692946,2460.375516639004,2445.2892846099585,2451.566902979253,140.02074688796682,0.0
2024-07-05 00:00:00-05:00,2448.3572862157675,2462.6253099834025,2447.653600165975,2453.8801809875517,139.0124481327801,0.0
2024-07-06 00:00:00-05:00,2450.719111738589,2464.875103327801,2450.017915721992,2456.1934589958505,138.00414937759336,0.0
2024-07-07 00:00:00-05:00,2453.080937261411,2467.124896672199,2452.382231278008,2458.5067370041493,136.99585062240664,0.0
2024-07-08 00:00:00-05:00,2455.4427627842324,2469.3746900165975,2454.7465468340247,2460.820015012448,135.9875518672199,0.0
2024-07-09 00:00:00-05:00,2457.804588307054,2471.624483360996,2457.1108623900413,2463.133293020747,134.9792531120332,0.0
2024-07-10 00:00:00-05:00,2460.1664138298756,2473.874276705394,2459.475177946058,2465.4465710290456,133.97095435684648,0.0
2024-07-11 00:00:00-05:00,2462.5282393526973,2476.1240700497924,2461.8394935020747,2467.7598490373443,132.96265560165975,0.0
2024-07-12 00:00:00-05:00,2464.890064875519,2478.3738633941907,2464.2038090580913,2470.073127045643,131.95435684647305,0.0
2024-07-13 00:00:00-05:00,2467.25189039834,2480.623656738589,2466.5681246141075,2472.386405053942,130.94605809128632,0.0
2024-07-14 00:00:00-05:00,2469.6137159211617,2482.8734500829873,2468.932440170124,2474.6996830622406,129.9377593360996,0.0
2024-07-15 00:00:00-05:00,2471.9755414439833,2485.1232434273857,2471.296755726141,2477.0129610705394,128.92946058091286,0.0
2024-07-16 00:00:00-05:00,2474.337366966805,2487.3730367717844,2473.6610712821575,2479.326239078838,127.92116182572613,0.0
2024-07-17 00:00:00-05:00,2476.6991924896265,2489.6228301161827,2476.025386838174,2481.639517087137,126.91286307053943,0.0
2024-07-18 00:00:00-05:00,2479.061018012448,2491.872623460581,2478.389702394191,2483.9527950954357,125.9045643153527,0.0
2024-07-19 00:00:00-05:00,2481.4228435352697,2494.1224168049794,2480.7540179502075,2486.2660731037345,124.89626556016597,0.0
2024-07-20 00:00:00-05:00,2483.7846690580914,2496.3722101493777,2483.118333506224,2488.5793511120332,123.88796680497927,0.0
2024-07-21 00:00:00-05:00,2486.146494580913,2498.622003493776,2485.4826490622404,2490.892629120332,122.87966804979254,0.0
2024-07-22 00:00:00-05:00,2488.5083201037346,2500.8717968381743,2487.846964618257,2493.2059071286308,121.87136929460581,0.0
2024-07-23 00:00:00-05:00,2490.870145626556,2503.1215901825726,2490.2112801742737,2495.5191851369295,120.86307053941908,0.0
2024-07-24 00:00:00-05:00,2493.2319711493774,2505.371383526971,2492.5755957302904,2497.8324631452283,119.85477178423236,0.0
2024-07-25 00:00:00-05:00,2495.593796672199,2507.6211768713692,2494.939911286307,2500.145741153527,118.84647302904565,0.0
2024-07-26 00:00:00-05:00,2497.9556221950206,2509.8709702157676,2497.3042268423237,2502.459019161826,117.83817427385893,0.0
2024-07-27 00:00:00-05:00,2500.3174477178422,2512.120763560166,2499.66854239834,2504.772297170124,116.8298755186722,0.0
2024-07-28 00:00:00-05:00,2502.679273240664,2514.370556904564,2502.0328579543566,2507.085575178423,115.8215767634855,0.0
2024-07-29 00:00:00-05:00,2505.0410987634855,2516.6203502489625,2504.3971735103732,2509.3988531867217,114.81327800829877,0.0
2024-07-30 00:00:00-05:00,2507.402924286307,2518.870143593361,2506.76148906639,2511.7121311950204,113.80497925311204,0.0
2024-07-31 00:00:00-05:00,2509.7647498091287,2521.119936937759,2509.1258046224066,2514.025409203319,112.79668049792531,0.0
2024-08-01 00:00:00-05:00,2512.1265753319503,2523.3697302821574,2511.4901201784232,2516.338687211618,111.78838174273858,0.0
2024-08-02 00:00:00-05:00,2514.488400854772,2525.6195236265557,2513.85443573444,2518.6519652199167,110.78008298755188,0.0
2024-08-03 00:00:00-05:00,2516.8502263775936,2527.869316970954,2516.2187512904566,2520.9652432282155,109.77178423236515,0.0
2024-08-04 00:00:00-05:00,2519.2120519004147,2530.119110315353,2518.583066846473,2523.2785212365143,108.76348547717842,0.0
2024-08-05 00:00:00-05:00,2521.5738774232364,2532.368903659751,2520.9473824024894,2525.591799244813,107.75518672199172,0.0
2024-08-06 00:00:00-05:00,2523.935702946058,2534.6186970041495,2523.311697958506,2527.905077253112,106.74688796680499,0.0
2024-08-07 00:00:00-05:00,2526.2975284688796,2536.8684903485478,2525.6760135145228,2530.2183552614106,105.73858921161826,0.0
2024-08-08 00:00:00-05:00,2528.659353991701,2539.118283692946,2528.0403290705394,2532.5316332697093,104.73029045643153,0.0
2024-08-09 00:00:00-05:00,2531.021179514523,2541.3680770373444,2530.404644626556,2534.844911278008,103.7219917012448,0.0
2024-08-10 00:00:00-05:00,2533.3830050373444,2543.6178703817427,2532.7689601825723,2537.158189286307,102.7136929460581,0.0
2024-08-11 00:00:00-05:00,2535.744830560166,2545.867663726141,2535.133275738589,2539.4714672946056,101.70539419087137,0.0
2024-08-12 00:00:00-05:00,2538.1066560829877,2548.1174570705393,2537.4975912946056,2541.7847453029044,100.69709543568464,0.0
2024-08-13 00:00:00-05:00,2540.4684816058093,2550.3672504149376,2539.8619068506223,2544.098023311203,99.68879668049794,0.0
2024-08-14 00:00:00-05:00,2542.830307128631,2552.617043759336,2542.226222406639,2546.411301319502,98.68049792531122,0.0
2024-08-15 00:00:00-05:00,2545.192132651452,2554.8668371037343,2544.5905379626556,2548.7245793278007,97.67219917012449,0.0
2024-08-16 00:00:00-05:00,2547.5539581742737,2557.1166304481326,2546.9548535186723,2551.0378573360995,96.66390041493776,0.0
2024-08-17 00:00:00-05:00,2549.9157836970953,2559.366423792531,2549.3191690746885,2553.3511353443982,95.65560165975103,0.0
2024-08-18 00:00:00-05:00,2552.277609219917,2561.616217136929,2551.683484630705,2555.664413352697,94.64730290456433,0.0
2024-08-19 00:00:00-05:00,2554.6394347427386,2563.866010481328,2554.047800186722,2557.977691360996,93.6390041493776,0.0
2024-08-20 00:00:00-05:00,2557.00126026556,2566.1158038257263,2556.4121157427385,2560.2909693692945,92.63070539419087,0.0
2024-08-21 00:00:00-05:00,2559.363085788382,2568.3655971701246,2558.776431298755,2562.6042473775933,91.62240663900417,0.0
2024-08-22 00:00:00-05:00,2561.7249113112034,2570.615390514523,2561.140746854772,2564.917525385892,90.61410788381744,0.0
2024-08-23 00:00:00-05:00,2564.086736834025,2572.8651838589212,2563.505062410788,2567.230803394191,89.60580912863071,0.0
2024-08-24 00:00:00-05:00,2566.4485623568467,2575.1149772033195,2565.8693779668047,2569.5440814024896,88.59751037344398,0.0
2024-08-25 00:00:00-05:00,2568.8103878796683,2577.364770547718,2568.2336935228213,2571.8573594107884,87.58921161825725,0.0
2024-08-26 00:00:00-05:00,2571.1722134024894,2579.614563892116,2570.598009078838,2574.170637419087,86.58091286307055,0.0
2024-08-27 00:00:00-05:00,2573.534038925311,2581.8643572365145,2572.9623246348547,2576.483915427386,85.57261410788382,0.0
2024-08-28 00:00:00-05:00,2575.8958644481327,2584.114150580913,2575.3266401908713,2578.7971934356847,84.5643153526971,0.0
2024-08-29 00:00:00-05:00,2578.2576899709543,2586.363943925311,2577.690955746888,2581.1104714439834,83.55601659751039,0.0
2024-08-30 00:00:00-05:00,2580.619515493776,2588.6137372697094,2580.0552713029047,2583.423749452282,82.54771784232366,0.0
2024-08-31 00:00:00-05:00,2582.9813410165975,2590.8635306141077,2582.419586858921,2585.737027460581,81.53941908713693,0.0
2024-09-01 00:00:00-05:00,2585.343166539419,2593.113323958506,2584.7839024149375,2588.0503054688797,80.5311203319502,0.0
2024-09-02 00:00:00-05:00,2587.7049920622408,2595.3631173029044,2587.148217970954,2590.3635834771785,79.52282157676348,0.0
2024-09-03 00:00:00-05:00,2590.0668175850624,2597.6129106473027,2589.512533526971,2592.6768614854773,78.51452282157678,0.0
2024-09-04 00:00:00-05:00,2592.428643107884,2599.862703991701,2591.8768490829875,2594.990139493776,77.50622406639005,0.0
2024-09-05 00:00:00-05:00,2594.7904686307056,2602.1124973360993,2594.241164639004,2597.303417502075,76.49792531120332,0.0
2024-09-06 00:00:00-05:00,2597.152294153527,2604.3622906804976,2596.6054801950204,2599.6166955103736,75.48962655601662,0.0
2024-09-07 00:00:00-05:00,2599.5141196763484,2606.612084024896,2598.969795751037,2601.9299735186723,74.48132780082989,0.0
2024-09-08 00:00:00-05:00,2601.87594519917,2608.8618773692947,2601.3341113070537,2604.243251526971,73.47302904564316,0.0
2024-09-09 00:00:00-05:00,2604.2377707219916,2611.111670713693,2603.6984268630704,2606.55652953527,72.46473029045643,0.0
2024-09-10 00:00:00-05:00,2606.5995962448133,2613.3614640580913,2606.062742419087,2608.8698075435686,71.4564315352697,0.0
2024-09-11 00:00:00-05:00,2608.961421767635,2615.6112574024896,2608.4270579751037,2611.183085551867,70.448132780083,0.0
2024-09-12 00:00:00-05:00,2611.3232472904565,2617.861050746888,2610.7913735311204,2613.4963635601657,69.43983402489627,0.0
2024-09-13 00:00:00-05:00,2613.685072813278,2620.1108440912863,2613.155689087137,2615.8096415684645,68.43153526970954,0.0
2024-09-14 00:00:00-05:00,2616.0468983360997,2622.3606374356846,2615.5200046431532,2618.1229195767633,67.42323651452284,0.0
2024-09-15 00:00:00-05:00,2618.4087238589213,2624.610430780083,2617.88432019917,2620.436197585062,66.41493775933611,0.0
2024-09-16 00:00:00-05:00,2620.770549381743,2626.860224124481,2620.2486357551866,2622.749475593361,65.40663900414938,0.0
2024-09-17 00:00:00-05:00,2623.132374904564,2629.1100174688795,2622.6129513112032,2625.0627536016596,64.39834024896265,0.0
2024-09-18 00:00:00-05:00,2625.4942004273857,2631.359810813278,2624.97726686722,2627.3760316099583,63.390041493775925,0.0
2024-09-19 00:00:00-05:00,2627.8560259502074,2633.609604157676,2627.3415824232366,2629.689309618257,62.381742738589224,0.0
2024-09-20 00:00:00-05:00,2630.217851473029,2635.8593975020744,2629.7058979792528,2632.002587626556,61.373443983402495,0.0
2024-09-21 00:00:00-05:00,2632.5796769958506,2638.1091908464728,2632.0702135352694,2634.3158656348546,60.365145228215766,0.0
2024-09-22 00:00:00-05:00,2634.941502518672,2640.358984190871,2634.434529091286,2636.6291436431534,59.356846473029066,0.0
2024-09-23 00:00:00-05:00,2637.303328041494,2642.60877753527,2636.7988446473028,2638.942421651452,58.34854771784234,0.0
2024-09-24 00:00:00-05:00,2639.6651535643155,2644.858570879668,2639.1631602033194,2641.255699659751,57.34024896265561,0.0
2024-09-25 00:00:00-05:00,2642.026979087137,2647.1083642240665,2641.527475759336,2643.5689776680497,56.33195020746888,0.0
2024-09-26 00:00:00-05:00,2644.3888046099587,2649.358157568465,2643.8917913153527,2645.8822556763484,55.32365145228215,0.0
2024-09-27 00:00:00-05:00,2646.7506301327803,2651.607950912863,2646.2561068713694,2648.195533684647,54.31535269709545,0.0
2024-09-28 00:00:00-05:00,2649.1124556556015,2653.8577442572614,2648.6204224273856,2650.508811692946,53.30705394190872,0.0
2024-09-29 00:00:00-05:00,2651.474281178423,2656.1075376016597,2650.9847379834023,2652.8220897012447,52.29875518672199,0.0
2024-09-30 00:00:00-05:00,2653.8361067012447,2658.357330946058,2653.349053539419,2655.1353677095435,51.29045643153529,0.0
2024-10-01 00:00:00-05:00,2656.1979322240663,2660.6071242904563,2655.7133690954356,2657.4486457178423,50.28215767634856,0.0
2024-10-02 00:00:00-05:00,2658.559757746888,2662.8569176348547,2658.0776846514523,2659.761923726141,49.27385892116183,0.0
2024-10-03 00:00:00-05:00,2660.9215832697096,2665.106710979253,2660.442000207469,2662.07520173444,48.2655601659751,0.0
2024-10-04 00:00:00-05:00,2663.283408792531,2667.3565043236513,2662.806315763485,2664.3884797427386,47.257261410788374,0.0
2024-10-05 00:00:00-05:00,2665.645234315353,2669.6062976680496,2665.170631319502,2666.7017577510373,46.24896265560167,0.0
2024-10-06 00:00:00-05:00,2668.0070598381744,2671.856091012448,2667.5349468755185,2669.015035759336,45.240663900414944,0.0
2024-10-07 00:00:00-05:00,2670.368885360996,2674.105884356846,2669.899262431535,2671.328313767635,44.232365145228215,0.0
2024-10-08 00:00:00-05:00,2672.7307108838177,2676.3556777012445,2672.263577987552,2673.6415917759336,43.224066390041514,0.0
2024-10-09 00:00:00-05:00,2675.092536406639,2678.605471045643,2674.6278935435685,2675.9548697842324,42.215767634854785,0.0
2024-10-10 00:00:00-05:00,2677.4543619294604,2680.855264390041,2676.992209099585,2678.268147792531,41.207468879668056,0.0
2024-10-11 00:00:00-05:00,2679.816187452282,2683.1050577344395,2679.356524655602,2680.58142580083,40.19917012448133,0.0
2024-10-12 00:00:00-05:00,2682.1780129751037,2685.354851078838,2681.720840211618,2682.8947038091287,39.1908713692946,0.0
2024-10-13 00:00:00-05:00,2684.5398384979253,2687.6046444232366,2684.0851557676347,2685.2079818174275,38.1825726141079,0.0
2024-10-14 00:00:00-05:00,2686.901664020747,2689.854437767635,2686.4494713236513,2687.5212598257262,37.17427385892117,0.0
2024-10-15 00:00:00-05:00,2689.2634895435685,2692.104231112033,2688.813786879668,2689.834537834025,36.16597510373444,0.0
2024-10-16 00:00:00-05:00,2691.62531506639,2694.3540244564315,2691.1781024356847,2692.1478158423233,35.15767634854774,0.0
2024-10-17 00:00:00-05:00,2693.987140589212,2696.60381780083,2693.542417991701,2694.461093850622,34.14937759336101,0.0
2024-10-18 00:00:00-05:00,2696.3489661120334,2698.853611145228,2695.9067335477175,2696.774371858921,33.14107883817428,0.0
2024-10-19 00:00:00-05:00,2698.710791634855,2701.1034044896264,2698.271049103734,2699.0876498672196,32.13278008298755,0.0
2024-10-20 00:00:00-05:00,2701.072617157676,2703.3531978340247,2700.635364659751,2701.4009278755184,31.124481327800822,0.0
2024-10-21 00:00:00-05:00,2703.4344426804983,2705.602991178423,2702.9996802157675,2703.714205883817,30.11618257261412,0.0
2024-10-22 00:00:00-05:00,2705.7962682033194,2707.8527845228214,2705.363995771784,2706.027483892116,29.107883817427393,0.0
2024-10-23 00:00:00-05:00,2708.158093726141,2710.1025778672197,2707.728311327801,2708.3407619004147,28.099585062240664,0.0
2024-10-24 00:00:00-05:00,2710.5199192489627,2712.352371211618,2710.0926268838175,2710.6540399087135,27.091286307053963,0.0
2024-10-25 00:00:00-05:00,2712.8817447717843,2714.6021645560163,2712.456942439834,2712.967317917012,26.082987551867234,0.0
2024-10-26 00:00:00-05:00,2715.243570294606,2716.8519579004146,2714.8212579958504,2715.280595925311,25.074688796680505,0.0
2024-10-27 00:00:00-05:00,2717.6053958174275,2719.1017512448134,2717.185573551867,2717.5938739336098,24.066390041493776,0.0
2024-10-28 00:00:00-05:00,2719.967221340249,2721.3515445892117,2719.5498891078837,2719.9071519419085,23.058091286307047,0.0
2024-10-29 00:00:00-05:00,2722.3290468630707,2723.60133793361,2721.9142046639004,2722.2204299502073,22.049792531120346,0.0
2024-10-30 00:00:00-05:00,2724.6908723858924,2725.8511312780083,2724.278520219917,2724.533707958506,21.041493775933617,0.0
2024-10-31 00:00:00-05:00,2727.0526979087135,2728.1009246224066,2726.6428357759332,2726.846985966805,20.033195020746888,0.0
2024-11-01 00:00:00-05:00,2729.4145234315356,2730.350717966805,2729.00715133195,2729.1602639751036,19.024896265560187,0.0
2024-11-02 00:00:00-05:00,2731.7763489543568,2732.6005113112033,2731.3714668879666,2731.4735419834024,18.016597510373458,0.0
2024-11-03 00:00:00-05:00,2734.1381744771784,2734.8503046556016,2733.735782443983,2733.786819991701,17.00829875518673,0.0
2024-11-04 00:00:00-05:00,2736.5,2737.100098,2736.100098,2736.100098,16.0,0.0
2024-11-05 00:00:00-05:00,2743.0,2743.899902,2740.300049,2740.300049,23.0,0.0
2024-11-06 00:00:00-05:00,2734.5,2734.5,2659.399902,2667.600098,427.0,0.0
2024-11-07 00:00:00-05:00,2662.5,2699.100098,2662.5,2698.399902,676.0,0.0
2024-11-08 00:00:00-05:00,2688.5,2694.600098,2682.899902,2687.5,1038.0,0.0
2024-11-09 00:00:00-05:00,2682.8999836666667,2686.9667156666665,2658.9999183333334,2662.066650333333,698.6666666666667,0.0
2024-11-10 00:00:00-05:00,2677.2999673333334,2679.3333333333335,2635.0999346666667,2636.633300666667,359.33333333333337,0.0
2024-11-11 00:00:00-05:00,2671.699951,2671.699951,2611.199951,2611.199951,20.0,0.0
2024-11-12 00:00:00-05:00,2605.5,2605.5,2592.800049,2600.0,118.0,0.0
2024-11-13 00:00:00-05:00,2611.100098,2611.800049,2580.800049,2580.800049,53.0,0.0
2024-11-14 00:00:00-05:00,2555.100098,2576.199951,2554.199951,2568.199951,27.0,0.0
2024-11-15 00:00:00-05:00,2565.699951,2565.699951,2565.699951,2565.699951,20.0,0.0
2024-11-16 00:00:00-05:00,2574.3666176666666,2580.699951,2573.5999346666667,2580.6666666666665,58.666666666666664,0.0
2024-11-17 00:00:00-05:00,2583.0332843333335,2595.699951,2581.4999183333334,2595.6333823333334,97.33333333333333,0.0
2024-11-18 00:00:00-05:00,2591.699951,2610.699951,2589.399902,2610.600098,136.0,0.0
2024-11-19 00:00:00-05:00,2621.899902,2627.699951,2619.300049,2627.100098,87.0,0.0
2024-11-20 00:00:00-05:00,2638.5,2648.199951,2638.5,2648.199951,27.0,0.0
2024-11-21 00:00:00-05:00,2659.300049,2672.100098,2655.699951,2672.100098,33.0,0.0
2024-11-22 00:00:00-05:00,2687.5,2710.5,2685.600098,2709.899902,41.0,0.0
2024-11-23 00:00:00-05:00,2688.133300666667,2703.466634,2662.666748333333,2678.8666176666666,58.66666666666667,0.0
2024-11-24 00:00:00-05:00,2688.7666013333333,2696.433268,2639.7333986666667,2647.8333333333335,76.33333333333334,0.0
2024-11-25 00:00:00-05:00,2689.399902,2689.399902,2616.800049,2616.800049,94.0,0.0
2024-11-26 00:00:00-05:00,2625.600098,2625.600098,2620.300049,2620.300049,54487.66666666667,0.0
2024-11-27 00:00:00-05:00,2633.5,2657.899902,2627.199951,2639.899902,55244.6,0.0
2024-11-28 00:00:00-05:00,2634.949951,2661.0999755000003,2623.949951,2648.449951,32757.0,0.0
2024-11-29 00:00:00-05:00,2636.399902,2664.300049,2620.699951,2657.0,3861.0,0.0
2024-11-30 00:00:00-05:00,2640.5999346666667,2659.4667156666665,2621.0332843333335,2649.633300666667,2805.666666666667,0.0
2024-12-01 00:00:00-05:00,2644.7999673333334,2654.6333823333334,2621.3666176666666,2642.2666013333333,1750.3333333333335,0.0
2024-12-02 00:00:00-05:00,2649.0,2649.800049,2621.699951,2634.899902,695.0,0.0
2024-12-03 00:00:00-05:00,2639.0,2654.699951,2636.0,2644.699951,1062.0,0.0
2024-12-04 00:00:00-05:00,2639.199951,2658.300049,2637.0,2653.800049,249.0,0.0
2024-12-05 00:00:00-05:00,2652.399902,2655.0,2625.699951,2626.600098,573.0,0.0
2024-12-06 00:00:00-05:00,2620.199951,2643.100098,2617.5,2638.600098,571.0,0.0
2024-12-07 00:00:00-05:00,2624.1666666666665,2654.4334313333334,2621.933349666667,2647.366699333333,692.3333333333334,0.0
2024-12-08 00:00:00-05:00,2628.1333823333334,2665.7667646666664,2626.366699333333,2656.133300666667,813.6666666666666,0.0
2024-12-09 00:00:00-05:00,2632.100098,2677.100098,2630.800049,2664.899902,935.0,0.0
2024-12-10 00:00:00-05:00,2662.300049,2698.199951,2661.0,2697.600098,437.0,0.0
2024-12-11 00:00:00-05:00,2701.800049,2733.800049,2693.100098,2733.800049,3387.0,0.0
2024-12-12 00:00:00-05:00,2725.100098,2725.100098,2677.399902,2687.5,2365.0,0.0
2024-12-13 00:00:00-05:00,2688.199951,2689.300049,2647.899902,2656.0,1125.0,0.0
2024-12-14 00:00:00-05:00,2678.233317,2680.6333823333334,2648.933268,2654.466634,1042.3333333333333,0.0
2024-12-15 00:00:00-05:00,2668.266683,2671.9667156666665,2649.966634,2652.933268,959.6666666666666,0.0
2024-12-16 00:00:00-05:00,2658.300049,2663.300049,2651.0,2651.399902,877.0,0.0
2024-12-17 00:00:00-05:00,2651.800049,2652.300049,2632.5,2644.399902,705.0,0.0
2024-12-18 00:00:00-05:00,2644.300049,2647.100098,2590.199951,2636.5,566.0,0.0
2024-12-19 00:00:00-05:00,2582.100098,2610.300049,2582.100098,2592.199951,238.0,0.0
2024-12-20 00:00:00-05:00,2605.300049,2631.600098,2604.899902,2628.699951,592.0,0.0
2024-12-21 00:00:00-05:00,2610.2000326666666,2630.300049,2606.966634,2623.233317,545.0,0.0
2024-12-22 00:00:00-05:00,2615.1000163333333,2629.0,2609.033366,2617.766683,498.0,0.0
2024-12-23 00:00:00-05:00,2620.0,2627.699951,2611.100098,2612.300049,451.0,0.0
2024-12-24 00:00:00-05:00,2613.0,2620.0,2609.5,2620.0,35.0,0.0
2024-12-25 00:00:00-05:00,2620.75,2629.4000244999997,2618.699951,2629.4000244999997,59.5,0.0
2024-12-26 00:00:00-05:00,2628.5,2638.800049,2627.899902,2638.800049,84.0,0.0
2024-12-27 00:00:00-05:00,2617.699951,2617.699951,2616.399902,2617.199951,642.0,0.0
2024-12-28 00:00:00-05:00,2618.699951,2620.7666013333333,2609.933268,2613.5,692.6666666666666,0.0
2024-12-29 00:00:00-05:00,2619.699951,2623.833251666667,2603.466634,2609.800049,743.3333333333334,0.0
2024-12-30 00:00:00-05:00,2620.699951,2626.899902,2597.0,2606.100098,794.0,0.0
2024-12-31 00:00:00-05:00,2608.399902,2629.199951,2604.899902,2629.199951,401.0,0.0
2025-01-01 00:00:00-05:00,2620.699951,2646.1500244999997,2618.949951,2644.0499265,1064.5,0.0
2025-01-02 00:00:00-05:00,2633.0,2663.100098,2633.0,2658.899902,1728.0,0.0
2025-01-03 00:00:00-05:00,2658.699951,2658.699951,2641.800049,2645.0,591.0,0.0
2025-01-04 00:00:00-05:00,2654.2999673333334,2654.7999673333334,2633.6333823333334,2642.7999673333334,714.0,0.0
2025-01-05 00:00:00-05:00,2649.8999836666667,2650.8999836666667,2625.4667156666665,2640.5999346666667,837.0,0.0
2025-01-06 00:00:00-05:00,2645.5,2647.0,2617.300049,2638.399902,960.0,0.0
2025-01-07 00:00:00-05:00,2653.399902,2657.5,2653.0,2656.699951,643.0,0.0
2025-01-08 00:00:00-05:00,2655.5,2676.899902,2653.5,2664.5,999.0,0.0
2025-01-09 00:00:00-05:00,2669.699951,2686.300049,2667.899902,2683.800049,1139.0,0.0
2025-01-10 00:00:00-05:00,2686.100098,2720.100098,2683.699951,2708.5,403.0,0.0
2025-01-11 00:00:00-05:00,2694.4334313333334,2717.1333823333334,2680.2999673333334,2696.8333333333335,523.6666666666666,0.0
2025-01-12 00:00:00-05:00,2702.7667646666664,2714.1666666666665,2676.8999836666667,2685.1666666666665,644.3333333333334,0.0
2025-01-13 00:00:00-05:00,2711.100098,2711.199951,2673.5,2673.5,765.0,0.0
2025-01-14 00:00:00-05:00,2673.600098,2688.300049,2670.800049,2677.5,794.0,0.0
2025-01-15 00:00:00-05:00,2690.800049,2712.5,2690.800049,2712.5,930.0,0.0
2025-01-16 00:00:00-05:00,2731.699951,2749.800049,2731.699951,2746.399902,1721.0,0.0
2025-01-17 00:00:00-05:00,2736.0,2751.600098,2725.5,2744.300049,1214.0,0.0
2025-01-18 00:00:00-05:00,2738.5,2752.4500735,2725.32501225,2746.97503675,1270.25,0.0
2025-01-19 00:00:00-05:00,2741.0,2753.300049,2725.1500244999997,2749.6500244999997,1326.5,0.0
2025-01-20 00:00:00-05:00,2743.5,2754.1500244999997,2724.97503675,2752.32501225,1382.75,0.0
2025-01-21 00:00:00-05:00,2746.0,2755.0,2724.800049,2755.0,1439.0,0.0
2025-01-22 00:00:00-05:00,2754.5,2768.800049,2753.5,2767.600098,2079.0,0.0
2025-01-23 00:00:00-05:00,2760.0,2765.0,2745.399902,2763.100098,2201.0,0.0
2025-01-24 00:00:00-05:00,2759.800049,2792.0,2759.800049,2777.300049,1593.0,0.0
2025-01-25 00:00:00-05:00,2760.2333986666667,2782.066650333333,2752.366699333333,2764.033366,1390.0,0.0
2025-01-26 00:00:00-05:00,2760.666748333333,2772.133300666667,2744.933349666667,2750.766683,1187.0,0.0
2025-01-27 00:00:00-05:00,2761.100098,2762.199951,2737.5,2737.5,984.0,0.0
2025-01-28 00:00:00-05:00,2738.0,2766.800049,2738.0,2766.800049,2307.0,0.0
2025-01-29 00:00:00-05:00,2769.100098,2769.100098,2769.100098,2769.100098,34513.4,0.0
2025-01-30 00:00:00-05:00,2772.5,2829.5,2770.0,2823.0,40141.0,0.0
2025-01-31 00:00:00-05:00,2829.0,2838.0,2804.0,2812.5,3443.0,0.0
2025-02-01 00:00:00-05:00,2825.3999836666667,2841.466634,2796.2999673333334,2819.633300666667,3178.3333333333335,0.0
2025-02-02 00:00:00-05:00,2821.7999673333334,2844.933268,2788.5999346666667,2826.7666013333333,2913.6666666666665,0.0
2025-02-03 00:00:00-05:00,2818.199951,2848.399902,2780.899902,2833.899902,2649.0,0.0
2025-02-04 00:00:00-05:00,2827.600098,2853.300049,2816.100098,2853.300049,2187.0,0.0
2025-02-05 00:00:00-05:00,2850.0,2880.5,2848.0,2871.600098,4519.0,0.0
2025-02-06 00:00:00-05:00,2865.199951,2871.699951,2836.300049,2856.0,3116.0,0.0
2025-02-07 00:00:00-05:00,2859.899902,2889.5,2857.800049,2867.300049,1822.0,0.0
2025-02-08 00:00:00-05:00,2861.333251666667,2898.366699333333,2859.800049,2882.9667156666665,1960.3333333333333,0.0
2025-02-09 00:00:00-05:00,2862.7666013333333,2907.2333986666667,2861.800049,2898.6333823333334,2098.6666666666665,0.0
2025-02-10 00:00:00-05:00,2864.199951,2916.100098,2863.800049,2914.300049,2237.0,0.0
2025-02-11 00:00:00-05:00,2925.5,2945.399902,2890.0,2912.5,2554.0,0.0
2025-02-12 00:00:00-05:00,2902.0,2912.300049,2868.600098,2909.0,2504.0,0.0
2025-02-13 00:00:00-05:00,2911.300049,2937.699951,2910.600098,2925.899902,4670.0,0.0
2025-02-14 00:00:00-05:00,2937.300049,2944.399902,2874.800049,2883.600098,1992.0,0.0
2025-02-15 00:00:00-05:00,2922.7750244999997,2942.399902,2874.550049,2895.600098,2496.5,0.0
2025-02-16 00:00:00-05:00,2908.25,2940.399902,2874.300049,2907.600098,3001.0,0.0
2025-02-17 00:00:00-05:00,2893.7249755000003,2938.399902,2874.050049,2919.600098,3505.5,0.0
2025-02-18 00:00:00-05:00,2879.199951,2936.399902,2873.800049,2931.600098,4010.0,0.0
2025-02-19 00:00:00-05:00,2938.699951,2946.0,2917.100098,2919.399902,2630.0,0.0
2025-02-20 00:00:00-05:00,2949.100098,2955.800049,2924.199951,2940.0,656.0,0.0
2025-02-21 00:00:00-05:00,2938.800049,2940.0,2917.300049,2937.600098,570.0,0.0
2025-02-22 00:00:00-05:00,2936.9000653333333,2945.966634,2922.566732,2941.033366,518.3333333333334,0.0
2025-02-23 00:00:00-05:00,2935.0000816666666,2951.933268,2927.833415,2944.466634,466.6666666666667,0.0
2025-02-24 00:00:00-05:00,2933.100098,2957.899902,2933.100098,2947.899902,415.0,0.0
2025-02-25 00:00:00-05:00,2938.699951,2943.199951,2890.0,2904.5,1854.0,0.0
2025-02-26 00:00:00-05:00,2913.5,2917.0,2913.0,2916.800049,2050.0,0.0
2025-02-27 00:00:00-05:00,2918.5,2922.800049,2870.399902,2883.199951,3215.0,0.0
2025-02-28 00:00:00-05:00,2877.100098,2877.100098,2834.100098,2836.800049,990.0,0.0
2025-03-01 00:00:00-05:00,2875.6333823333334,2882.0000816666666,2843.866699333333,2854.6000163333333,801.0,0.0
2025-03-02 00:00:00-05:00,2874.1666666666665,2886.9000653333333,2853.633300666667,2872.3999836666667,612.0,0.0
2025-03-03 00:00:00-05:00,2872.699951,2891.800049,2863.399902,2890.199951,423.0,0.0
2025-03-04 00:00:00-05:00,2886.100098,2927.899902,2886.100098,2909.600098,885.0,0.0
2025-03-05 00:00:00-05:00,2916.699951,2922.0,2893.0,2915.300049,551.0,0.0
2025-03-06 00:00:00-05:00,2904.0,2918.600098,2903.800049,2916.600098,870.0,0.0
2025-03-07 00:00:00-05:00,2900.899902,2927.300049,2900.5,2904.699951,531.0,0.0
2025-03-08 00:00:00-05:00,2905.361727929461,2931.834073692946,2904.8921161825724,2909.2460094979256,528.7966804979253,0.0
2025-03-09 00:00:00-05:00,2909.823553858921,2936.368098385892,2909.2842323651453,2913.7920679958506,526.5933609958506,0.0
2025-03-10 00:00:00-05:00,2914.2853797883818,2940.902123078838,2913.6763485477177,2918.338126493776,524.3900414937759,0.0
2025-03-11 00:00:00-05:00,2918.7472057178425,2945.4361477717844,2918.0684647302905,2922.884184991701,522.1867219917012,0.0
2025-03-12 00:00:00-05:00,2923.209031647303,2949.9701724647302,2922.460580912863,2927.4302434896267,519.9834024896265,0.0
2025-03-13 00:00:00-05:00,2927.6708575767634,2954.504197157676,2926.852697095436,2931.976301987552,517.7800829875519,0.0
2025-03-14 00:00:00-05:00,2932.132683506224,2959.0382218506224,2931.244813278008,2936.5223604854773,515.5767634854772,0.0
2025-03-15 00:00:00-05:00,2936.594509435685,2963.5722465435683,2935.636929460581,2941.0684189834024,513.3734439834025,0.0
2025-03-16 00:00:00-05:00,2941.0563353651455,2968.1062712365147,2940.0290456431535,2945.614477481328,511.1701244813278,0.0
2025-03-17 00:00:00-05:00,2945.5181612946058,2972.6402959294605,2944.4211618257264,2950.1605359792534,508.9668049792531,0.0
2025-03-18 00:00:00-05:00,2949.9799872240665,2977.1743206224064,2948.8132780082988,2954.7065944771784,506.7634854771784,0.0
2025-03-19 00:00:00-05:00,2954.441813153527,2981.7083453153527,2953.205394190871,2959.252652975104,504.56016597510376,0.0
2025-03-20 00:00:00-05:00,2958.903639082988,2986.2423700082986,2957.597510373444,2963.798711473029,502.35684647302907,0.0
2025-03-21 00:00:00-05:00,2963.365465012448,2990.776394701245,2961.9896265560164,2968.3447699709545,500.1535269709544,0.0
2025-03-22 00:00:00-05:00,2967.827290941909,2995.310419394191,2966.3817427385893,2972.8908284688796,497.9502074688797,0.0
2025-03-23 00:00:00-05:00,2972.2891168713695,2999.8444440871367,2970.7738589211617,2977.436886966805,495.746887966805,0.0
2025-03-24 00:00:00-05:00,2976.7509428008298,3004.378468780083,2975.1659751037346,2981.98294546473,493.5435684647303,0.0
2025-03-25 00:00:00-05:00,2981.2127687302905,3008.912493473029,2979.558091286307,2986.5290039626557,491.3402489626556,0.0
2025-03-26 00:00:00-05:00,2985.674594659751,3013.4465181659752,2983.95020746888,2991.0750624605807,489.1369294605809,0.0
2025-03-27 00:00:00-05:00,2990.136420589212,3017.980542858921,2988.3423236514523,2995.6211209585063,486.9336099585062,0.0
2025-03-28 00:00:00-05:00,2994.598246518672,3022.514567551867,2992.7344398340247,3000.1671794564318,484.73029045643153,0.0
2025-03-29 00:00:00-05:00,2999.060072448133,3027.0485922448133,2997.1265560165975,3004.713237954357,482.52697095435684,0.0
2025-03-30 00:00:00-05:00,3003.5218983775935,3031.582616937759,3001.51867219917,3009.2592964522823,480.32365145228215,0.0
2025-03-31 00:00:00-05:00,3007.983724307054,3036.1166416307055,3005.910788381743,3013.8053549502074,478.12033195020746,0.0
2025-04-01 00:00:00-05:00,3012.4455502365145,3040.6506663236514,3010.302904564315,3018.351413448133,475.91701244813277,0.0
2025-04-02 00:00:00-05:00,3016.907376165975,3045.1846910165973,3014.695020746888,3022.897471946058,473.7136929460581,0.0
2025-04-03 00:00:00-05:00,3021.369202095436,3049.7187157095436,3019.0871369294605,3027.4435304439835,471.5103734439834,0.0
2025-04-04 00:00:00-05:00,3025.8310280248966,3054.2527404024895,3023.4792531120333,3031.9895889419086,469.3070539419087,0.0
2025-04-05 00:00:00-05:00,3030.292853954357,3058.786765095436,3027.8713692946058,3036.535647439834,467.103734439834,0.0
2025-04-06 00:00:00-05:00,3034.7546798838175,3063.3207897883817,3032.2634854771786,3041.0817059377596,464.90041493775936,0.0
2025-04-07 00:00:00-05:00,3039.216505813278,3067.8548144813276,3036.655601659751,3045.6277644356846,462.6970954356847,0.0
2025-04-08 00:00:00-05:00,3043.678331742739,3072.388839174274,3041.0477178423234,3050.17382293361,460.49377593361,0.0
2025-04-09 00:00:00-05:00,3048.140157672199,3076.92286386722,3045.4398340248963,3054.719881431535,458.2904564315353,0.0
2025-04-10 00:00:00-05:00,3052.60198360166,3081.456888560166,3049.8319502074687,3059.2659399294607,456.0871369294606,0.0
2025-04-11 00:00:00-05:00,3057.0638095311206,3085.990913253112,3054.2240663900416,3063.811998427386,453.8838174273859,0.0
2025-04-12 00:00:00-05:00,3061.525635460581,3090.524937946058,3058.616182572614,3068.3580569253113,451.6804979253112,0.0
2025-04-13 00:00:00-05:00,3065.9874613900415,3095.058962639004,3063.008298755187,3072.9041154232364,449.4771784232365,0.0
2025-04-14 00:00:00-05:00,3070.449287319502,3099.59298733195,3067.4004149377593,3077.450173921162,447.27385892116183,0.0
2025-04-15 00:00:00-05:00,3074.911113248963,3104.1270120248964,3071.792531120332,3081.9962324190874,445.07053941908714,0.0
2025-04-16 00:00:00-05:00,3079.372939178423,3108.6610367178423,3076.1846473029045,3086.5422909170125,442.86721991701245,0.0
2025-04-17 00:00:00-05:00,3083.834765107884,3113.195061410788,3080.5767634854774,3091.088349414938,440.66390041493776,0.0
2025-04-18 00:00:00-05:00,3088.2965910373446,3117.7290861037345,3084.96887966805,3095.634407912863,438.46058091286307,0.0
2025-04-19 00:00:00-05:00,3092.7584169668053,3122.2631107966804,3089.360995850622,3100.1804664107885,436.2572614107884,0.0
2025-04-20 00:00:00-05:00,3097.2202428962655,3126.7971354896263,3093.753112033195,3104.7265249087136,434.0539419087137,0.0
2025-04-21 00:00:00-05:00,3101.682068825726,3131.3311601825726,3098.1452282157675,3109.272583406639,431.850622406639,0.0
2025-04-22 00:00:00-05:00,3106.143894755187,3135.8651848755185,3102.5373443983403,3113.818641904564,429.6473029045643,0.0
2025-04-23 00:00:00-05:00,3110.605720684647,3140.399209568465,3106.9294605809127,3118.3647004024897,427.4439834024896,0.0
2025-04-24 00:00:00-05:00,3115.067546614108,3144.9332342614107,3111.3215767634856,3122.910758900415,425.2406639004149,0.0
2025-04-25 00:00:00-05:00,3119.5293725435686,3149.467258954357,3115.713692946058,3127.4568173983403,423.0373443983402,0.0
2025-04-26 00:00:00-05:00,3123.9911984730293,3154.001283647303,3120.105809128631,3132.002875896266,420.83402489626553,0.0
2025-04-27 00:00:00-05:00,3128.4530244024895,3158.535308340249,3124.4979253112033,3136.548934394191,418.63070539419084,0.0
2025-04-28 00:00:00-05:00,3132.91485033195,3163.069333033195,3128.890041493776,3141.0949928921164,416.42738589211615,0.0
2025-04-29 00:00:00-05:00,3137.376676261411,3167.603357726141,3133.2821576763486,3145.6410513900414,414.22406639004146,0.0
2025-04-30 00:00:00-05:00,3141.8385021908716,3172.137382419087,3137.674273858921,3150.187109887967,412.02074688796677,0.0
2025-05-01 00:00:00-05:00,3146.300328120332,3176.671407112033,3142.066390041494,3154.733168385892,409.8174273858921,0.0
2025-05-02 00:00:00-05:00,3150.7621540497926,3181.205431804979,3146.4585062240662,3159.2792268838175,407.6141078838174,0.0
2025-05-03 00:00:00-05:00,3155.2239799792533,3185.7394564979254,3150.850622406639,3163.825285381743,405.41078838174275,0.0
2025-05-04 00:00:00-05:00,3159.685805908714,3190.2734811908713,3155.2427385892115,3168.371343879668,403.20746887966806,0.0
2025-05-05 00:00:00-05:00,3164.147631838174,3194.8075058838176,3159.6348547717844,3172.9174023775936,401.00414937759336,0.0
2025-05-06 00:00:00-05:00,3168.609457767635,3199.3415305767635,3164.026970954357,3177.4634608755186,398.8008298755187,0.0
2025-05-07 00:00:00-05:00,3173.0712836970956,3203.8755552697094,3168.4190871369296,3182.009519373444,396.597510373444,0.0
2025-05-08 00:00:00-05:00,3177.5331096265563,3208.4095799626557,3172.811203319502,3186.555577871369,394.3941908713693,0.0
2025-05-09 00:00:00-05:00,3181.9949355560166,3212.9436046556016,3177.203319502075,3191.1016363692947,392.1908713692946,0.0
2025-05-10 00:00:00-05:00,3186.4567614854773,3217.4776293485475,3181.5954356846473,3195.64769486722,389.9875518672199,0.0
2025-05-11 00:00:00-05:00,3190.918587414938,3222.011654041494,3185.9875518672197,3200.1937533651453,387.7842323651452,0.0
2025-05-12 00:00:00-05:00,3195.380413344398,3226.5456787344397,3190.3796680497926,3204.739811863071,385.5809128630705,0.0
2025-05-13 00:00:00-05:00,3199.842239273859,3231.079703427386,3194.771784232365,3209.285870360996,383.37759336099583,0.0
2025-05-14 00:00:00-05:00,3204.3040652033196,3235.613728120332,3199.163900414938,3213.8319288589214,381.17427385892114,0.0
2025-05-15 00:00:00-05:00,3208.7658911327803,3240.147752813278,3203.5560165975103,3218.3779873568465,378.97095435684645,0.0
2025-05-16 00:00:00-05:00,3213.2277170622406,3244.681777506224,3207.948132780083,3222.924045854772,376.7676348547718,0.0
2025-05-17 00:00:00-05:00,3217.6895429917013,3249.21580219917,3212.3402489626556,3227.470104352697,374.5643153526971,0.0
2025-05-18 00:00:00-05:00,3222.151368921162,3253.7498268921163,3216.7323651452284,3232.0161628506225,372.36099585062243,0.0
2025-05-19 00:00:00-05:00,3226.6131948506227,3258.283851585062,3221.124481327801,3236.5622213485476,370.15767634854774,0.0
2025-05-20 00:00:00-05:00,3231.075020780083,3262.817876278008,3225.5165975103737,3241.108279846473,367.95435684647305,0.0
2025-05-21 00:00:00-05:00,3235.5368467095436,3267.3519009709544,3229.908713692946,3245.6543383443986,365.75103734439836,0.0
2025-05-22 00:00:00-05:00,3239.9986726390043,3271.8859256639003,3234.3008298755185,3250.2003968423237,363.54771784232366,0.0
2025-05-23 00:00:00-05:00,3244.4604985684646,3276.4199503568466,3238.6929460580914,3254.7464553402488,361.344398340249,0.0
2025-05-24 00:00:00-05:00,3248.9223244979253,3280.9539750497925,3243.085062240664,3259.2925138381743,359.1410788381743,0.0
2025-05-25 00:00:00-05:00,3253.384150427386,3285.487999742739,3247.4771784232366,3263.8385723361,356.9377593360996,0.0
2025-05-26 00:00:00-05:00,3257.8459763568467,3290.0220244356847,3251.869294605809,3268.384630834025,354.7344398340249,0.0
2025-05-27 00:00:00-05:00,3262.3078022863074,3294.5560491286305,3256.261410788382,3272.9306893319504,352.5311203319502,0.0
2025-05-28 00:00:00-05:00,3266.7696282157676,3299.090073821577,3260.6535269709543,3277.4767478298754,350.3278008298755,0.0
2025-05-29 00:00:00-05:00,3271.2314541452283,3303.6240985145228,3265.045643153527,3282.022806327801,348.1244813278008,0.0
2025-05-30 00:00:00-05:00,3275.693280074689,3308.1581232074686,3269.4377593360996,3286.568864825726,345.92116182572613,0.0
2025-05-31 00:00:00-05:00,3280.1551060041493,3312.692147900415,3273.8298755186725,3291.1149233236515,343.71784232365144,0.0
2025-06-01 00:00:00-05:00,3284.61693193361,3317.226172593361,3278.221991701245,3295.6609818215766,341.51452282157675,0.0
2025-06-02 00:00:00-05:00,3289.0787578630707,3321.760197286307,3282.6141078838173,3300.207040319502,339.31120331950206,0.0
2025-06-03 00:00:00-05:00,3293.5405837925314,3326.294221979253,3287.00622406639,3304.7530988174276,337.10788381742736,0.0
2025-06-04 00:00:00-05:00,3298.0024097219916,3330.8282466721994,3291.3983402489625,3309.2991573153527,334.9045643153527,0.0
2025-06-05 00:00:00-05:00,3302.4642356514523,3335.3622713651453,3295.7904564315354,3313.845215813278,332.701244813278,0.0
2025-06-06 00:00:00-05:00,3306.926061580913,3339.896296058091,3300.182572614108,3318.3912743112032,330.4979253112033,0.0
2025-06-07 00:00:00-05:00,3311.3878875103737,3344.4303207510375,3304.5746887966807,3322.9373328091287,328.2946058091286,0.0
2025-06-08 00:00:00-05:00,3315.849713439834,3348.9643454439833,3308.966804979253,3327.483391307054,326.0912863070539,0.0
2025-06-09 00:00:00-05:00,3320.3115393692947,3353.498370136929,3313.358921161826,3332.0294498049793,323.8879668049792,0.0
2025-06-10 00:00:00-05:00,3324.7733652987554,3358.0323948298756,3317.7510373443984,3336.5755083029044,321.6846473029045,0.0
2025-06-11 00:00:00-05:00,3329.2351912282156,3362.5664195228214,3322.143153526971,3341.12156680083,319.48132780082983,0.0
2025-06-12 00:00:00-05:00,3333.6970171576763,3367.1004442157678,3326.5352697095436,3345.6676252987554,317.27800829875514,0.0
2025-06-13 00:00:00-05:00,3338.158843087137,3371.6344689087136,3330.927385892116,3350.2136837966805,315.07468879668045,0.0
2025-06-14 00:00:00-05:00,3342.6206690165977,3376.16849360166,3335.319502074689,3354.759742294606,312.87136929460576,0.0
2025-06-15 00:00:00-05:00,3347.0824949460584,3380.702518294606,3339.7116182572613,3359.305800792531,310.66804979253106,0.0
2025-06-16 00:00:00-05:00,3351.5443208755187,3385.2365429875517,3344.103734439834,3363.8518592904566,308.4647302904564,0.0
2025-06-17 00:00:00-05:00,3356.0061468049794,3389.770567680498,3348.4958506224066,3368.3979177883816,306.26141078838174,0.0
2025-06-18 00:00:00-05:00,3360.46797273444,3394.304592373444,3352.8879668049794,3372.943976286307,304.05809128630705,0.0
2025-06-19 00:00:00-05:00,3364.9297986639003,3398.83861706639,3357.280082987552,3377.490034784232,301.85477178423236,0.0
2025-06-20 00:00:00-05:00,3369.391624593361,3403.372641759336,3361.6721991701247,3382.0360932821577,299.65145228215766,0.0
2025-06-21 00:00:00-05:00,3373.8534505228217,3407.906666452282,3366.064315352697,3386.582151780083,297.448132780083,0.0
2025-06-22 00:00:00-05:00,3378.3152764522824,3412.4406911452284,3370.45643153527,3391.1282102780083,295.2448132780083,0.0
2025-06-23 00:00:00-05:00,3382.7771023817427,3416.9747158381742,3374.8485477178424,3395.674268775934,293.0414937759336,0.0
2025-06-24 00:00:00-05:00,3387.2389283112034,3421.50874053112,3379.240663900415,3400.220327273859,290.8381742738589,0.0
2025-06-25 00:00:00-05:00,3391.700754240664,3426.0427652240664,3383.6327800829877,3404.7663857717844,288.6348547717842,0.0
2025-06-26 00:00:00-05:00,3396.162580170125,3430.5767899170123,3388.02489626556,3409.3124442697094,286.4315352697095,0.0
2025-06-27 00:00:00-05:00,3400.624406099585,3435.1108146099587,3392.417012448133,3413.858502767635,284.2282157676348,0.0
2025-06-28 00:00:00-05:00,3405.0862320290457,3439.6448393029045,3396.8091286307053,3418.40456126556,282.0248962655602,0.0
2025-06-29 00:00:00-05:00,3409.5480579585064,3444.1788639958504,3401.201244813278,3422.9506197634855,279.8215767634855,0.0
2025-06-30 00:00:00-05:00,3414.0098838879667,3448.7128886887967,3405.5933609958506,3427.496678261411,277.6182572614108,0.0
2025-07-01 00:00:00-05:00,3418.4717098174274,3453.2469133817426,3409.985477178423,3432.042736759336,275.4149377593361,0.0
2025-07-02 00:00:00-05:00,3422.933535746888,3457.7809380746885,3414.377593360996,3436.5887952572616,273.21161825726136,0.0
2025-07-03 00:00:00-05:00,3427.395361676349,3462.314962767635,3418.7697095435688,3441.1348537551867,271.00829875518673,0.0
2025-07-04 00:00:00-05:00,3431.8571876058095,3466.848987460581,3423.161825726141,3445.680912253112,268.80497925311204,0.0
2025-07-05 00:00:00-05:00,3436.3190135352697,3471.383012153527,3427.5539419087136,3450.2269707510372,266.60165975103735,0.0
2025-07-06 00:00:00-05:00,3440.7808394647304,3475.917036846473,3431.9460580912864,3454.7730292489628,264.39834024896265,0.0
2025-07-07 00:00:00-05:00,3445.242665394191,3480.4510615394192,3436.338174273859,3459.319087746888,262.19502074688796,0.0
2025-07-08 00:00:00-05:00,3449.7044913236514,3484.985086232365,3440.7302904564317,3463.8651462448133,259.99170124481327,0.0
2025-07-09 00:00:00-05:00,3454.166317253112,3489.519110925311,3445.122406639004,3468.411204742739,257.7883817427386,0.0
2025-07-10 00:00:00-05:00,3458.628143182573,3494.0531356182573,3449.514522821577,3472.957263240664,255.5850622406639,0.0
2025-07-11 00:00:00-05:00,3463.089969112033,3498.587160311203,3453.9066390041494,3477.5033217385894,253.3817427385892,0.0
2025-07-12 00:00:00-05:00,3467.5517950414937,3503.121185004149,3458.298755186722,3482.0493802365145,251.1784232365145,0.0
2025-07-13 00:00:00-05:00,3472.0136209709544,3507.6552096970954,3462.6908713692947,3486.59543873444,248.9751037344398,0.0
2025-07-14 00:00:00-05:00,3476.475446900415,3512.1892343900417,3467.0829875518675,3491.141497232365,246.77178423236512,0.0
2025-07-15 00:00:00-05:00,3480.937272829876,3516.7232590829876,3471.47510373444,3495.6875557302906,244.56846473029043,0.0
2025-07-16 00:00:00-05:00,3485.399098759336,3521.2572837759335,3475.8672199170123,3500.2336142282156,242.36514522821574,0.0
2025-07-17 00:00:00-05:00,3489.860924688797,3525.79130846888,3480.259336099585,3504.779672726141,240.16182572614105,0.0
2025-07-18 00:00:00-05:00,3494.3227506182575,3530.3253331618257,3484.6514522821576,3509.3257312240667,237.95850622406635,0.0
2025-07-19 00:00:00-05:00,3498.7845765477177,3534.8593578547716,3489.0435684647305,3513.8717897219917,235.75518672199166,0.0
2025-07-20 00:00:00-05:00,3503.2464024771784,3539.393382547718,3493.435684647303,3518.417848219917,233.55186721991697,0.0
2025-07-21 00:00:00-05:00,3507.708228406639,3543.927407240664,3497.8278008298757,3522.9639067178423,231.34854771784228,0.0
2025-07-22 00:00:00-05:00,3512.1700543360994,3548.4614319336097,3502.219917012448,3527.509965215768,229.1452282157676,0.0
2025-07-23 00:00:00-05:00,3516.63188026556,3552.995456626556,3506.6120331950206,3532.056023713693,226.9419087136929,0.0
2025-07-24 00:00:00-05:00,3521.093706195021,3557.5294813195023,3511.0041493775934,3536.6020822116184,224.73858921161826,0.0
2025-07-25 00:00:00-05:00,3525.5555321244815,3562.063506012448,3515.3962655601663,3541.1481407095434,222.53526970954357,0.0
2025-07-26 00:00:00-05:00,3530.017358053942,3566.597530705394,3519.7883817427387,3545.694199207469,220.33195020746888,0.0
2025-07-27 00:00:00-05:00,3534.4791839834024,3571.1315553983404,3524.180497925311,3550.2402577053945,218.1286307053942,0.0
2025-07-28 00:00:00-05:00,3538.941009912863,3575.6655800912863,3528.572614107884,3554.7863162033195,215.9253112033195,0.0
2025-07-29 00:00:00-05:00,3543.402835842324,3580.199604784232,3532.9647302904564,3559.3323747012446,213.7219917012448,0.0
2025-07-30 00:00:00-05:00,3547.864661771784,3584.7336294771785,3537.3568464730292,3563.87843319917,211.5186721991701,0.0
2025-07-31 00:00:00-05:00,3552.326487701245,3589.2676541701244,3541.7489626556016,3568.4244916970956,209.31535269709542,0.0
2025-08-01 00:00:00-05:00,3556.7883136307055,3593.8016788630703,3546.1410788381745,3572.9705501950207,207.11203319502073,0.0
2025-08-02 00:00:00-05:00,3561.250139560166,3598.3357035560166,3550.533195020747,3577.516608692946,204.90871369294604,0.0
2025-08-03 00:00:00-05:00,3565.711965489627,3602.8697282489625,3554.9253112033193,3582.0626671908713,202.70539419087135,0.0
2025-08-04 00:00:00-05:00,3570.173791419087,3607.403752941909,3559.317427385892,3586.6087256887968,200.50207468879665,0.0
2025-08-05 00:00:00-05:00,3574.635617348548,3611.9377776348547,3563.709543568465,3591.1547841867223,198.29875518672196,0.0
2025-08-06 00:00:00-05:00,3579.0974432780085,3616.471802327801,3568.1016597510375,3595.7008426846473,196.09543568464727,0.0
2025-08-07 00:00:00-05:00,3583.559269207469,3621.005827020747,3572.49377593361,3600.2469011825724,193.89211618257258,0.0
2025-08-08 00:00:00-05:00,3588.0210951369295,3625.5398517136928,3576.8858921161827,3604.792959680498,191.6887966804979,0.0
2025-08-09 00:00:00-05:00,3592.48292106639,3630.073876406639,3581.278008298755,3609.3390181784234,189.4854771784232,0.0
2025-08-10 00:00:00-05:00,3596.9447469958504,3634.607901099585,3585.670124481328,3613.8850766763485,187.2821576763485,0.0
2025-08-11 00:00:00-05:00,3601.406572925311,3639.141925792531,3590.0622406639004,3618.431135174274,185.0788381742738,0.0
2025-08-12 00:00:00-05:00,3605.868398854772,3643.675950485477,3594.4543568464733,3622.977193672199,182.87551867219912,0.0
2025-08-13 00:00:00-05:00,3610.3302247842325,3648.209975178423,3598.8464730290457,3627.5232521701246,180.67219917012443,0.0
2025-08-14 00:00:00-05:00,3614.7920507136932,3652.7439998713694,3603.238589211618,3632.06931066805,178.4688796680498,0.0
2025-08-15 00:00:00-05:00,3619.2538766431535,3657.2780245643153,3607.630705394191,3636.615369165975,176.2655601659751,0.0
2025-08-16 00:00:00-05:00,3623.715702572614,3661.8120492572616,3612.022821576764,3641.1614276639,174.0622406639004,0.0
2025-08-17 00:00:00-05:00,3628.177528502075,3666.3460739502075,3616.414937759336,3645.7074861618257,171.85892116182572,0.0
2025-08-18 00:00:00-05:00,3632.639354431535,3670.8800986431534,3620.8070539419086,3650.2535446597512,169.65560165975103,0.0
2025-08-19 00:00:00-05:00,3637.101180360996,3675.4141233360997,3625.1991701244815,3654.7996031576763,167.45228215767634,0.0
2025-08-20 00:00:00-05:00,3641.5630062904565,3679.9481480290456,3629.591286307054,3659.345661655602,165.24896265560164,0.0
2025-08-21 00:00:00-05:00,3646.0248322199172,3684.4821727219914,3633.9834024896268,3663.891720153527,163.04564315352695,0.0
2025-08-22 00:00:00-05:00,3650.486658149378,3689.016197414938,3638.375518672199,3668.4377786514524,160.84232365145226,0.0
2025-08-23 00:00:00-05:00,3654.948484078838,3693.5502221078837,3642.767634854772,3672.983837149378,158.63900414937757,0.0
2025-08-24 00:00:00-05:00,3659.410310008299,3698.08424680083,3647.1597510373444,3677.529895647303,156.43568464730288,0.0
2025-08-25 00:00:00-05:00,3663.8721359377596,3702.618271493776,3651.551867219917,3682.075954145228,154.2323651452282,0.0
2025-08-26 00:00:00-05:00,3668.33396186722,3707.152296186722,3655.9439834024897,3686.6220126431535,152.0290456431535,0.0
2025-08-27 00:00:00-05:00,3672.7957877966805,3711.686320879668,3660.3360995850626,3691.168071141079,149.8257261410788,0.0
2025-08-28 00:00:00-05:00,3677.2576137261412,3716.220345572614,3664.728215767635,3695.714129639004,147.6224066390041,0.0
2025-08-29 00:00:00-05:00,3681.7194396556015,3720.7543702655603,3669.1203319502074,3700.2601881369296,145.41908713692942,0.0
2025-08-30 00:00:00-05:00,3686.181265585062,3725.288394958506,3673.5124481327803,3704.8062466348547,143.21576763485473,0.0
2025-08-31 00:00:00-05:00,3690.643091514523,3729.822419651452,3677.9045643153527,3709.35230513278,141.01244813278004,0.0
2025-09-01 00:00:00-05:00,3695.1049174439836,3734.3564443443984,3682.2966804979255,3713.8983636307057,138.80912863070535,0.0
2025-09-02 00:00:00-05:00,3699.5667433734443,3738.8904690373442,3686.688796680498,3718.444422128631,136.60580912863065,0.0
2025-09-03 00:00:00-05:00,3704.0285693029045,3743.4244937302906,3691.080912863071,3722.990480626556,134.40248962655596,0.0
2025-09-04 00:00:00-05:00,3708.4903952323652,3747.9585184232365,3695.473029045643,3727.5365391244814,132.19917012448127,0.0
2025-09-05 00:00:00-05:00,3712.952221161826,3752.492543116183,3699.8651452282156,3732.082597622407,129.99585062240664,0.0
2025-09-06 00:00:00-05:00,3717.414047091286,3757.0265678091287,3704.2572614107885,3736.628656120332,127.79253112033194,0.0
2025-09-07 00:00:00-05:00,3721.875873020747,3761.5605925020745,3708.6493775933614,3741.1747146182574,125.58921161825725,0.0
2025-09-08 00:00:00-05:00,3726.3376989502076,3766.094617195021,3713.0414937759338,3745.7207731161825,123.38589211618256,0.0
2025-09-09 00:00:00-05:00,3730.799524879668,3770.6286418879668,3717.433609958506,3750.266831614108,121.18257261410787,0.0
2025-09-10 00:00:00-05:00,3735.2613508091285,3775.1626665809126,3721.825726141079,3754.812890112033,118.97925311203318,0.0
2025-09-11 00:00:00-05:00,3739.7231767385892,3779.696691273859,3726.2178423236514,3759.3589486099586,116.77593360995849,0.0
2025-09-12 00:00:00-05:00,3744.18500266805,3784.230715966805,3730.6099585062243,3763.9050071078836,114.5726141078838,0.0
2025-09-13 00:00:00-05:00,3748.6468285975106,3788.764740659751,3735.0020746887967,3768.451065605809,112.3692946058091,0.0
2025-09-14 00:00:00-05:00,3753.108654526971,3793.298765352697,3739.3941908713696,3772.9971241037347,110.16597510373441,0.0
2025-09-15 00:00:00-05:00,3757.5704804564316,3797.8327900456434,3743.786307053942,3777.54318260166,107.96265560165972,0.0
2025-09-16 00:00:00-05:00,3762.0323063858923,3802.3668147385893,3748.1784232365144,3782.0892410995853,105.75933609958503,0.0
2025-09-17 00:00:00-05:00,3766.494132315353,3806.900839431535,3752.5705394190873,3786.6352995975103,103.55601659751034,0.0
2025-09-18 00:00:00-05:00,3770.9559582448137,3811.434864124481,3756.96265560166,3791.181358095436,101.35269709543564,0.0
2025-09-19 00:00:00-05:00,3775.417784174274,3815.968888817427,3761.3547717842325,3795.727416593361,99.14937759336095,0.0
2025-09-20 00:00:00-05:00,3779.8796101037346,3820.502913510373,3765.746887966805,3800.273475091286,96.94605809128626,0.0
2025-09-21 00:00:00-05:00,3784.3414360331954,3825.0369382033196,3770.1390041493783,3804.8195335892115,94.74273858921157,0.0
2025-09-22 00:00:00-05:00,3788.803261962656,3829.570962896266,3774.5311203319498,3809.3655920871374,92.53941908713688,0.0
2025-09-23 00:00:00-05:00,3793.2650878921168,3834.1049875892118,3778.923236514523,3813.9116505850625,90.33609958506219,0.0
2025-09-24 00:00:00-05:00,3797.726913821577,3838.6390122821576,3783.3153526970955,3818.457709082987,88.1327800829875,0.0
2025-09-25 00:00:00-05:00,3802.1887397510372,3843.1730369751035,3787.7074688796683,3823.003767580913,85.9294605809128,0.0
2025-09-26 00:00:00-05:00,3806.6505656804975,3847.7070616680494,3792.0995850622407,3827.5498260788386,83.72614107883817,0.0
2025-09-27 00:00:00-05:00,3811.112391609958,3852.2410863609957,3796.491701244813,3832.0958845767636,81.52282157676348,0.0
2025-09-28 00:00:00-05:00,3815.574217539419,3856.7751110539416,3800.8838174273856,3836.6419430746887,79.31950207468878,0.0
2025-09-29 00:00:00-05:00,3820.0360434688796,3861.3091357468875,3805.275933609959,3841.188001572614,77.1161825726141,0.0
2025-09-30 00:00:00-05:00,3824.4978693983403,3865.8431604398343,3809.6680497925313,3845.7340600705393,74.9128630705394,0.0
2025-10-01 00:00:00-05:00,3828.9596953278015,3870.37718513278,3814.0601659751037,3850.280118568465,72.70954356846471,0.0
2025-10-02 00:00:00-05:00,3833.4215212572612,3874.911209825726,3818.4522821576766,3854.82617706639,70.50622406639002,0.0
2025-10-03 00:00:00-05:00,3837.883347186722,3879.445234518672,3822.844398340249,3859.372235564316,68.30290456431533,0.0
2025-10-04 00:00:00-05:00,3842.3451731161827,3883.9792592116182,3827.2365145228223,3863.9182940622404,66.09958506224064,0.0
2025-10-05 00:00:00-05:00,3846.8069990456434,3888.5132839045646,3831.628630705394,3868.4643525601664,63.89626556016594,0.0
2025-10-06 00:00:00-05:00,3851.2688249751036,3893.047308597511,3836.020746887967,3873.0104110580914,61.69294605809125,0.0
2025-10-07 00:00:00-05:00,3855.7306509045643,3897.5813332904568,3840.4128630705395,3877.556469556016,59.48962655601656,0.0
2025-10-08 00:00:00-05:00,3860.192476834025,3902.1153579834026,3844.804979253112,3882.102528053942,57.28630705394187,0.0
2025-10-09 00:00:00-05:00,3864.6543027634857,3906.6493826763485,3849.197095435685,3886.648586551867,55.08298755186718,0.0
2025-10-10 00:00:00-05:00,3869.1161286929464,3911.1834073692944,3853.589211618257,3891.1946450497926,52.879668049792485,0.0
2025-10-11 00:00:00-05:00,3873.5779546224067,3915.7174320622407,3857.9813278008305,3895.7407035477177,50.676348547717794,0.0
2025-10-12 00:00:00-05:00,3878.0397805518674,3920.2514567551866,3862.373443983402,3900.286762045643,48.4730290456431,0.0
2025-10-13 00:00:00-05:00,3882.501606481328,3924.7854814481325,3866.7655601659753,3904.832820543569,46.26970954356841,0.0
2025-10-14 00:00:00-05:00,3886.9634324107888,3929.3195061410793,3871.1576763485477,3909.3788790414937,44.06639004149372,0.0
2025-10-15 00:00:00-05:00,3891.4252583402495,3933.8535308340242,3875.54979253112,3913.924937539419,41.86307053941903,0.0
2025-10-16 00:00:00-05:00,3895.8870842697097,3938.387555526971,3879.941908713693,3918.470996037345,39.659751037344336,0.0
2025-10-17 00:00:00-05:00,3900.34891019917,3942.921580219917,3884.3340248962654,3923.0170545352694,37.456431535269644,0.0
2025-10-18 00:00:00-05:00,3904.81073612863,3947.4556049128632,3888.726141078838,3927.5631130331953,35.25311203319501,0.0
2025-10-19 00:00:00-05:00,3909.272562058092,3951.989629605809,3893.118257261411,3932.109171531121,33.04979253112032,0.0
2025-10-20 00:00:00-05:00,3913.7343879875516,3956.523654298755,3897.5103734439836,3936.655230029046,30.846473029045626,0.0
2025-10-21 00:00:00-05:00,3918.1962139170123,3961.057678991702,3901.902489626556,3941.201288526971,28.643153526970934,0.0
2025-10-22 00:00:00-05:00,3922.6580398464735,3965.5917036846467,3906.2946058091284,3945.7473470248965,26.439834024896243,0.0
2025-10-23 00:00:00-05:00,3927.1198657759332,3970.1257283775935,3910.6867219917012,3950.2934055228216,24.23651452282155,0.0
2025-10-24 00:00:00-05:00,3931.581691705394,3974.6597530705394,3915.078838174274,3954.8394640207466,22.03319502074686,0.0
2025-10-25 00:00:00-05:00,3936.0435176348547,3979.1937777634857,3919.470954356847,3959.385522518672,19.829875518672168,0.0
2025-10-26 00:00:00-05:00,3940.5053435643154,3983.7278024564316,3923.8630705394194,3963.931581016598,17.62655601659742,0.0
2025-10-27 00:00:00-05:00,3944.967169493776,3988.2618271493775,3928.255186721992,3968.4776395145227,15.423236514522728,0.0
2025-10-28 00:00:00-05:00,3949.4289954232363,3992.7958518423234,3932.647302904564,3973.0236980124478,13.21991701244815,0.0
2025-10-29 00:00:00-05:00,3953.890821352697,3997.3298765352692,3937.0394190871366,3977.5697565103737,11.016597510373458,0.0
2025-10-30 00:00:00-05:00,3958.3526472821577,4001.863901228216,3941.4315352697095,3982.1158150082983,8.813278008298767,0.0
2025-10-31 00:00:00-05:00,3962.8144732116184,4006.397925921162,3945.8236514522823,3986.6618735062243,6.609958506224075,0.0
2025-11-01 00:00:00-05:00,3967.276299141079,4010.9319506141082,3950.215767634855,3991.2079320041494,4.406639004149383,0.0
2025-11-02 00:00:00-05:00,3974.445759884647,4009.639150768465,3947.4094409809127,3984.32475920249,2.2033195020746916,0.0
2025-11-03 00:00:00-05:00,3967.8628456423235,4005.059565584232,3944.2246910904564,3983.052394301245,0.0,0.0
2025-11-04 00:00:00-05:00,3975.207585814108,4004.3731754614105,3950.1615179634855,3980.7907883004154,657.0,0.0
2025-11-05 00:00:00-05:00,3977.0199706,4001.1599608000006,3955.3999510000003,3981.5199706,559.0,0.0
2025-11-06 00:00:00-05:00,3983.219986933333,4004.5332680666666,3965.0399575333336,3988.8332680666667,650.0,0.0
2025-11-07 00:00:00-05:00,3991.1,4020.3199218,3986.2799803999997,4014.159912,245.0,0.0
2025-11-08 00:00:00-05:00,4017.1200196,4045.9798828,4012.3,4040.4598631999993,226.33333333333334,0.0
2025-11-09 00:00:00-05:00,4044.3400391999994,4072.4999024,4037.6799805999995,4065.8398437999995,207.66666666666666,0.0
2025-11-10 00:00:00-05:00,4071.300049,4113.499902400001,4062.0999511999994,4106.8398437999995,189.0,0.0
2025-11-11 00:00:00-05:00,4115.600081466667,4151.866634133333,4093.399983666667,4136.846516933334,569.0,0.0
2025-11-12 00:00:00-05:00,4148.4201172,4176.5799804,4096.0799804,4139.4999024,396.0,0.0
2025-11-13 00:00:00-05:00,4167.446809866667,4187.240006333333,4091.639973866667,4133.373291066667,167.0,0.0
2025-11-14 00:00:00-05:00,4161.9401366,4185.6799802000005,4075.9999998,4126.9600098,483.0,0.0
2025-11-15 00:00:00-05:00,4152.820117,4164.6999998,4059.2999998,4099.7400392,839.3333333333333,0.0
2025-11-16 00:00:00-05:00,4114.5600584,4131.6399412,4033.6799803999993,4074.6200685999997,1195.6666666666665,0.0
2025-11-17 00:00:00-05:00,4092.2400389999993,4116.5999998,4038.6799803999993,4072.6400391999996,1552.0,0.0
2025-11-18 00:00:00-05:00,4070.213346333333,4101.659993266667,4039.1599771333335,4067.7066895333337,1375.0,0.0
2025-11-19 00:00:00-05:00,4054.0600098000004,4092.2399899999996,4039.8,4068.1,486.0,0.0
2025-11-20 00:00:00-05:00,4048.3333496666664,4089.8266436,4044.193359466666,4070.7933104666663,202.0,0.0
2025-11-21 00:00:00-05:00,4051.0400391999997,4095.079980199999,4047.2600098000003,4075.8999510000003,171.0,0.0
2025-11-22 00:00:00-05:00,4045.9200195999997,4088.9199216,4044.9600098,4078.7399412,311.0,0.0
2025-11-23 00:00:00-05:00,4064.7600586,4098.6799802000005,4064.7600586,4095.2799802,451.0,0.0
2025-11-24 00:00:00-05:00,4084.1200684000005,4115.83999,4083.9000488000006,4112.980029,591.0,0.0
2025-11-25 00:00:00-05:00,4105.046728533333,4137.843326600001,4102.376708933333,4134.976708733334,34637.1,0.0
2025-11-26 00:00:00-05:00,4127.540039,4164.689990000001,4120.190039,4161.2700194,25088.0,0.0
2025-11-27 00:00:00-05:00,4151.793359266667,4193.636669733334,4141.0833658,4187.95,14351.5,0.0
2025-11-28 00:00:00-05:00,4163.9799804,4215.6699706,4151.2299804,4206.569922,3615.0,0.0
2025-11-29 00:00:00-05:00,4181.959960800001,4233.8899902,4168.709960800001,4221.389843999999,2714.3333333333335,0.0
2025-11-30 00:00:00-05:00,4198.8599608,4240.5,4175.3599608,4220.3598636,1813.6666666666667,0.0
2025-12-01 00:00:00-05:00,4209.3200194,4242.5400392,4186.4999998,4216.5598635999995,913.0,0.0
2025-12-02 00:00:00-05:00,4215.166699133333,4237.573340066667,4188.506673,4213.8598636,366.0,0.0
2025-12-03 00:00:00-05:00,4215.9600586,4238.8400392,4189.4200194,4209.979882999999,1897.0,0.0
2025-12-04 00:00:00-05:00,4213.173405,4234.9000326000005,4184.073372333333,4202.9865886,616.0,0.0
2025-12-05 00:00:00-05:00,4208.0800782,4234.6200196,4187.040039,4204.8199218,533.0,0.0
2025-12-06 00:00:00-05:00,4206.040039199999,4230.959961,4183.0,4202.3999998,461.3333333333333,0.0
2025-12-07 00:00:00-05:00,4201.9800782,4232.540039,4183.540039,4201.3800777999995,389.66666666666663,0.0
2025-12-08 00:00:00-05:00,4202.9600586,4228.3,4181.3600586,4198.0800778,318.0,0.0
2025-12-09 00:00:00-05:00,4206.8467122,4237.199967400001,4186.586686266666,4214.3134112,660.0,0.0
2025-12-10 00:00:00-05:00,4221.1200194,4262.379980399999,4202.2200196,4235.180077999999,692.0,0.0
2025-12-11 00:00:00-05:00,4237.42666,4289.833365733333,4221.3133464,4258.200065066666,528.0,0.0
2025-12-12 00:00:00-05:00,4258.819921799999,4316.120019399999,4242.159960999999,4277.7600586,1531.0,0.0
2025-12-13 00:00:00-05:00,4278.6798828,4339.0600584,4264.0199218,4299.8201172,1305.3333333333333,0.0
2025-12-14 00:00:00-05:00,4287.9798828,4345.960058400001,4275.2599608,4303.6201172,1079.6666666666667,0.0
2025-12-15 00:00:00-05:00,4294.3999024,4345.2400388,4284.959960800001,4313.1000976000005,854.0,0.0
2025-12-16 00:00:00-05:00,4303.1932618,4344.246712066667,4296.4066729999995,4320.5400715333335,1796.0,0.0
2025-12-17 00:00:00-05:00,4313.6799806,4346.2999998,4310.040039,4331.9200194000005,2169.0,0.0
2025-12-18 00:00:00-05:00,4323.4400392,4354.486620933333,4322.8800782,4348.406640533333,705.0,0.0
2025-12-19 00:00:00-05:00,4342.1600588,4373.9799803999995,4341.600097799999,4370.8799804,1065.0,0.0
2025-12-20 00:00:00-05:00,4354.6800784,4393.2200196,4354.1201174,4390.3,859.6666666666666,0.0
2025-12-21 00:00:00-05:00,4389.140039399999,4424.359961,4378.5600588,4418.959961,654.3333333333333,0.0
2025-12-22 00:00:00-05:00,4419.2600588000005,4452.759961,4402.220019599999,4442.8000002,449.0,0.0
2025-12-23 00:00:00-05:00,4449.1100587,4480.703271566666,4427.8399902,4465.943359666667,694.0,0.0
2025-12-24 00:00:00-05:00,4478.6900391,4508.189892699999,4455.4199706,4488.390039399999,500.0,0.0
2025-12-25 00:00:00-05:00,4497.503352833333,4518.1098471,4469.8066242,4491.6900393999995,381.5,0.0
2025-12-26 00:00:00-05:00,4480.5100585,4504.9698731,4456.539990200001,4473.7500979999995,263.0,0.0
2025-12-27 00:00:00-05:00,4454.670019499999,4480.0898927,4427.8800294,4442.650098,856.6666666666666,0.0
2025-12-28 00:00:00-05:00,4422.6799804,4454.8399416,4398.4400392,4415.700097999999,1450.3333333333333,0.0
2025-12-29 00:00:00-05:00,4422.6799804,4454.8399416,4398.4400392,4415.700097999999,2044.0,0.0
2025-12-30 00:00:00-05:00,4422.6799804,4454.8399416,4398.4400392,4415.700097999999,1837.0,0.0
